ISO-10303-21;
HEADER;
FILE_DESCRIPTION(('Open CASCADE Model'),'2;1');
FILE_NAME('Open CASCADE Shape Model','2026-08-07T15:51:33',('Author'),(
    'Open CASCADE'),'Open CASCADE STEP processor 7.9','build123d',
  'Unknown');
FILE_SCHEMA(('AUTOMOTIVE_DESIGN { 1 0 10303 214 1 1 1 1 }'));
ENDSEC;
DATA;
#1 = APPLICATION_PROTOCOL_DEFINITION('international standard',
  'automotive_design',2000,#2);
#2 = APPLICATION_CONTEXT(
  'core data for automotive mechanical design processes');
#3 = SHAPE_DEFINITION_REPRESENTATION(#4,#10);
#4 = PRODUCT_DEFINITION_SHAPE('','',#5);
#5 = PRODUCT_DEFINITION('design','',#6,#9);
#6 = PRODUCT_DEFINITION_FORMATION('','',#7);
#7 = PRODUCT('COMPOUND','COMPOUND','',(#8));
#8 = PRODUCT_CONTEXT('',#2,'mechanical');
#9 = PRODUCT_DEFINITION_CONTEXT('part definition',#2,'design');
#10 = ADVANCED_BREP_SHAPE_REPRESENTATION('',(#11,#15),#13610);
#11 = AXIS2_PLACEMENT_3D('',#12,#13,#14);
#12 = CARTESIAN_POINT('',(0.,0.,0.));
#13 = DIRECTION('',(0.,0.,1.));
#14 = DIRECTION('',(1.,0.,-0.));
#15 = MANIFOLD_SOLID_BREP('',#16);
#16 = CLOSED_SHELL('',(#17,#137,#220,#297,#569,#619,#676,#730,#787,#931,
    #1006,#1479,#1529,#1806,#1856,#2081,#2182,#2302,#2327,#2406,#2431,
    #2479,#2504,#2531,#3197,#3266,#3313,#3360,#3385,#3454,#3501,#3548,
    #3573,#3642,#3689,#3736,#3761,#3830,#3877,#3924,#3949,#4020,#4046,
    #4072,#4079,#4150,#4176,#4203,#4209,#4256,#4301,#4368,#4375,#4429,
    #4483,#4589,#4596,#4726,#4929,#4997,#5153,#5202,#5375,#5424,#5612,
    #5661,#5824,#5873,#5923,#5996,#6046,#6344,#6446,#6634,#6683,#6824,
    #7002,#7051,#7146,#8184,#8241,#8296,#8343,#8370,#8397,#8404,#8431,
    #8504,#8557,#8604,#8629,#8656,#8683,#8710,#8737,#8744,#8821,#8982,
    #9170,#9219,#9380,#9541,#9568,#9595,#9622,#9649,#9656,#9663,#9690,
    #9697,#9800,#9903,#9979,#10028,#10077,#10104,#10180,#10229,#10278,
    #10305,#10520,#10569,#10732,#10759,#10835,#10884,#10933,#10960,
    #11034,#11083,#11130,#11414,#11463,#11626,#11693,#11742,#11791,
    #11840,#11867,#11897,#11927,#12001,#12081,#12134,#12184,#12232,
    #12312,#12365,#12415,#12485,#12537,#12617,#12670,#12720,#12768,
    #12848,#12898,#12951,#12999,#13072,#13145,#13152,#13159,#13186,
    #13213,#13240,#13267,#13294,#13301,#13308,#13315,#13342,#13369,
    #13396,#13423,#13450,#13457,#13466,#13494,#13502,#13531,#13538,
    #13566,#13574,#13603));
#17 = ADVANCED_FACE('',(#18),#32,.T.);
#18 = FACE_BOUND('',#19,.T.);
#19 = EDGE_LOOP('',(#20,#55,#83,#111));
#20 = ORIENTED_EDGE('',*,*,#21,.F.);
#21 = EDGE_CURVE('',#22,#24,#26,.T.);
#22 = VERTEX_POINT('',#23);
#23 = CARTESIAN_POINT('',(-20.75,21.15,-0.4));
#24 = VERTEX_POINT('',#25);
#25 = CARTESIAN_POINT('',(-20.75,21.15,3.55));
#26 = SURFACE_CURVE('',#27,(#31,#43),.PCURVE_S1.);
#27 = LINE('',#28,#29);
#28 = CARTESIAN_POINT('',(-20.75,21.15,-2.));
#29 = VECTOR('',#30,1.);
#30 = DIRECTION('',(0.,0.,1.));
#31 = PCURVE('',#32,#37);
#32 = PLANE('',#33);
#33 = AXIS2_PLACEMENT_3D('',#34,#35,#36);
#34 = CARTESIAN_POINT('',(-20.75,-15.75,-2.));
#35 = DIRECTION('',(-1.,0.,0.));
#36 = DIRECTION('',(0.,1.,0.));
#37 = DEFINITIONAL_REPRESENTATION('',(#38),#42);
#38 = LINE('',#39,#40);
#39 = CARTESIAN_POINT('',(36.9,0.));
#40 = VECTOR('',#41,1.);
#41 = DIRECTION('',(0.,-1.));
#42 = ( GEOMETRIC_REPRESENTATION_CONTEXT(2) 
PARAMETRIC_REPRESENTATION_CONTEXT() REPRESENTATION_CONTEXT('2D SPACE',''
  ) );
#43 = PCURVE('',#44,#49);
#44 = CYLINDRICAL_SURFACE('',#45,8.);
#45 = AXIS2_PLACEMENT_3D('',#46,#47,#48);
#46 = CARTESIAN_POINT('',(-12.75,21.15,-2.));
#47 = DIRECTION('',(-0.,-0.,-1.));
#48 = DIRECTION('',(1.,0.,0.));
#49 = DEFINITIONAL_REPRESENTATION('',(#50),#54);
#50 = LINE('',#51,#52);
#51 = CARTESIAN_POINT('',(-3.14159265359,0.));
#52 = VECTOR('',#53,1.);
#53 = DIRECTION('',(-0.,-1.));
#54 = ( GEOMETRIC_REPRESENTATION_CONTEXT(2) 
PARAMETRIC_REPRESENTATION_CONTEXT() REPRESENTATION_CONTEXT('2D SPACE',''
  ) );
#55 = ORIENTED_EDGE('',*,*,#56,.F.);
#56 = EDGE_CURVE('',#57,#22,#59,.T.);
#57 = VERTEX_POINT('',#58);
#58 = CARTESIAN_POINT('',(-20.75,-15.75,-0.4));
#59 = SURFACE_CURVE('',#60,(#64,#71),.PCURVE_S1.);
#60 = LINE('',#61,#62);
#61 = CARTESIAN_POINT('',(-20.75,-15.75,-0.4));
#62 = VECTOR('',#63,1.);
#63 = DIRECTION('',(0.,1.,0.));
#64 = PCURVE('',#32,#65);
#65 = DEFINITIONAL_REPRESENTATION('',(#66),#70);
#66 = LINE('',#67,#68);
#67 = CARTESIAN_POINT('',(0.,-1.6));
#68 = VECTOR('',#69,1.);
#69 = DIRECTION('',(1.,0.));
#70 = ( GEOMETRIC_REPRESENTATION_CONTEXT(2) 
PARAMETRIC_REPRESENTATION_CONTEXT() REPRESENTATION_CONTEXT('2D SPACE',''
  ) );
#71 = PCURVE('',#72,#77);
#72 = PLANE('',#73);
#73 = AXIS2_PLACEMENT_3D('',#74,#75,#76);
#74 = CARTESIAN_POINT('',(-19.95,-15.75,-1.2));
#75 = DIRECTION('',(0.707106781187,2.845724904161E-17,0.707106781187));
#76 = DIRECTION('',(2.012231377123E-17,-1.,2.012231377123E-17));
#77 = DEFINITIONAL_REPRESENTATION('',(#78),#82);
#78 = LINE('',#79,#80);
#79 = CARTESIAN_POINT('',(-0.,-1.131370849898));
#80 = VECTOR('',#81,1.);
#81 = DIRECTION('',(-1.,0.));
#82 = ( GEOMETRIC_REPRESENTATION_CONTEXT(2) 
PARAMETRIC_REPRESENTATION_CONTEXT() REPRESENTATION_CONTEXT('2D SPACE',''
  ) );
#83 = ORIENTED_EDGE('',*,*,#84,.T.);
#84 = EDGE_CURVE('',#57,#85,#87,.T.);
#85 = VERTEX_POINT('',#86);
#86 = CARTESIAN_POINT('',(-20.75,-15.75,3.55));
#87 = SURFACE_CURVE('',#88,(#92,#99),.PCURVE_S1.);
#88 = LINE('',#89,#90);
#89 = CARTESIAN_POINT('',(-20.75,-15.75,-2.));
#90 = VECTOR('',#91,1.);
#91 = DIRECTION('',(0.,0.,1.));
#92 = PCURVE('',#32,#93);
#93 = DEFINITIONAL_REPRESENTATION('',(#94),#98);
#94 = LINE('',#95,#96);
#95 = CARTESIAN_POINT('',(0.,0.));
#96 = VECTOR('',#97,1.);
#97 = DIRECTION('',(0.,-1.));
#98 = ( GEOMETRIC_REPRESENTATION_CONTEXT(2) 
PARAMETRIC_REPRESENTATION_CONTEXT() REPRESENTATION_CONTEXT('2D SPACE',''
  ) );
#99 = PCURVE('',#100,#105);
#100 = CYLINDRICAL_SURFACE('',#101,8.);
#101 = AXIS2_PLACEMENT_3D('',#102,#103,#104);
#102 = CARTESIAN_POINT('',(-12.75,-15.75,-2.));
#103 = DIRECTION('',(-0.,-0.,-1.));
#104 = DIRECTION('',(1.,0.,0.));
#105 = DEFINITIONAL_REPRESENTATION('',(#106),#110);
#106 = LINE('',#107,#108);
#107 = CARTESIAN_POINT('',(-3.14159265359,0.));
#108 = VECTOR('',#109,1.);
#109 = DIRECTION('',(-0.,-1.));
#110 = ( GEOMETRIC_REPRESENTATION_CONTEXT(2) 
PARAMETRIC_REPRESENTATION_CONTEXT() REPRESENTATION_CONTEXT('2D SPACE',''
  ) );
#111 = ORIENTED_EDGE('',*,*,#112,.T.);
#112 = EDGE_CURVE('',#85,#24,#113,.T.);
#113 = SURFACE_CURVE('',#114,(#118,#125),.PCURVE_S1.);
#114 = LINE('',#115,#116);
#115 = CARTESIAN_POINT('',(-20.75,2.7,3.55));
#116 = VECTOR('',#117,1.);
#117 = DIRECTION('',(0.,1.,0.));
#118 = PCURVE('',#32,#119);
#119 = DEFINITIONAL_REPRESENTATION('',(#120),#124);
#120 = LINE('',#121,#122);
#121 = CARTESIAN_POINT('',(18.45,-5.55));
#122 = VECTOR('',#123,1.);
#123 = DIRECTION('',(1.,0.));
#124 = ( GEOMETRIC_REPRESENTATION_CONTEXT(2) 
PARAMETRIC_REPRESENTATION_CONTEXT() REPRESENTATION_CONTEXT('2D SPACE',''
  ) );
#125 = PCURVE('',#126,#131);
#126 = PLANE('',#127);
#127 = AXIS2_PLACEMENT_3D('',#128,#129,#130);
#128 = CARTESIAN_POINT('',(-2.368681049855E-08,2.7,3.55));
#129 = DIRECTION('',(0.,0.,1.));
#130 = DIRECTION('',(1.,0.,0.));
#131 = DEFINITIONAL_REPRESENTATION('',(#132),#136);
#132 = LINE('',#133,#134);
#133 = CARTESIAN_POINT('',(-20.74999997631,-5.293646155959E-16));
#134 = VECTOR('',#135,1.);
#135 = DIRECTION('',(0.,1.));
#136 = ( GEOMETRIC_REPRESENTATION_CONTEXT(2) 
PARAMETRIC_REPRESENTATION_CONTEXT() REPRESENTATION_CONTEXT('2D SPACE',''
  ) );
#137 = ADVANCED_FACE('',(#138),#44,.T.);
#138 = FACE_BOUND('',#139,.F.);
#139 = EDGE_LOOP('',(#140,#141,#170,#198));
#140 = ORIENTED_EDGE('',*,*,#21,.F.);
#141 = ORIENTED_EDGE('',*,*,#142,.T.);
#142 = EDGE_CURVE('',#22,#143,#145,.T.);
#143 = VERTEX_POINT('',#144);
#144 = CARTESIAN_POINT('',(-12.75,29.15,-0.4));
#145 = SURFACE_CURVE('',#146,(#151,#158),.PCURVE_S1.);
#146 = CIRCLE('',#147,8.);
#147 = AXIS2_PLACEMENT_3D('',#148,#149,#150);
#148 = CARTESIAN_POINT('',(-12.75,21.15,-0.4));
#149 = DIRECTION('',(-0.,0.,-1.));
#150 = DIRECTION('',(-1.,0.,0.));
#151 = PCURVE('',#44,#152);
#152 = DEFINITIONAL_REPRESENTATION('',(#153),#157);
#153 = LINE('',#154,#155);
#154 = CARTESIAN_POINT('',(-3.14159265359,-1.6));
#155 = VECTOR('',#156,1.);
#156 = DIRECTION('',(1.,-0.));
#157 = ( GEOMETRIC_REPRESENTATION_CONTEXT(2) 
PARAMETRIC_REPRESENTATION_CONTEXT() REPRESENTATION_CONTEXT('2D SPACE',''
  ) );
#158 = PCURVE('',#159,#164);
#159 = CONICAL_SURFACE('',#160,8.,0.785398163397);
#160 = AXIS2_PLACEMENT_3D('',#161,#162,#163);
#161 = CARTESIAN_POINT('',(-12.75,21.15,-0.4));
#162 = DIRECTION('',(0.,0.,1.));
#163 = DIRECTION('',(-1.,0.,0.));
#164 = DEFINITIONAL_REPRESENTATION('',(#165),#169);
#165 = LINE('',#166,#167);
#166 = CARTESIAN_POINT('',(-0.,-0.));
#167 = VECTOR('',#168,1.);
#168 = DIRECTION('',(-1.,-0.));
#169 = ( GEOMETRIC_REPRESENTATION_CONTEXT(2) 
PARAMETRIC_REPRESENTATION_CONTEXT() REPRESENTATION_CONTEXT('2D SPACE',''
  ) );
#170 = ORIENTED_EDGE('',*,*,#171,.T.);
#171 = EDGE_CURVE('',#143,#172,#174,.T.);
#172 = VERTEX_POINT('',#173);
#173 = CARTESIAN_POINT('',(-12.75,29.15,3.55));
#174 = SURFACE_CURVE('',#175,(#179,#186),.PCURVE_S1.);
#175 = LINE('',#176,#177);
#176 = CARTESIAN_POINT('',(-12.75,29.15,-2.));
#177 = VECTOR('',#178,1.);
#178 = DIRECTION('',(0.,0.,1.));
#179 = PCURVE('',#44,#180);
#180 = DEFINITIONAL_REPRESENTATION('',(#181),#185);
#181 = LINE('',#182,#183);
#182 = CARTESIAN_POINT('',(-1.570796326795,0.));
#183 = VECTOR('',#184,1.);
#184 = DIRECTION('',(-0.,-1.));
#185 = ( GEOMETRIC_REPRESENTATION_CONTEXT(2) 
PARAMETRIC_REPRESENTATION_CONTEXT() REPRESENTATION_CONTEXT('2D SPACE',''
  ) );
#186 = PCURVE('',#187,#192);
#187 = PLANE('',#188);
#188 = AXIS2_PLACEMENT_3D('',#189,#190,#191);
#189 = CARTESIAN_POINT('',(-12.75,29.15,-2.));
#190 = DIRECTION('',(0.,1.,0.));
#191 = DIRECTION('',(1.,0.,0.));
#192 = DEFINITIONAL_REPRESENTATION('',(#193),#197);
#193 = LINE('',#194,#195);
#194 = CARTESIAN_POINT('',(3.552713678801E-15,0.));
#195 = VECTOR('',#196,1.);
#196 = DIRECTION('',(0.,-1.));
#197 = ( GEOMETRIC_REPRESENTATION_CONTEXT(2) 
PARAMETRIC_REPRESENTATION_CONTEXT() REPRESENTATION_CONTEXT('2D SPACE',''
  ) );
#198 = ORIENTED_EDGE('',*,*,#199,.T.);
#199 = EDGE_CURVE('',#172,#24,#200,.T.);
#200 = SURFACE_CURVE('',#201,(#206,#213),.PCURVE_S1.);
#201 = CIRCLE('',#202,8.);
#202 = AXIS2_PLACEMENT_3D('',#203,#204,#205);
#203 = CARTESIAN_POINT('',(-12.75,21.15,3.55));
#204 = DIRECTION('',(0.,0.,1.));
#205 = DIRECTION('',(1.,0.,0.));
#206 = PCURVE('',#44,#207);
#207 = DEFINITIONAL_REPRESENTATION('',(#208),#212);
#208 = LINE('',#209,#210);
#209 = CARTESIAN_POINT('',(-0.,-5.55));
#210 = VECTOR('',#211,1.);
#211 = DIRECTION('',(-1.,0.));
#212 = ( GEOMETRIC_REPRESENTATION_CONTEXT(2) 
PARAMETRIC_REPRESENTATION_CONTEXT() REPRESENTATION_CONTEXT('2D SPACE',''
  ) );
#213 = PCURVE('',#126,#214);
#214 = DEFINITIONAL_REPRESENTATION('',(#215),#219);
#215 = CIRCLE('',#216,8.);
#216 = AXIS2_PLACEMENT_2D('',#217,#218);
#217 = CARTESIAN_POINT('',(-12.74999997631,18.45));
#218 = DIRECTION('',(1.,0.));
#219 = ( GEOMETRIC_REPRESENTATION_CONTEXT(2) 
PARAMETRIC_REPRESENTATION_CONTEXT() REPRESENTATION_CONTEXT('2D SPACE',''
  ) );
#220 = ADVANCED_FACE('',(#221),#72,.F.);
#221 = FACE_BOUND('',#222,.T.);
#222 = EDGE_LOOP('',(#223,#249,#250,#271));
#223 = ORIENTED_EDGE('',*,*,#224,.F.);
#224 = EDGE_CURVE('',#57,#225,#227,.T.);
#225 = VERTEX_POINT('',#226);
#226 = CARTESIAN_POINT('',(-19.15,-15.75,-2.));
#227 = SURFACE_CURVE('',#228,(#232,#238),.PCURVE_S1.);
#228 = LINE('',#229,#230);
#229 = CARTESIAN_POINT('',(-19.95,-15.75,-1.2));
#230 = VECTOR('',#231,1.);
#231 = DIRECTION('',(0.707106781187,-0.,-0.707106781187));
#232 = PCURVE('',#72,#233);
#233 = DEFINITIONAL_REPRESENTATION('',(#234),#237);
#234 = B_SPLINE_CURVE_WITH_KNOTS('',1,(#235,#236),.UNSPECIFIED.,.F.,.F.,
  (2,2),(-1.131370849898,1.131370849898),.PIECEWISE_BEZIER_KNOTS.);
#235 = CARTESIAN_POINT('',(0.,-1.131370849898));
#236 = CARTESIAN_POINT('',(0.,1.131370849898));
#237 = ( GEOMETRIC_REPRESENTATION_CONTEXT(2) 
PARAMETRIC_REPRESENTATION_CONTEXT() REPRESENTATION_CONTEXT('2D SPACE',''
  ) );
#238 = PCURVE('',#239,#244);
#239 = CONICAL_SURFACE('',#240,8.,0.785398163397);
#240 = AXIS2_PLACEMENT_3D('',#241,#242,#243);
#241 = CARTESIAN_POINT('',(-12.75,-15.75,-0.4));
#242 = DIRECTION('',(0.,0.,1.));
#243 = DIRECTION('',(-2.22044604925E-16,-1.,0.));
#244 = DEFINITIONAL_REPRESENTATION('',(#245),#248);
#245 = B_SPLINE_CURVE_WITH_KNOTS('',1,(#246,#247),.UNSPECIFIED.,.F.,.F.,
  (2,2),(-1.131370849898,1.131370849898),.PIECEWISE_BEZIER_KNOTS.);
#246 = CARTESIAN_POINT('',(-1.570796326795,0.));
#247 = CARTESIAN_POINT('',(-1.570796326795,-1.6));
#248 = ( GEOMETRIC_REPRESENTATION_CONTEXT(2) 
PARAMETRIC_REPRESENTATION_CONTEXT() REPRESENTATION_CONTEXT('2D SPACE',''
  ) );
#249 = ORIENTED_EDGE('',*,*,#56,.T.);
#250 = ORIENTED_EDGE('',*,*,#251,.T.);
#251 = EDGE_CURVE('',#22,#252,#254,.T.);
#252 = VERTEX_POINT('',#253);
#253 = CARTESIAN_POINT('',(-19.15,21.15,-2.));
#254 = SURFACE_CURVE('',#255,(#259,#265),.PCURVE_S1.);
#255 = LINE('',#256,#257);
#256 = CARTESIAN_POINT('',(-19.95,21.15,-1.2));
#257 = VECTOR('',#258,1.);
#258 = DIRECTION('',(0.707106781187,-0.,-0.707106781187));
#259 = PCURVE('',#72,#260);
#260 = DEFINITIONAL_REPRESENTATION('',(#261),#264);
#261 = B_SPLINE_CURVE_WITH_KNOTS('',1,(#262,#263),.UNSPECIFIED.,.F.,.F.,
  (2,2),(-1.131370849898,1.131370849898),.PIECEWISE_BEZIER_KNOTS.);
#262 = CARTESIAN_POINT('',(-36.9,-1.131370849898));
#263 = CARTESIAN_POINT('',(-36.9,1.131370849898));
#264 = ( GEOMETRIC_REPRESENTATION_CONTEXT(2) 
PARAMETRIC_REPRESENTATION_CONTEXT() REPRESENTATION_CONTEXT('2D SPACE',''
  ) );
#265 = PCURVE('',#159,#266);
#266 = DEFINITIONAL_REPRESENTATION('',(#267),#270);
#267 = B_SPLINE_CURVE_WITH_KNOTS('',1,(#268,#269),.UNSPECIFIED.,.F.,.F.,
  (2,2),(-1.131370849898,1.131370849898),.PIECEWISE_BEZIER_KNOTS.);
#268 = CARTESIAN_POINT('',(0.,0.));
#269 = CARTESIAN_POINT('',(0.,-1.6));
#270 = ( GEOMETRIC_REPRESENTATION_CONTEXT(2) 
PARAMETRIC_REPRESENTATION_CONTEXT() REPRESENTATION_CONTEXT('2D SPACE',''
  ) );
#271 = ORIENTED_EDGE('',*,*,#272,.F.);
#272 = EDGE_CURVE('',#225,#252,#273,.T.);
#273 = SURFACE_CURVE('',#274,(#278,#285),.PCURVE_S1.);
#274 = LINE('',#275,#276);
#275 = CARTESIAN_POINT('',(-19.15,-15.75,-2.));
#276 = VECTOR('',#277,1.);
#277 = DIRECTION('',(0.,1.,0.));
#278 = PCURVE('',#72,#279);
#279 = DEFINITIONAL_REPRESENTATION('',(#280),#284);
#280 = LINE('',#281,#282);
#281 = CARTESIAN_POINT('',(-0.,1.131370849898));
#282 = VECTOR('',#283,1.);
#283 = DIRECTION('',(-1.,0.));
#284 = ( GEOMETRIC_REPRESENTATION_CONTEXT(2) 
PARAMETRIC_REPRESENTATION_CONTEXT() REPRESENTATION_CONTEXT('2D SPACE',''
  ) );
#285 = PCURVE('',#286,#291);
#286 = PLANE('',#287);
#287 = AXIS2_PLACEMENT_3D('',#288,#289,#290);
#288 = CARTESIAN_POINT('',(-2.368681049855E-08,2.7,-2.));
#289 = DIRECTION('',(0.,0.,1.));
#290 = DIRECTION('',(1.,0.,0.));
#291 = DEFINITIONAL_REPRESENTATION('',(#292),#296);
#292 = LINE('',#293,#294);
#293 = CARTESIAN_POINT('',(-19.14999997631,-18.45));
#294 = VECTOR('',#295,1.);
#295 = DIRECTION('',(0.,1.));
#296 = ( GEOMETRIC_REPRESENTATION_CONTEXT(2) 
PARAMETRIC_REPRESENTATION_CONTEXT() REPRESENTATION_CONTEXT('2D SPACE',''
  ) );
#297 = ADVANCED_FACE('',(#298),#126,.T.);
#298 = FACE_BOUND('',#299,.T.);
#299 = EDGE_LOOP('',(#300,#301,#325,#353,#379,#407,#436,#464,#493,#521,
    #547,#568));
#300 = ORIENTED_EDGE('',*,*,#112,.F.);
#301 = ORIENTED_EDGE('',*,*,#302,.T.);
#302 = EDGE_CURVE('',#85,#303,#305,.T.);
#303 = VERTEX_POINT('',#304);
#304 = CARTESIAN_POINT('',(-12.75,-23.75,3.55));
#305 = SURFACE_CURVE('',#306,(#311,#318),.PCURVE_S1.);
#306 = CIRCLE('',#307,8.);
#307 = AXIS2_PLACEMENT_3D('',#308,#309,#310);
#308 = CARTESIAN_POINT('',(-12.75,-15.75,3.55));
#309 = DIRECTION('',(0.,0.,1.));
#310 = DIRECTION('',(1.,0.,0.));
#311 = PCURVE('',#126,#312);
#312 = DEFINITIONAL_REPRESENTATION('',(#313),#317);
#313 = CIRCLE('',#314,8.);
#314 = AXIS2_PLACEMENT_2D('',#315,#316);
#315 = CARTESIAN_POINT('',(-12.74999997631,-18.45));
#316 = DIRECTION('',(1.,0.));
#317 = ( GEOMETRIC_REPRESENTATION_CONTEXT(2) 
PARAMETRIC_REPRESENTATION_CONTEXT() REPRESENTATION_CONTEXT('2D SPACE',''
  ) );
#318 = PCURVE('',#100,#319);
#319 = DEFINITIONAL_REPRESENTATION('',(#320),#324);
#320 = LINE('',#321,#322);
#321 = CARTESIAN_POINT('',(-0.,-5.55));
#322 = VECTOR('',#323,1.);
#323 = DIRECTION('',(-1.,0.));
#324 = ( GEOMETRIC_REPRESENTATION_CONTEXT(2) 
PARAMETRIC_REPRESENTATION_CONTEXT() REPRESENTATION_CONTEXT('2D SPACE',''
  ) );
#325 = ORIENTED_EDGE('',*,*,#326,.T.);
#326 = EDGE_CURVE('',#303,#327,#329,.T.);
#327 = VERTEX_POINT('',#328);
#328 = CARTESIAN_POINT('',(-3.7,-23.75,3.55));
#329 = SURFACE_CURVE('',#330,(#334,#341),.PCURVE_S1.);
#330 = LINE('',#331,#332);
#331 = CARTESIAN_POINT('',(2.13162820728E-14,-23.75,3.55));
#332 = VECTOR('',#333,1.);
#333 = DIRECTION('',(1.,0.,0.));
#334 = PCURVE('',#126,#335);
#335 = DEFINITIONAL_REPRESENTATION('',(#336),#340);
#336 = LINE('',#337,#338);
#337 = CARTESIAN_POINT('',(2.368683181483E-08,-26.45));
#338 = VECTOR('',#339,1.);
#339 = DIRECTION('',(1.,0.));
#340 = ( GEOMETRIC_REPRESENTATION_CONTEXT(2) 
PARAMETRIC_REPRESENTATION_CONTEXT() REPRESENTATION_CONTEXT('2D SPACE',''
  ) );
#341 = PCURVE('',#342,#347);
#342 = PLANE('',#343);
#343 = AXIS2_PLACEMENT_3D('',#344,#345,#346);
#344 = CARTESIAN_POINT('',(-12.75,-23.75,-2.));
#345 = DIRECTION('',(0.,1.,0.));
#346 = DIRECTION('',(1.,0.,0.));
#347 = DEFINITIONAL_REPRESENTATION('',(#348),#352);
#348 = LINE('',#349,#350);
#349 = CARTESIAN_POINT('',(12.75,-5.55));
#350 = VECTOR('',#351,1.);
#351 = DIRECTION('',(1.,0.));
#352 = ( GEOMETRIC_REPRESENTATION_CONTEXT(2) 
PARAMETRIC_REPRESENTATION_CONTEXT() REPRESENTATION_CONTEXT('2D SPACE',''
  ) );
#353 = ORIENTED_EDGE('',*,*,#354,.T.);
#354 = EDGE_CURVE('',#327,#355,#357,.T.);
#355 = VERTEX_POINT('',#356);
#356 = CARTESIAN_POINT('',(-3.7,-22.3,3.55));
#357 = SURFACE_CURVE('',#358,(#362,#368),.PCURVE_S1.);
#358 = LINE('',#359,#360);
#359 = CARTESIAN_POINT('',(-3.7,-11.825,3.55));
#360 = VECTOR('',#361,1.);
#361 = DIRECTION('',(-0.,1.,0.));
#362 = PCURVE('',#126,#363);
#363 = DEFINITIONAL_REPRESENTATION('',(#364),#367);
#364 = B_SPLINE_CURVE_WITH_KNOTS('',1,(#365,#366),.UNSPECIFIED.,.F.,.F.,
  (2,2),(-11.925,-8.525),.PIECEWISE_BEZIER_KNOTS.);
#365 = CARTESIAN_POINT('',(-3.699999976313,-26.45));
#366 = CARTESIAN_POINT('',(-3.699999976313,-23.05));
#367 = ( GEOMETRIC_REPRESENTATION_CONTEXT(2) 
PARAMETRIC_REPRESENTATION_CONTEXT() REPRESENTATION_CONTEXT('2D SPACE',''
  ) );
#368 = PCURVE('',#369,#374);
#369 = PLANE('',#370);
#370 = AXIS2_PLACEMENT_3D('',#371,#372,#373);
#371 = CARTESIAN_POINT('',(-3.7,-26.35,2.35));
#372 = DIRECTION('',(1.,0.,-0.));
#373 = DIRECTION('',(0.,0.,1.));
#374 = DEFINITIONAL_REPRESENTATION('',(#375),#378);
#375 = B_SPLINE_CURVE_WITH_KNOTS('',1,(#376,#377),.UNSPECIFIED.,.F.,.F.,
  (2,2),(-11.925,-8.525),.PIECEWISE_BEZIER_KNOTS.);
#376 = CARTESIAN_POINT('',(1.2,-2.6));
#377 = CARTESIAN_POINT('',(1.2,-6.));
#378 = ( GEOMETRIC_REPRESENTATION_CONTEXT(2) 
PARAMETRIC_REPRESENTATION_CONTEXT() REPRESENTATION_CONTEXT('2D SPACE',''
  ) );
#379 = ORIENTED_EDGE('',*,*,#380,.F.);
#380 = EDGE_CURVE('',#381,#355,#383,.T.);
#381 = VERTEX_POINT('',#382);
#382 = CARTESIAN_POINT('',(-12.75,-22.3,3.55));
#383 = SURFACE_CURVE('',#384,(#388,#395),.PCURVE_S1.);
#384 = LINE('',#385,#386);
#385 = CARTESIAN_POINT('',(3.37507799486E-14,-22.3,3.55));
#386 = VECTOR('',#387,1.);
#387 = DIRECTION('',(1.,0.,0.));
#388 = PCURVE('',#126,#389);
#389 = DEFINITIONAL_REPRESENTATION('',(#390),#394);
#390 = LINE('',#391,#392);
#391 = CARTESIAN_POINT('',(2.368684424933E-08,-25.));
#392 = VECTOR('',#393,1.);
#393 = DIRECTION('',(1.,0.));
#394 = ( GEOMETRIC_REPRESENTATION_CONTEXT(2) 
PARAMETRIC_REPRESENTATION_CONTEXT() REPRESENTATION_CONTEXT('2D SPACE',''
  ) );
#395 = PCURVE('',#396,#401);
#396 = PLANE('',#397);
#397 = AXIS2_PLACEMENT_3D('',#398,#399,#400);
#398 = CARTESIAN_POINT('',(-12.75,-22.3,3.55));
#399 = DIRECTION('',(0.,1.,0.));
#400 = DIRECTION('',(1.,0.,0.));
#401 = DEFINITIONAL_REPRESENTATION('',(#402),#406);
#402 = LINE('',#403,#404);
#403 = CARTESIAN_POINT('',(12.75,0.));
#404 = VECTOR('',#405,1.);
#405 = DIRECTION('',(1.,0.));
#406 = ( GEOMETRIC_REPRESENTATION_CONTEXT(2) 
PARAMETRIC_REPRESENTATION_CONTEXT() REPRESENTATION_CONTEXT('2D SPACE',''
  ) );
#407 = ORIENTED_EDGE('',*,*,#408,.F.);
#408 = EDGE_CURVE('',#409,#381,#411,.T.);
#409 = VERTEX_POINT('',#410);
#410 = CARTESIAN_POINT('',(-19.3,-15.75,3.55));
#411 = SURFACE_CURVE('',#412,(#417,#424),.PCURVE_S1.);
#412 = CIRCLE('',#413,6.55);
#413 = AXIS2_PLACEMENT_3D('',#414,#415,#416);
#414 = CARTESIAN_POINT('',(-12.75,-15.75,3.55));
#415 = DIRECTION('',(0.,0.,1.));
#416 = DIRECTION('',(1.,0.,0.));
#417 = PCURVE('',#126,#418);
#418 = DEFINITIONAL_REPRESENTATION('',(#419),#423);
#419 = CIRCLE('',#420,6.55);
#420 = AXIS2_PLACEMENT_2D('',#421,#422);
#421 = CARTESIAN_POINT('',(-12.74999997631,-18.45));
#422 = DIRECTION('',(1.,0.));
#423 = ( GEOMETRIC_REPRESENTATION_CONTEXT(2) 
PARAMETRIC_REPRESENTATION_CONTEXT() REPRESENTATION_CONTEXT('2D SPACE',''
  ) );
#424 = PCURVE('',#425,#430);
#425 = CYLINDRICAL_SURFACE('',#426,6.55);
#426 = AXIS2_PLACEMENT_3D('',#427,#428,#429);
#427 = CARTESIAN_POINT('',(-12.75,-15.75,3.55));
#428 = DIRECTION('',(-0.,-0.,-1.));
#429 = DIRECTION('',(1.,0.,0.));
#430 = DEFINITIONAL_REPRESENTATION('',(#431),#435);
#431 = LINE('',#432,#433);
#432 = CARTESIAN_POINT('',(-0.,0.));
#433 = VECTOR('',#434,1.);
#434 = DIRECTION('',(-1.,0.));
#435 = ( GEOMETRIC_REPRESENTATION_CONTEXT(2) 
PARAMETRIC_REPRESENTATION_CONTEXT() REPRESENTATION_CONTEXT('2D SPACE',''
  ) );
#436 = ORIENTED_EDGE('',*,*,#437,.T.);
#437 = EDGE_CURVE('',#409,#438,#440,.T.);
#438 = VERTEX_POINT('',#439);
#439 = CARTESIAN_POINT('',(-19.3,21.15,3.55));
#440 = SURFACE_CURVE('',#441,(#445,#452),.PCURVE_S1.);
#441 = LINE('',#442,#443);
#442 = CARTESIAN_POINT('',(-19.3,2.7,3.55));
#443 = VECTOR('',#444,1.);
#444 = DIRECTION('',(0.,1.,0.));
#445 = PCURVE('',#126,#446);
#446 = DEFINITIONAL_REPRESENTATION('',(#447),#451);
#447 = LINE('',#448,#449);
#448 = CARTESIAN_POINT('',(-19.29999997631,-2.305721454996E-15));
#449 = VECTOR('',#450,1.);
#450 = DIRECTION('',(0.,1.));
#451 = ( GEOMETRIC_REPRESENTATION_CONTEXT(2) 
PARAMETRIC_REPRESENTATION_CONTEXT() REPRESENTATION_CONTEXT('2D SPACE',''
  ) );
#452 = PCURVE('',#453,#458);
#453 = PLANE('',#454);
#454 = AXIS2_PLACEMENT_3D('',#455,#456,#457);
#455 = CARTESIAN_POINT('',(-19.3,-15.75,3.55));
#456 = DIRECTION('',(-1.,0.,0.));
#457 = DIRECTION('',(0.,1.,0.));
#458 = DEFINITIONAL_REPRESENTATION('',(#459),#463);
#459 = LINE('',#460,#461);
#460 = CARTESIAN_POINT('',(18.45,0.));
#461 = VECTOR('',#462,1.);
#462 = DIRECTION('',(1.,0.));
#463 = ( GEOMETRIC_REPRESENTATION_CONTEXT(2) 
PARAMETRIC_REPRESENTATION_CONTEXT() REPRESENTATION_CONTEXT('2D SPACE',''
  ) );
#464 = ORIENTED_EDGE('',*,*,#465,.F.);
#465 = EDGE_CURVE('',#466,#438,#468,.T.);
#466 = VERTEX_POINT('',#467);
#467 = CARTESIAN_POINT('',(-12.75,27.7,3.55));
#468 = SURFACE_CURVE('',#469,(#474,#481),.PCURVE_S1.);
#469 = CIRCLE('',#470,6.55);
#470 = AXIS2_PLACEMENT_3D('',#471,#472,#473);
#471 = CARTESIAN_POINT('',(-12.75,21.15,3.55));
#472 = DIRECTION('',(0.,0.,1.));
#473 = DIRECTION('',(1.,0.,0.));
#474 = PCURVE('',#126,#475);
#475 = DEFINITIONAL_REPRESENTATION('',(#476),#480);
#476 = CIRCLE('',#477,6.55);
#477 = AXIS2_PLACEMENT_2D('',#478,#479);
#478 = CARTESIAN_POINT('',(-12.74999997631,18.45));
#479 = DIRECTION('',(1.,0.));
#480 = ( GEOMETRIC_REPRESENTATION_CONTEXT(2) 
PARAMETRIC_REPRESENTATION_CONTEXT() REPRESENTATION_CONTEXT('2D SPACE',''
  ) );
#481 = PCURVE('',#482,#487);
#482 = CYLINDRICAL_SURFACE('',#483,6.55);
#483 = AXIS2_PLACEMENT_3D('',#484,#485,#486);
#484 = CARTESIAN_POINT('',(-12.75,21.15,3.55));
#485 = DIRECTION('',(-0.,-0.,-1.));
#486 = DIRECTION('',(1.,0.,0.));
#487 = DEFINITIONAL_REPRESENTATION('',(#488),#492);
#488 = LINE('',#489,#490);
#489 = CARTESIAN_POINT('',(-0.,0.));
#490 = VECTOR('',#491,1.);
#491 = DIRECTION('',(-1.,0.));
#492 = ( GEOMETRIC_REPRESENTATION_CONTEXT(2) 
PARAMETRIC_REPRESENTATION_CONTEXT() REPRESENTATION_CONTEXT('2D SPACE',''
  ) );
#493 = ORIENTED_EDGE('',*,*,#494,.T.);
#494 = EDGE_CURVE('',#466,#495,#497,.T.);
#495 = VERTEX_POINT('',#496);
#496 = CARTESIAN_POINT('',(12.749999999004,27.7,3.55));
#497 = SURFACE_CURVE('',#498,(#502,#509),.PCURVE_S1.);
#498 = LINE('',#499,#500);
#499 = CARTESIAN_POINT('',(3.37507799486E-14,27.7,3.55));
#500 = VECTOR('',#501,1.);
#501 = DIRECTION('',(1.,0.,0.));
#502 = PCURVE('',#126,#503);
#503 = DEFINITIONAL_REPRESENTATION('',(#504),#508);
#504 = LINE('',#505,#506);
#505 = CARTESIAN_POINT('',(2.368684424933E-08,25.));
#506 = VECTOR('',#507,1.);
#507 = DIRECTION('',(1.,0.));
#508 = ( GEOMETRIC_REPRESENTATION_CONTEXT(2) 
PARAMETRIC_REPRESENTATION_CONTEXT() REPRESENTATION_CONTEXT('2D SPACE',''
  ) );
#509 = PCURVE('',#510,#515);
#510 = PLANE('',#511);
#511 = AXIS2_PLACEMENT_3D('',#512,#513,#514);
#512 = CARTESIAN_POINT('',(-12.75,27.7,3.55));
#513 = DIRECTION('',(0.,1.,0.));
#514 = DIRECTION('',(1.,0.,0.));
#515 = DEFINITIONAL_REPRESENTATION('',(#516),#520);
#516 = LINE('',#517,#518);
#517 = CARTESIAN_POINT('',(12.75,0.));
#518 = VECTOR('',#519,1.);
#519 = DIRECTION('',(1.,0.));
#520 = ( GEOMETRIC_REPRESENTATION_CONTEXT(2) 
PARAMETRIC_REPRESENTATION_CONTEXT() REPRESENTATION_CONTEXT('2D SPACE',''
  ) );
#521 = ORIENTED_EDGE('',*,*,#522,.T.);
#522 = EDGE_CURVE('',#495,#523,#525,.T.);
#523 = VERTEX_POINT('',#524);
#524 = CARTESIAN_POINT('',(12.749999917905,29.15,3.55));
#525 = SURFACE_CURVE('',#526,(#530,#536),.PCURVE_S1.);
#526 = LINE('',#527,#528);
#527 = CARTESIAN_POINT('',(12.75,-47.3,3.55));
#528 = VECTOR('',#529,1.);
#529 = DIRECTION('',(-0.,1.,0.));
#530 = PCURVE('',#126,#531);
#531 = DEFINITIONAL_REPRESENTATION('',(#532),#535);
#532 = B_SPLINE_CURVE_WITH_KNOTS('',1,(#533,#534),.UNSPECIFIED.,.F.,.F.,
  (2,2),(23.55,76.45),.PIECEWISE_BEZIER_KNOTS.);
#533 = CARTESIAN_POINT('',(12.750000023687,-26.45));
#534 = CARTESIAN_POINT('',(12.750000023687,26.45));
#535 = ( GEOMETRIC_REPRESENTATION_CONTEXT(2) 
PARAMETRIC_REPRESENTATION_CONTEXT() REPRESENTATION_CONTEXT('2D SPACE',''
  ) );
#536 = PCURVE('',#537,#542);
#537 = PLANE('',#538);
#538 = AXIS2_PLACEMENT_3D('',#539,#540,#541);
#539 = CARTESIAN_POINT('',(12.75,-97.3,2.55));
#540 = DIRECTION('',(1.,0.,-0.));
#541 = DIRECTION('',(0.,0.,1.));
#542 = DEFINITIONAL_REPRESENTATION('',(#543),#546);
#543 = B_SPLINE_CURVE_WITH_KNOTS('',1,(#544,#545),.UNSPECIFIED.,.F.,.F.,
  (2,2),(23.55,76.45),.PIECEWISE_BEZIER_KNOTS.);
#544 = CARTESIAN_POINT('',(1.,-73.55));
#545 = CARTESIAN_POINT('',(1.,-126.45));
#546 = ( GEOMETRIC_REPRESENTATION_CONTEXT(2) 
PARAMETRIC_REPRESENTATION_CONTEXT() REPRESENTATION_CONTEXT('2D SPACE',''
  ) );
#547 = ORIENTED_EDGE('',*,*,#548,.F.);
#548 = EDGE_CURVE('',#172,#523,#549,.T.);
#549 = SURFACE_CURVE('',#550,(#554,#561),.PCURVE_S1.);
#550 = LINE('',#551,#552);
#551 = CARTESIAN_POINT('',(2.13162820728E-14,29.15,3.55));
#552 = VECTOR('',#553,1.);
#553 = DIRECTION('',(1.,0.,0.));
#554 = PCURVE('',#126,#555);
#555 = DEFINITIONAL_REPRESENTATION('',(#556),#560);
#556 = LINE('',#557,#558);
#557 = CARTESIAN_POINT('',(2.368683181483E-08,26.45));
#558 = VECTOR('',#559,1.);
#559 = DIRECTION('',(1.,0.));
#560 = ( GEOMETRIC_REPRESENTATION_CONTEXT(2) 
PARAMETRIC_REPRESENTATION_CONTEXT() REPRESENTATION_CONTEXT('2D SPACE',''
  ) );
#561 = PCURVE('',#187,#562);
#562 = DEFINITIONAL_REPRESENTATION('',(#563),#567);
#563 = LINE('',#564,#565);
#564 = CARTESIAN_POINT('',(12.75,-5.55));
#565 = VECTOR('',#566,1.);
#566 = DIRECTION('',(1.,0.));
#567 = ( GEOMETRIC_REPRESENTATION_CONTEXT(2) 
PARAMETRIC_REPRESENTATION_CONTEXT() REPRESENTATION_CONTEXT('2D SPACE',''
  ) );
#568 = ORIENTED_EDGE('',*,*,#199,.T.);
#569 = ADVANCED_FACE('',(#570),#100,.T.);
#570 = FACE_BOUND('',#571,.F.);
#571 = EDGE_LOOP('',(#572,#595,#617,#618));
#572 = ORIENTED_EDGE('',*,*,#573,.F.);
#573 = EDGE_CURVE('',#574,#303,#576,.T.);
#574 = VERTEX_POINT('',#575);
#575 = CARTESIAN_POINT('',(-12.75,-23.75,-0.4));
#576 = SURFACE_CURVE('',#577,(#581,#588),.PCURVE_S1.);
#577 = LINE('',#578,#579);
#578 = CARTESIAN_POINT('',(-12.75,-23.75,-2.));
#579 = VECTOR('',#580,1.);
#580 = DIRECTION('',(0.,0.,1.));
#581 = PCURVE('',#100,#582);
#582 = DEFINITIONAL_REPRESENTATION('',(#583),#587);
#583 = LINE('',#584,#585);
#584 = CARTESIAN_POINT('',(-4.712388980385,0.));
#585 = VECTOR('',#586,1.);
#586 = DIRECTION('',(-0.,-1.));
#587 = ( GEOMETRIC_REPRESENTATION_CONTEXT(2) 
PARAMETRIC_REPRESENTATION_CONTEXT() REPRESENTATION_CONTEXT('2D SPACE',''
  ) );
#588 = PCURVE('',#342,#589);
#589 = DEFINITIONAL_REPRESENTATION('',(#590),#594);
#590 = LINE('',#591,#592);
#591 = CARTESIAN_POINT('',(3.552713678801E-15,0.));
#592 = VECTOR('',#593,1.);
#593 = DIRECTION('',(0.,-1.));
#594 = ( GEOMETRIC_REPRESENTATION_CONTEXT(2) 
PARAMETRIC_REPRESENTATION_CONTEXT() REPRESENTATION_CONTEXT('2D SPACE',''
  ) );
#595 = ORIENTED_EDGE('',*,*,#596,.T.);
#596 = EDGE_CURVE('',#574,#57,#597,.T.);
#597 = SURFACE_CURVE('',#598,(#603,#610),.PCURVE_S1.);
#598 = CIRCLE('',#599,8.);
#599 = AXIS2_PLACEMENT_3D('',#600,#601,#602);
#600 = CARTESIAN_POINT('',(-12.75,-15.75,-0.4));
#601 = DIRECTION('',(-0.,0.,-1.));
#602 = DIRECTION('',(-2.22044604925E-16,-1.,0.));
#603 = PCURVE('',#100,#604);
#604 = DEFINITIONAL_REPRESENTATION('',(#605),#609);
#605 = LINE('',#606,#607);
#606 = CARTESIAN_POINT('',(-4.712388980385,-1.6));
#607 = VECTOR('',#608,1.);
#608 = DIRECTION('',(1.,-0.));
#609 = ( GEOMETRIC_REPRESENTATION_CONTEXT(2) 
PARAMETRIC_REPRESENTATION_CONTEXT() REPRESENTATION_CONTEXT('2D SPACE',''
  ) );
#610 = PCURVE('',#239,#611);
#611 = DEFINITIONAL_REPRESENTATION('',(#612),#616);
#612 = LINE('',#613,#614);
#613 = CARTESIAN_POINT('',(-0.,-0.));
#614 = VECTOR('',#615,1.);
#615 = DIRECTION('',(-1.,-0.));
#616 = ( GEOMETRIC_REPRESENTATION_CONTEXT(2) 
PARAMETRIC_REPRESENTATION_CONTEXT() REPRESENTATION_CONTEXT('2D SPACE',''
  ) );
#617 = ORIENTED_EDGE('',*,*,#84,.T.);
#618 = ORIENTED_EDGE('',*,*,#302,.T.);
#619 = ADVANCED_FACE('',(#620),#159,.T.);
#620 = FACE_BOUND('',#621,.T.);
#621 = EDGE_LOOP('',(#622,#623,#624,#650));
#622 = ORIENTED_EDGE('',*,*,#251,.F.);
#623 = ORIENTED_EDGE('',*,*,#142,.T.);
#624 = ORIENTED_EDGE('',*,*,#625,.T.);
#625 = EDGE_CURVE('',#143,#626,#628,.T.);
#626 = VERTEX_POINT('',#627);
#627 = CARTESIAN_POINT('',(-12.75,27.55,-2.));
#628 = SURFACE_CURVE('',#629,(#633,#639),.PCURVE_S1.);
#629 = LINE('',#630,#631);
#630 = CARTESIAN_POINT('',(-12.75,29.15,-0.4));
#631 = VECTOR('',#632,1.);
#632 = DIRECTION('',(4.329780281177E-17,-0.707106781187,-0.707106781187)
  );
#633 = PCURVE('',#159,#634);
#634 = DEFINITIONAL_REPRESENTATION('',(#635),#638);
#635 = B_SPLINE_CURVE_WITH_KNOTS('',1,(#636,#637),.UNSPECIFIED.,.F.,.F.,
  (2,2),(0.,2.262741699797),.PIECEWISE_BEZIER_KNOTS.);
#636 = CARTESIAN_POINT('',(-1.570796326795,0.));
#637 = CARTESIAN_POINT('',(-1.570796326795,-1.6));
#638 = ( GEOMETRIC_REPRESENTATION_CONTEXT(2) 
PARAMETRIC_REPRESENTATION_CONTEXT() REPRESENTATION_CONTEXT('2D SPACE',''
  ) );
#639 = PCURVE('',#640,#645);
#640 = PLANE('',#641);
#641 = AXIS2_PLACEMENT_3D('',#642,#643,#644);
#642 = CARTESIAN_POINT('',(-12.75,28.35,-1.2));
#643 = DIRECTION('',(2.845724904161E-17,-0.707106781187,0.707106781187)
  );
#644 = DIRECTION('',(-1.,-2.012231377123E-17,2.012231377123E-17));
#645 = DEFINITIONAL_REPRESENTATION('',(#646),#649);
#646 = B_SPLINE_CURVE_WITH_KNOTS('',1,(#647,#648),.UNSPECIFIED.,.F.,.F.,
  (2,2),(0.,2.262741699797),.PIECEWISE_BEZIER_KNOTS.);
#647 = CARTESIAN_POINT('',(-3.552713678801E-15,-1.131370849898));
#648 = CARTESIAN_POINT('',(-3.552713678801E-15,1.131370849898));
#649 = ( GEOMETRIC_REPRESENTATION_CONTEXT(2) 
PARAMETRIC_REPRESENTATION_CONTEXT() REPRESENTATION_CONTEXT('2D SPACE',''
  ) );
#650 = ORIENTED_EDGE('',*,*,#651,.F.);
#651 = EDGE_CURVE('',#252,#626,#652,.T.);
#652 = SURFACE_CURVE('',#653,(#658,#665),.PCURVE_S1.);
#653 = CIRCLE('',#654,6.4);
#654 = AXIS2_PLACEMENT_3D('',#655,#656,#657);
#655 = CARTESIAN_POINT('',(-12.75,21.15,-2.));
#656 = DIRECTION('',(-0.,0.,-1.));
#657 = DIRECTION('',(-1.,0.,0.));
#658 = PCURVE('',#159,#659);
#659 = DEFINITIONAL_REPRESENTATION('',(#660),#664);
#660 = LINE('',#661,#662);
#661 = CARTESIAN_POINT('',(-0.,-1.6));
#662 = VECTOR('',#663,1.);
#663 = DIRECTION('',(-1.,-0.));
#664 = ( GEOMETRIC_REPRESENTATION_CONTEXT(2) 
PARAMETRIC_REPRESENTATION_CONTEXT() REPRESENTATION_CONTEXT('2D SPACE',''
  ) );
#665 = PCURVE('',#286,#666);
#666 = DEFINITIONAL_REPRESENTATION('',(#667),#675);
#667 = ( BOUNDED_CURVE() B_SPLINE_CURVE(2,(#668,#669,#670,#671,#672,#673
,#674),.UNSPECIFIED.,.T.,.F.) B_SPLINE_CURVE_WITH_KNOTS((1,2,2,2,2,1),(
    -2.094395102393,0.,2.094395102393,4.188790204786,6.28318530718,
8.377580409573),.UNSPECIFIED.) CURVE() GEOMETRIC_REPRESENTATION_ITEM() 
RATIONAL_B_SPLINE_CURVE((1.,0.5,1.,0.5,1.,0.5,1.)) REPRESENTATION_ITEM(
  '') );
#668 = CARTESIAN_POINT('',(-19.14999997631,18.45));
#669 = CARTESIAN_POINT('',(-19.14999997631,29.535125168441));
#670 = CARTESIAN_POINT('',(-9.549999976313,23.99256258422));
#671 = CARTESIAN_POINT('',(5.000002368679E-02,18.45));
#672 = CARTESIAN_POINT('',(-9.549999976313,12.90743741578));
#673 = CARTESIAN_POINT('',(-19.14999997631,7.364874831559));
#674 = CARTESIAN_POINT('',(-19.14999997631,18.45));
#675 = ( GEOMETRIC_REPRESENTATION_CONTEXT(2) 
PARAMETRIC_REPRESENTATION_CONTEXT() REPRESENTATION_CONTEXT('2D SPACE',''
  ) );
#676 = ADVANCED_FACE('',(#677),#187,.T.);
#677 = FACE_BOUND('',#678,.T.);
#678 = EDGE_LOOP('',(#679,#707,#728,#729));
#679 = ORIENTED_EDGE('',*,*,#680,.F.);
#680 = EDGE_CURVE('',#681,#523,#683,.T.);
#681 = VERTEX_POINT('',#682);
#682 = CARTESIAN_POINT('',(12.749999917905,29.15,-0.4));
#683 = SURFACE_CURVE('',#684,(#688,#695),.PCURVE_S1.);
#684 = LINE('',#685,#686);
#685 = CARTESIAN_POINT('',(12.749999917905,29.15,-2.));
#686 = VECTOR('',#687,1.);
#687 = DIRECTION('',(0.,0.,1.));
#688 = PCURVE('',#187,#689);
#689 = DEFINITIONAL_REPRESENTATION('',(#690),#694);
#690 = LINE('',#691,#692);
#691 = CARTESIAN_POINT('',(25.499999917905,0.));
#692 = VECTOR('',#693,1.);
#693 = DIRECTION('',(0.,-1.));
#694 = ( GEOMETRIC_REPRESENTATION_CONTEXT(2) 
PARAMETRIC_REPRESENTATION_CONTEXT() REPRESENTATION_CONTEXT('2D SPACE',''
  ) );
#695 = PCURVE('',#696,#701);
#696 = CYLINDRICAL_SURFACE('',#697,8.);
#697 = AXIS2_PLACEMENT_3D('',#698,#699,#700);
#698 = CARTESIAN_POINT('',(12.749999917905,21.15,-2.));
#699 = DIRECTION('',(-0.,-0.,-1.));
#700 = DIRECTION('',(1.,0.,0.));
#701 = DEFINITIONAL_REPRESENTATION('',(#702),#706);
#702 = LINE('',#703,#704);
#703 = CARTESIAN_POINT('',(-1.570796326795,0.));
#704 = VECTOR('',#705,1.);
#705 = DIRECTION('',(-0.,-1.));
#706 = ( GEOMETRIC_REPRESENTATION_CONTEXT(2) 
PARAMETRIC_REPRESENTATION_CONTEXT() REPRESENTATION_CONTEXT('2D SPACE',''
  ) );
#707 = ORIENTED_EDGE('',*,*,#708,.F.);
#708 = EDGE_CURVE('',#143,#681,#709,.T.);
#709 = SURFACE_CURVE('',#710,(#714,#721),.PCURVE_S1.);
#710 = LINE('',#711,#712);
#711 = CARTESIAN_POINT('',(-12.75,29.15,-0.4));
#712 = VECTOR('',#713,1.);
#713 = DIRECTION('',(1.,0.,0.));
#714 = PCURVE('',#187,#715);
#715 = DEFINITIONAL_REPRESENTATION('',(#716),#720);
#716 = LINE('',#717,#718);
#717 = CARTESIAN_POINT('',(0.,-1.6));
#718 = VECTOR('',#719,1.);
#719 = DIRECTION('',(1.,0.));
#720 = ( GEOMETRIC_REPRESENTATION_CONTEXT(2) 
PARAMETRIC_REPRESENTATION_CONTEXT() REPRESENTATION_CONTEXT('2D SPACE',''
  ) );
#721 = PCURVE('',#640,#722);
#722 = DEFINITIONAL_REPRESENTATION('',(#723),#727);
#723 = LINE('',#724,#725);
#724 = CARTESIAN_POINT('',(-0.,-1.131370849898));
#725 = VECTOR('',#726,1.);
#726 = DIRECTION('',(-1.,0.));
#727 = ( GEOMETRIC_REPRESENTATION_CONTEXT(2) 
PARAMETRIC_REPRESENTATION_CONTEXT() REPRESENTATION_CONTEXT('2D SPACE',''
  ) );
#728 = ORIENTED_EDGE('',*,*,#171,.T.);
#729 = ORIENTED_EDGE('',*,*,#548,.T.);
#730 = ADVANCED_FACE('',(#731),#239,.T.);
#731 = FACE_BOUND('',#732,.T.);
#732 = EDGE_LOOP('',(#733,#759,#760,#761));
#733 = ORIENTED_EDGE('',*,*,#734,.F.);
#734 = EDGE_CURVE('',#574,#735,#737,.T.);
#735 = VERTEX_POINT('',#736);
#736 = CARTESIAN_POINT('',(-12.75,-22.15,-2.));
#737 = SURFACE_CURVE('',#738,(#742,#748),.PCURVE_S1.);
#738 = LINE('',#739,#740);
#739 = CARTESIAN_POINT('',(-12.75,-22.95,-1.2));
#740 = VECTOR('',#741,1.);
#741 = DIRECTION('',(0.,0.707106781187,-0.707106781187));
#742 = PCURVE('',#239,#743);
#743 = DEFINITIONAL_REPRESENTATION('',(#744),#747);
#744 = B_SPLINE_CURVE_WITH_KNOTS('',1,(#745,#746),.UNSPECIFIED.,.F.,.F.,
  (2,2),(-1.131370849898,1.131370849898),.PIECEWISE_BEZIER_KNOTS.);
#745 = CARTESIAN_POINT('',(0.,0.));
#746 = CARTESIAN_POINT('',(0.,-1.6));
#747 = ( GEOMETRIC_REPRESENTATION_CONTEXT(2) 
PARAMETRIC_REPRESENTATION_CONTEXT() REPRESENTATION_CONTEXT('2D SPACE',''
  ) );
#748 = PCURVE('',#749,#754);
#749 = PLANE('',#750);
#750 = AXIS2_PLACEMENT_3D('',#751,#752,#753);
#751 = CARTESIAN_POINT('',(12.749999917905,-22.95,-1.2));
#752 = DIRECTION('',(-2.845724904161E-17,-0.707106781187,-0.707106781187
    ));
#753 = DIRECTION('',(-1.,2.012231377123E-17,2.012231377123E-17));
#754 = DEFINITIONAL_REPRESENTATION('',(#755),#758);
#755 = B_SPLINE_CURVE_WITH_KNOTS('',1,(#756,#757),.UNSPECIFIED.,.F.,.F.,
  (2,2),(-1.131370849898,1.131370849898),.PIECEWISE_BEZIER_KNOTS.);
#756 = CARTESIAN_POINT('',(25.499999917905,-1.131370849898));
#757 = CARTESIAN_POINT('',(25.499999917905,1.131370849898));
#758 = ( GEOMETRIC_REPRESENTATION_CONTEXT(2) 
PARAMETRIC_REPRESENTATION_CONTEXT() REPRESENTATION_CONTEXT('2D SPACE',''
  ) );
#759 = ORIENTED_EDGE('',*,*,#596,.T.);
#760 = ORIENTED_EDGE('',*,*,#224,.T.);
#761 = ORIENTED_EDGE('',*,*,#762,.F.);
#762 = EDGE_CURVE('',#735,#225,#763,.T.);
#763 = SURFACE_CURVE('',#764,(#769,#776),.PCURVE_S1.);
#764 = CIRCLE('',#765,6.4);
#765 = AXIS2_PLACEMENT_3D('',#766,#767,#768);
#766 = CARTESIAN_POINT('',(-12.75,-15.75,-2.));
#767 = DIRECTION('',(-0.,0.,-1.));
#768 = DIRECTION('',(-2.22044604925E-16,-1.,0.));
#769 = PCURVE('',#239,#770);
#770 = DEFINITIONAL_REPRESENTATION('',(#771),#775);
#771 = LINE('',#772,#773);
#772 = CARTESIAN_POINT('',(-0.,-1.6));
#773 = VECTOR('',#774,1.);
#774 = DIRECTION('',(-1.,-0.));
#775 = ( GEOMETRIC_REPRESENTATION_CONTEXT(2) 
PARAMETRIC_REPRESENTATION_CONTEXT() REPRESENTATION_CONTEXT('2D SPACE',''
  ) );
#776 = PCURVE('',#286,#777);
#777 = DEFINITIONAL_REPRESENTATION('',(#778),#786);
#778 = ( BOUNDED_CURVE() B_SPLINE_CURVE(2,(#779,#780,#781,#782,#783,#784
,#785),.UNSPECIFIED.,.T.,.F.) B_SPLINE_CURVE_WITH_KNOTS((1,2,2,2,2,1),(
    -2.094395102393,0.,2.094395102393,4.188790204786,6.28318530718,
8.377580409573),.UNSPECIFIED.) CURVE() GEOMETRIC_REPRESENTATION_ITEM() 
RATIONAL_B_SPLINE_CURVE((1.,0.5,1.,0.5,1.,0.5,1.)) REPRESENTATION_ITEM(
  '') );
#779 = CARTESIAN_POINT('',(-12.74999997631,-24.85));
#780 = CARTESIAN_POINT('',(-23.83512514475,-24.85));
#781 = CARTESIAN_POINT('',(-18.29256256053,-15.25));
#782 = CARTESIAN_POINT('',(-12.74999997631,-5.65));
#783 = CARTESIAN_POINT('',(-7.207437392093,-15.25));
#784 = CARTESIAN_POINT('',(-1.664874807872,-24.85));
#785 = CARTESIAN_POINT('',(-12.74999997631,-24.85));
#786 = ( GEOMETRIC_REPRESENTATION_CONTEXT(2) 
PARAMETRIC_REPRESENTATION_CONTEXT() REPRESENTATION_CONTEXT('2D SPACE',''
  ) );
#787 = ADVANCED_FACE('',(#788),#286,.F.);
#788 = FACE_BOUND('',#789,.F.);
#789 = EDGE_LOOP('',(#790,#791,#792,#815,#848,#876,#909,#930));
#790 = ORIENTED_EDGE('',*,*,#272,.F.);
#791 = ORIENTED_EDGE('',*,*,#762,.F.);
#792 = ORIENTED_EDGE('',*,*,#793,.F.);
#793 = EDGE_CURVE('',#794,#735,#796,.T.);
#794 = VERTEX_POINT('',#795);
#795 = CARTESIAN_POINT('',(12.749999917905,-22.15,-2.));
#796 = SURFACE_CURVE('',#797,(#801,#808),.PCURVE_S1.);
#797 = LINE('',#798,#799);
#798 = CARTESIAN_POINT('',(12.749999917905,-22.15,-2.));
#799 = VECTOR('',#800,1.);
#800 = DIRECTION('',(-1.,-0.,-0.));
#801 = PCURVE('',#286,#802);
#802 = DEFINITIONAL_REPRESENTATION('',(#803),#807);
#803 = LINE('',#804,#805);
#804 = CARTESIAN_POINT('',(12.749999941592,-24.85));
#805 = VECTOR('',#806,1.);
#806 = DIRECTION('',(-1.,-0.));
#807 = ( GEOMETRIC_REPRESENTATION_CONTEXT(2) 
PARAMETRIC_REPRESENTATION_CONTEXT() REPRESENTATION_CONTEXT('2D SPACE',''
  ) );
#808 = PCURVE('',#749,#809);
#809 = DEFINITIONAL_REPRESENTATION('',(#810),#814);
#810 = LINE('',#811,#812);
#811 = CARTESIAN_POINT('',(0.,1.131370849898));
#812 = VECTOR('',#813,1.);
#813 = DIRECTION('',(1.,0.));
#814 = ( GEOMETRIC_REPRESENTATION_CONTEXT(2) 
PARAMETRIC_REPRESENTATION_CONTEXT() REPRESENTATION_CONTEXT('2D SPACE',''
  ) );
#815 = ORIENTED_EDGE('',*,*,#816,.F.);
#816 = EDGE_CURVE('',#817,#794,#819,.T.);
#817 = VERTEX_POINT('',#818);
#818 = CARTESIAN_POINT('',(19.15,-15.75,-2.));
#819 = SURFACE_CURVE('',#820,(#825,#836),.PCURVE_S1.);
#820 = CIRCLE('',#821,6.4);
#821 = AXIS2_PLACEMENT_3D('',#822,#823,#824);
#822 = CARTESIAN_POINT('',(12.749999917905,-15.75,-2.));
#823 = DIRECTION('',(0.,-0.,-1.));
#824 = DIRECTION('',(1.,-4.440892098501E-16,0.));
#825 = PCURVE('',#286,#826);
#826 = DEFINITIONAL_REPRESENTATION('',(#827),#835);
#827 = ( BOUNDED_CURVE() B_SPLINE_CURVE(2,(#828,#829,#830,#831,#832,#833
,#834),.UNSPECIFIED.,.T.,.F.) B_SPLINE_CURVE_WITH_KNOTS((1,2,2,2,2,1),(
    -2.094395102393,0.,2.094395102393,4.188790204786,6.28318530718,
8.377580409573),.UNSPECIFIED.) CURVE() GEOMETRIC_REPRESENTATION_ITEM() 
RATIONAL_B_SPLINE_CURVE((1.,0.5,1.,0.5,1.,0.5,1.)) REPRESENTATION_ITEM(
  '') );
#828 = CARTESIAN_POINT('',(19.149999941592,-18.45));
#829 = CARTESIAN_POINT('',(19.149999941592,-29.53512516844));
#830 = CARTESIAN_POINT('',(9.549999941592,-23.99256258422));
#831 = CARTESIAN_POINT('',(-5.000005840784E-02,-18.45));
#832 = CARTESIAN_POINT('',(9.549999941592,-12.90743741578));
#833 = CARTESIAN_POINT('',(19.149999941592,-7.364874831559));
#834 = CARTESIAN_POINT('',(19.149999941592,-18.45));
#835 = ( GEOMETRIC_REPRESENTATION_CONTEXT(2) 
PARAMETRIC_REPRESENTATION_CONTEXT() REPRESENTATION_CONTEXT('2D SPACE',''
  ) );
#836 = PCURVE('',#837,#842);
#837 = CONICAL_SURFACE('',#838,8.,0.785398163397);
#838 = AXIS2_PLACEMENT_3D('',#839,#840,#841);
#839 = CARTESIAN_POINT('',(12.749999917905,-15.75,-0.4));
#840 = DIRECTION('',(0.,0.,1.));
#841 = DIRECTION('',(1.,-4.440892098501E-16,0.));
#842 = DEFINITIONAL_REPRESENTATION('',(#843),#847);
#843 = LINE('',#844,#845);
#844 = CARTESIAN_POINT('',(-0.,-1.6));
#845 = VECTOR('',#846,1.);
#846 = DIRECTION('',(-1.,-0.));
#847 = ( GEOMETRIC_REPRESENTATION_CONTEXT(2) 
PARAMETRIC_REPRESENTATION_CONTEXT() REPRESENTATION_CONTEXT('2D SPACE',''
  ) );
#848 = ORIENTED_EDGE('',*,*,#849,.F.);
#849 = EDGE_CURVE('',#850,#817,#852,.T.);
#850 = VERTEX_POINT('',#851);
#851 = CARTESIAN_POINT('',(19.149999917905,21.15,-2.));
#852 = SURFACE_CURVE('',#853,(#857,#864),.PCURVE_S1.);
#853 = LINE('',#854,#855);
#854 = CARTESIAN_POINT('',(19.15,21.15,-2.));
#855 = VECTOR('',#856,1.);
#856 = DIRECTION('',(-0.,-1.,-0.));
#857 = PCURVE('',#286,#858);
#858 = DEFINITIONAL_REPRESENTATION('',(#859),#863);
#859 = LINE('',#860,#861);
#860 = CARTESIAN_POINT('',(19.150000023687,18.45));
#861 = VECTOR('',#862,1.);
#862 = DIRECTION('',(-0.,-1.));
#863 = ( GEOMETRIC_REPRESENTATION_CONTEXT(2) 
PARAMETRIC_REPRESENTATION_CONTEXT() REPRESENTATION_CONTEXT('2D SPACE',''
  ) );
#864 = PCURVE('',#865,#870);
#865 = PLANE('',#866);
#866 = AXIS2_PLACEMENT_3D('',#867,#868,#869);
#867 = CARTESIAN_POINT('',(19.95,21.15,-1.2));
#868 = DIRECTION('',(0.707106781187,-2.845724904161E-17,-0.707106781187)
  );
#869 = DIRECTION('',(-2.012231377123E-17,-1.,2.012231377123E-17));
#870 = DEFINITIONAL_REPRESENTATION('',(#871),#875);
#871 = LINE('',#872,#873);
#872 = CARTESIAN_POINT('',(0.,1.131370849898));
#873 = VECTOR('',#874,1.);
#874 = DIRECTION('',(1.,0.));
#875 = ( GEOMETRIC_REPRESENTATION_CONTEXT(2) 
PARAMETRIC_REPRESENTATION_CONTEXT() REPRESENTATION_CONTEXT('2D SPACE',''
  ) );
#876 = ORIENTED_EDGE('',*,*,#877,.F.);
#877 = EDGE_CURVE('',#878,#850,#880,.T.);
#878 = VERTEX_POINT('',#879);
#879 = CARTESIAN_POINT('',(12.749999917905,27.55,-2.));
#880 = SURFACE_CURVE('',#881,(#886,#897),.PCURVE_S1.);
#881 = CIRCLE('',#882,6.4);
#882 = AXIS2_PLACEMENT_3D('',#883,#884,#885);
#883 = CARTESIAN_POINT('',(12.749999917905,21.15,-2.));
#884 = DIRECTION('',(0.,-0.,-1.));
#885 = DIRECTION('',(0.,1.,-0.));
#886 = PCURVE('',#286,#887);
#887 = DEFINITIONAL_REPRESENTATION('',(#888),#896);
#888 = ( BOUNDED_CURVE() B_SPLINE_CURVE(2,(#889,#890,#891,#892,#893,#894
,#895),.UNSPECIFIED.,.T.,.F.) B_SPLINE_CURVE_WITH_KNOTS((1,2,2,2,2,1),(
    -2.094395102393,0.,2.094395102393,4.188790204786,6.28318530718,
8.377580409573),.UNSPECIFIED.) CURVE() GEOMETRIC_REPRESENTATION_ITEM() 
RATIONAL_B_SPLINE_CURVE((1.,0.5,1.,0.5,1.,0.5,1.)) REPRESENTATION_ITEM(
  '') );
#889 = CARTESIAN_POINT('',(12.749999941592,24.85));
#890 = CARTESIAN_POINT('',(23.835125110033,24.85));
#891 = CARTESIAN_POINT('',(18.292562525813,15.25));
#892 = CARTESIAN_POINT('',(12.749999941592,5.65));
#893 = CARTESIAN_POINT('',(7.207437357372,15.25));
#894 = CARTESIAN_POINT('',(1.664874773151,24.85));
#895 = CARTESIAN_POINT('',(12.749999941592,24.85));
#896 = ( GEOMETRIC_REPRESENTATION_CONTEXT(2) 
PARAMETRIC_REPRESENTATION_CONTEXT() REPRESENTATION_CONTEXT('2D SPACE',''
  ) );
#897 = PCURVE('',#898,#903);
#898 = CONICAL_SURFACE('',#899,8.,0.785398163397);
#899 = AXIS2_PLACEMENT_3D('',#900,#901,#902);
#900 = CARTESIAN_POINT('',(12.749999917905,21.15,-0.4));
#901 = DIRECTION('',(0.,0.,1.));
#902 = DIRECTION('',(0.,1.,0.));
#903 = DEFINITIONAL_REPRESENTATION('',(#904),#908);
#904 = LINE('',#905,#906);
#905 = CARTESIAN_POINT('',(-0.,-1.6));
#906 = VECTOR('',#907,1.);
#907 = DIRECTION('',(-1.,-0.));
#908 = ( GEOMETRIC_REPRESENTATION_CONTEXT(2) 
PARAMETRIC_REPRESENTATION_CONTEXT() REPRESENTATION_CONTEXT('2D SPACE',''
  ) );
#909 = ORIENTED_EDGE('',*,*,#910,.F.);
#910 = EDGE_CURVE('',#626,#878,#911,.T.);
#911 = SURFACE_CURVE('',#912,(#916,#923),.PCURVE_S1.);
#912 = LINE('',#913,#914);
#913 = CARTESIAN_POINT('',(-12.75,27.55,-2.));
#914 = VECTOR('',#915,1.);
#915 = DIRECTION('',(1.,0.,0.));
#916 = PCURVE('',#286,#917);
#917 = DEFINITIONAL_REPRESENTATION('',(#918),#922);
#918 = LINE('',#919,#920);
#919 = CARTESIAN_POINT('',(-12.74999997631,24.85));
#920 = VECTOR('',#921,1.);
#921 = DIRECTION('',(1.,0.));
#922 = ( GEOMETRIC_REPRESENTATION_CONTEXT(2) 
PARAMETRIC_REPRESENTATION_CONTEXT() REPRESENTATION_CONTEXT('2D SPACE',''
  ) );
#923 = PCURVE('',#640,#924);
#924 = DEFINITIONAL_REPRESENTATION('',(#925),#929);
#925 = LINE('',#926,#927);
#926 = CARTESIAN_POINT('',(-0.,1.131370849898));
#927 = VECTOR('',#928,1.);
#928 = DIRECTION('',(-1.,0.));
#929 = ( GEOMETRIC_REPRESENTATION_CONTEXT(2) 
PARAMETRIC_REPRESENTATION_CONTEXT() REPRESENTATION_CONTEXT('2D SPACE',''
  ) );
#930 = ORIENTED_EDGE('',*,*,#651,.F.);
#931 = ADVANCED_FACE('',(#932),#537,.F.);
#932 = FACE_BOUND('',#933,.F.);
#933 = EDGE_LOOP('',(#934,#935,#958,#985));
#934 = ORIENTED_EDGE('',*,*,#522,.T.);
#935 = ORIENTED_EDGE('',*,*,#936,.T.);
#936 = EDGE_CURVE('',#523,#937,#939,.T.);
#937 = VERTEX_POINT('',#938);
#938 = CARTESIAN_POINT('',(12.749999917905,29.15,13.55));
#939 = SURFACE_CURVE('',#940,(#944,#951),.PCURVE_S1.);
#940 = LINE('',#941,#942);
#941 = CARTESIAN_POINT('',(12.749999917905,29.15,-2.));
#942 = VECTOR('',#943,1.);
#943 = DIRECTION('',(0.,0.,1.));
#944 = PCURVE('',#537,#945);
#945 = DEFINITIONAL_REPRESENTATION('',(#946),#950);
#946 = LINE('',#947,#948);
#947 = CARTESIAN_POINT('',(-4.55,-126.45));
#948 = VECTOR('',#949,1.);
#949 = DIRECTION('',(1.,0.));
#950 = ( GEOMETRIC_REPRESENTATION_CONTEXT(2) 
PARAMETRIC_REPRESENTATION_CONTEXT() REPRESENTATION_CONTEXT('2D SPACE',''
  ) );
#951 = PCURVE('',#696,#952);
#952 = DEFINITIONAL_REPRESENTATION('',(#953),#957);
#953 = LINE('',#954,#955);
#954 = CARTESIAN_POINT('',(-1.570796326795,0.));
#955 = VECTOR('',#956,1.);
#956 = DIRECTION('',(-0.,-1.));
#957 = ( GEOMETRIC_REPRESENTATION_CONTEXT(2) 
PARAMETRIC_REPRESENTATION_CONTEXT() REPRESENTATION_CONTEXT('2D SPACE',''
  ) );
#958 = ORIENTED_EDGE('',*,*,#959,.F.);
#959 = EDGE_CURVE('',#960,#937,#962,.T.);
#960 = VERTEX_POINT('',#961);
#961 = CARTESIAN_POINT('',(12.749999999004,27.7,13.55));
#962 = SURFACE_CURVE('',#963,(#967,#973),.PCURVE_S1.);
#963 = LINE('',#964,#965);
#964 = CARTESIAN_POINT('',(12.75,-47.3,13.55));
#965 = VECTOR('',#966,1.);
#966 = DIRECTION('',(-0.,1.,0.));
#967 = PCURVE('',#537,#968);
#968 = DEFINITIONAL_REPRESENTATION('',(#969),#972);
#969 = B_SPLINE_CURVE_WITH_KNOTS('',1,(#970,#971),.UNSPECIFIED.,.F.,.F.,
  (2,2),(23.55,76.45),.PIECEWISE_BEZIER_KNOTS.);
#970 = CARTESIAN_POINT('',(11.,-73.55));
#971 = CARTESIAN_POINT('',(11.,-126.45));
#972 = ( GEOMETRIC_REPRESENTATION_CONTEXT(2) 
PARAMETRIC_REPRESENTATION_CONTEXT() REPRESENTATION_CONTEXT('2D SPACE',''
  ) );
#973 = PCURVE('',#974,#979);
#974 = PLANE('',#975);
#975 = AXIS2_PLACEMENT_3D('',#976,#977,#978);
#976 = CARTESIAN_POINT('',(-2.368681049855E-08,2.7,13.55));
#977 = DIRECTION('',(0.,0.,1.));
#978 = DIRECTION('',(1.,0.,0.));
#979 = DEFINITIONAL_REPRESENTATION('',(#980),#984);
#980 = LINE('',#981,#982);
#981 = CARTESIAN_POINT('',(12.750000023687,-50.));
#982 = VECTOR('',#983,1.);
#983 = DIRECTION('',(0.,1.));
#984 = ( GEOMETRIC_REPRESENTATION_CONTEXT(2) 
PARAMETRIC_REPRESENTATION_CONTEXT() REPRESENTATION_CONTEXT('2D SPACE',''
  ) );
#985 = ORIENTED_EDGE('',*,*,#986,.F.);
#986 = EDGE_CURVE('',#495,#960,#987,.T.);
#987 = SURFACE_CURVE('',#988,(#992,#999),.PCURVE_S1.);
#988 = LINE('',#989,#990);
#989 = CARTESIAN_POINT('',(12.749999999004,27.7,3.55));
#990 = VECTOR('',#991,1.);
#991 = DIRECTION('',(0.,0.,1.));
#992 = PCURVE('',#537,#993);
#993 = DEFINITIONAL_REPRESENTATION('',(#994),#998);
#994 = LINE('',#995,#996);
#995 = CARTESIAN_POINT('',(1.,-125.));
#996 = VECTOR('',#997,1.);
#997 = DIRECTION('',(1.,0.));
#998 = ( GEOMETRIC_REPRESENTATION_CONTEXT(2) 
PARAMETRIC_REPRESENTATION_CONTEXT() REPRESENTATION_CONTEXT('2D SPACE',''
  ) );
#999 = PCURVE('',#510,#1000);
#1000 = DEFINITIONAL_REPRESENTATION('',(#1001),#1005);
#1001 = LINE('',#1002,#1003);
#1002 = CARTESIAN_POINT('',(25.499999999004,0.));
#1003 = VECTOR('',#1004,1.);
#1004 = DIRECTION('',(0.,-1.));
#1005 = ( GEOMETRIC_REPRESENTATION_CONTEXT(2) 
PARAMETRIC_REPRESENTATION_CONTEXT() REPRESENTATION_CONTEXT('2D SPACE',''
  ) );
#1006 = ADVANCED_FACE('',(#1007,#1055,#1161,#1267,#1373),#510,.T.);
#1007 = FACE_BOUND('',#1008,.T.);
#1008 = EDGE_LOOP('',(#1009,#1032,#1053,#1054));
#1009 = ORIENTED_EDGE('',*,*,#1010,.T.);
#1010 = EDGE_CURVE('',#466,#1011,#1013,.T.);
#1011 = VERTEX_POINT('',#1012);
#1012 = CARTESIAN_POINT('',(-12.75,27.7,13.55));
#1013 = SURFACE_CURVE('',#1014,(#1018,#1025),.PCURVE_S1.);
#1014 = LINE('',#1015,#1016);
#1015 = CARTESIAN_POINT('',(-12.75,27.7,3.55));
#1016 = VECTOR('',#1017,1.);
#1017 = DIRECTION('',(0.,0.,1.));
#1018 = PCURVE('',#510,#1019);
#1019 = DEFINITIONAL_REPRESENTATION('',(#1020),#1024);
#1020 = LINE('',#1021,#1022);
#1021 = CARTESIAN_POINT('',(0.,0.));
#1022 = VECTOR('',#1023,1.);
#1023 = DIRECTION('',(0.,-1.));
#1024 = ( GEOMETRIC_REPRESENTATION_CONTEXT(2) 
PARAMETRIC_REPRESENTATION_CONTEXT() REPRESENTATION_CONTEXT('2D SPACE',''
  ) );
#1025 = PCURVE('',#482,#1026);
#1026 = DEFINITIONAL_REPRESENTATION('',(#1027),#1031);
#1027 = LINE('',#1028,#1029);
#1028 = CARTESIAN_POINT('',(-1.570796326795,0.));
#1029 = VECTOR('',#1030,1.);
#1030 = DIRECTION('',(-0.,-1.));
#1031 = ( GEOMETRIC_REPRESENTATION_CONTEXT(2) 
PARAMETRIC_REPRESENTATION_CONTEXT() REPRESENTATION_CONTEXT('2D SPACE',''
  ) );
#1032 = ORIENTED_EDGE('',*,*,#1033,.T.);
#1033 = EDGE_CURVE('',#1011,#960,#1034,.T.);
#1034 = SURFACE_CURVE('',#1035,(#1039,#1046),.PCURVE_S1.);
#1035 = LINE('',#1036,#1037);
#1036 = CARTESIAN_POINT('',(3.37507799486E-14,27.7,13.55));
#1037 = VECTOR('',#1038,1.);
#1038 = DIRECTION('',(1.,0.,0.));
#1039 = PCURVE('',#510,#1040);
#1040 = DEFINITIONAL_REPRESENTATION('',(#1041),#1045);
#1041 = LINE('',#1042,#1043);
#1042 = CARTESIAN_POINT('',(12.75,-10.));
#1043 = VECTOR('',#1044,1.);
#1044 = DIRECTION('',(1.,0.));
#1045 = ( GEOMETRIC_REPRESENTATION_CONTEXT(2) 
PARAMETRIC_REPRESENTATION_CONTEXT() REPRESENTATION_CONTEXT('2D SPACE',''
  ) );
#1046 = PCURVE('',#974,#1047);
#1047 = DEFINITIONAL_REPRESENTATION('',(#1048),#1052);
#1048 = LINE('',#1049,#1050);
#1049 = CARTESIAN_POINT('',(2.368684424933E-08,25.));
#1050 = VECTOR('',#1051,1.);
#1051 = DIRECTION('',(1.,0.));
#1052 = ( GEOMETRIC_REPRESENTATION_CONTEXT(2) 
PARAMETRIC_REPRESENTATION_CONTEXT() REPRESENTATION_CONTEXT('2D SPACE',''
  ) );
#1053 = ORIENTED_EDGE('',*,*,#986,.F.);
#1054 = ORIENTED_EDGE('',*,*,#494,.F.);
#1055 = FACE_BOUND('',#1056,.T.);
#1056 = EDGE_LOOP('',(#1057,#1085,#1111,#1137));
#1057 = ORIENTED_EDGE('',*,*,#1058,.F.);
#1058 = EDGE_CURVE('',#1059,#1061,#1063,.T.);
#1059 = VERTEX_POINT('',#1060);
#1060 = CARTESIAN_POINT('',(-2.7,27.7,9.));
#1061 = VERTEX_POINT('',#1062);
#1062 = CARTESIAN_POINT('',(-1.7,27.7,9.));
#1063 = SURFACE_CURVE('',#1064,(#1068,#1074),.PCURVE_S1.);
#1064 = LINE('',#1065,#1066);
#1065 = CARTESIAN_POINT('',(-7.725,27.7,9.));
#1066 = VECTOR('',#1067,1.);
#1067 = DIRECTION('',(1.,0.,0.));
#1068 = PCURVE('',#510,#1069);
#1069 = DEFINITIONAL_REPRESENTATION('',(#1070),#1073);
#1070 = B_SPLINE_CURVE_WITH_KNOTS('',1,(#1071,#1072),.UNSPECIFIED.,.F.,
  .F.,(2,2),(5.025,6.025),.PIECEWISE_BEZIER_KNOTS.);
#1071 = CARTESIAN_POINT('',(10.05,-5.45));
#1072 = CARTESIAN_POINT('',(11.05,-5.45));
#1073 = ( GEOMETRIC_REPRESENTATION_CONTEXT(2) 
PARAMETRIC_REPRESENTATION_CONTEXT() REPRESENTATION_CONTEXT('2D SPACE',''
  ) );
#1074 = PCURVE('',#1075,#1080);
#1075 = PLANE('',#1076);
#1076 = AXIS2_PLACEMENT_3D('',#1077,#1078,#1079);
#1077 = CARTESIAN_POINT('',(-2.7,25.75,9.));
#1078 = DIRECTION('',(0.,0.,1.));
#1079 = DIRECTION('',(1.,0.,-0.));
#1080 = DEFINITIONAL_REPRESENTATION('',(#1081),#1084);
#1081 = B_SPLINE_CURVE_WITH_KNOTS('',1,(#1082,#1083),.UNSPECIFIED.,.F.,
  .F.,(2,2),(5.025,6.025),.PIECEWISE_BEZIER_KNOTS.);
#1082 = CARTESIAN_POINT('',(0.,1.95));
#1083 = CARTESIAN_POINT('',(1.,1.95));
#1084 = ( GEOMETRIC_REPRESENTATION_CONTEXT(2) 
PARAMETRIC_REPRESENTATION_CONTEXT() REPRESENTATION_CONTEXT('2D SPACE',''
  ) );
#1085 = ORIENTED_EDGE('',*,*,#1086,.T.);
#1086 = EDGE_CURVE('',#1059,#1087,#1089,.T.);
#1087 = VERTEX_POINT('',#1088);
#1088 = CARTESIAN_POINT('',(-2.7,27.7,5.));
#1089 = SURFACE_CURVE('',#1090,(#1094,#1100),.PCURVE_S1.);
#1090 = LINE('',#1091,#1092);
#1091 = CARTESIAN_POINT('',(-2.7,27.7,4.275));
#1092 = VECTOR('',#1093,1.);
#1093 = DIRECTION('',(-0.,0.,-1.));
#1094 = PCURVE('',#510,#1095);
#1095 = DEFINITIONAL_REPRESENTATION('',(#1096),#1099);
#1096 = B_SPLINE_CURVE_WITH_KNOTS('',1,(#1097,#1098),.UNSPECIFIED.,.F.,
  .F.,(2,2),(-4.725,-0.725),.PIECEWISE_BEZIER_KNOTS.);
#1097 = CARTESIAN_POINT('',(10.05,-5.45));
#1098 = CARTESIAN_POINT('',(10.05,-1.45));
#1099 = ( GEOMETRIC_REPRESENTATION_CONTEXT(2) 
PARAMETRIC_REPRESENTATION_CONTEXT() REPRESENTATION_CONTEXT('2D SPACE',''
  ) );
#1100 = PCURVE('',#1101,#1106);
#1101 = PLANE('',#1102);
#1102 = AXIS2_PLACEMENT_3D('',#1103,#1104,#1105);
#1103 = CARTESIAN_POINT('',(-2.7,25.75,5.));
#1104 = DIRECTION('',(1.,0.,-0.));
#1105 = DIRECTION('',(0.,0.,1.));
#1106 = DEFINITIONAL_REPRESENTATION('',(#1107),#1110);
#1107 = B_SPLINE_CURVE_WITH_KNOTS('',1,(#1108,#1109),.UNSPECIFIED.,.F.,
  .F.,(2,2),(-4.725,-0.725),.PIECEWISE_BEZIER_KNOTS.);
#1108 = CARTESIAN_POINT('',(4.,-1.95));
#1109 = CARTESIAN_POINT('',(0.,-1.95));
#1110 = ( GEOMETRIC_REPRESENTATION_CONTEXT(2) 
PARAMETRIC_REPRESENTATION_CONTEXT() REPRESENTATION_CONTEXT('2D SPACE',''
  ) );
#1111 = ORIENTED_EDGE('',*,*,#1112,.T.);
#1112 = EDGE_CURVE('',#1087,#1113,#1115,.T.);
#1113 = VERTEX_POINT('',#1114);
#1114 = CARTESIAN_POINT('',(-1.7,27.7,5.));
#1115 = SURFACE_CURVE('',#1116,(#1120,#1126),.PCURVE_S1.);
#1116 = LINE('',#1117,#1118);
#1117 = CARTESIAN_POINT('',(-7.725,27.7,5.));
#1118 = VECTOR('',#1119,1.);
#1119 = DIRECTION('',(1.,0.,0.));
#1120 = PCURVE('',#510,#1121);
#1121 = DEFINITIONAL_REPRESENTATION('',(#1122),#1125);
#1122 = B_SPLINE_CURVE_WITH_KNOTS('',1,(#1123,#1124),.UNSPECIFIED.,.F.,
  .F.,(2,2),(5.025,6.025),.PIECEWISE_BEZIER_KNOTS.);
#1123 = CARTESIAN_POINT('',(10.05,-1.45));
#1124 = CARTESIAN_POINT('',(11.05,-1.45));
#1125 = ( GEOMETRIC_REPRESENTATION_CONTEXT(2) 
PARAMETRIC_REPRESENTATION_CONTEXT() REPRESENTATION_CONTEXT('2D SPACE',''
  ) );
#1126 = PCURVE('',#1127,#1132);
#1127 = PLANE('',#1128);
#1128 = AXIS2_PLACEMENT_3D('',#1129,#1130,#1131);
#1129 = CARTESIAN_POINT('',(-2.7,25.75,5.));
#1130 = DIRECTION('',(0.,0.,1.));
#1131 = DIRECTION('',(1.,0.,-0.));
#1132 = DEFINITIONAL_REPRESENTATION('',(#1133),#1136);
#1133 = B_SPLINE_CURVE_WITH_KNOTS('',1,(#1134,#1135),.UNSPECIFIED.,.F.,
  .F.,(2,2),(5.025,6.025),.PIECEWISE_BEZIER_KNOTS.);
#1134 = CARTESIAN_POINT('',(0.,1.95));
#1135 = CARTESIAN_POINT('',(1.,1.95));
#1136 = ( GEOMETRIC_REPRESENTATION_CONTEXT(2) 
PARAMETRIC_REPRESENTATION_CONTEXT() REPRESENTATION_CONTEXT('2D SPACE',''
  ) );
#1137 = ORIENTED_EDGE('',*,*,#1138,.F.);
#1138 = EDGE_CURVE('',#1061,#1113,#1139,.T.);
#1139 = SURFACE_CURVE('',#1140,(#1144,#1150),.PCURVE_S1.);
#1140 = LINE('',#1141,#1142);
#1141 = CARTESIAN_POINT('',(-1.7,27.7,4.275));
#1142 = VECTOR('',#1143,1.);
#1143 = DIRECTION('',(-0.,0.,-1.));
#1144 = PCURVE('',#510,#1145);
#1145 = DEFINITIONAL_REPRESENTATION('',(#1146),#1149);
#1146 = B_SPLINE_CURVE_WITH_KNOTS('',1,(#1147,#1148),.UNSPECIFIED.,.F.,
  .F.,(2,2),(-4.725,-0.725),.PIECEWISE_BEZIER_KNOTS.);
#1147 = CARTESIAN_POINT('',(11.05,-5.45));
#1148 = CARTESIAN_POINT('',(11.05,-1.45));
#1149 = ( GEOMETRIC_REPRESENTATION_CONTEXT(2) 
PARAMETRIC_REPRESENTATION_CONTEXT() REPRESENTATION_CONTEXT('2D SPACE',''
  ) );
#1150 = PCURVE('',#1151,#1156);
#1151 = PLANE('',#1152);
#1152 = AXIS2_PLACEMENT_3D('',#1153,#1154,#1155);
#1153 = CARTESIAN_POINT('',(-1.7,25.75,5.));
#1154 = DIRECTION('',(1.,0.,-0.));
#1155 = DIRECTION('',(0.,0.,1.));
#1156 = DEFINITIONAL_REPRESENTATION('',(#1157),#1160);
#1157 = B_SPLINE_CURVE_WITH_KNOTS('',1,(#1158,#1159),.UNSPECIFIED.,.F.,
  .F.,(2,2),(-4.725,-0.725),.PIECEWISE_BEZIER_KNOTS.);
#1158 = CARTESIAN_POINT('',(4.,-1.95));
#1159 = CARTESIAN_POINT('',(0.,-1.95));
#1160 = ( GEOMETRIC_REPRESENTATION_CONTEXT(2) 
PARAMETRIC_REPRESENTATION_CONTEXT() REPRESENTATION_CONTEXT('2D SPACE',''
  ) );
#1161 = FACE_BOUND('',#1162,.T.);
#1162 = EDGE_LOOP('',(#1163,#1191,#1217,#1243));
#1163 = ORIENTED_EDGE('',*,*,#1164,.F.);
#1164 = EDGE_CURVE('',#1165,#1167,#1169,.T.);
#1165 = VERTEX_POINT('',#1166);
#1166 = CARTESIAN_POINT('',(-0.7,27.7,9.));
#1167 = VERTEX_POINT('',#1168);
#1168 = CARTESIAN_POINT('',(0.3,27.7,9.));
#1169 = SURFACE_CURVE('',#1170,(#1174,#1180),.PCURVE_S1.);
#1170 = LINE('',#1171,#1172);
#1171 = CARTESIAN_POINT('',(-6.725,27.7,9.));
#1172 = VECTOR('',#1173,1.);
#1173 = DIRECTION('',(1.,0.,0.));
#1174 = PCURVE('',#510,#1175);
#1175 = DEFINITIONAL_REPRESENTATION('',(#1176),#1179);
#1176 = B_SPLINE_CURVE_WITH_KNOTS('',1,(#1177,#1178),.UNSPECIFIED.,.F.,
  .F.,(2,2),(6.025,7.025),.PIECEWISE_BEZIER_KNOTS.);
#1177 = CARTESIAN_POINT('',(12.05,-5.45));
#1178 = CARTESIAN_POINT('',(13.05,-5.45));
#1179 = ( GEOMETRIC_REPRESENTATION_CONTEXT(2) 
PARAMETRIC_REPRESENTATION_CONTEXT() REPRESENTATION_CONTEXT('2D SPACE',''
  ) );
#1180 = PCURVE('',#1181,#1186);
#1181 = PLANE('',#1182);
#1182 = AXIS2_PLACEMENT_3D('',#1183,#1184,#1185);
#1183 = CARTESIAN_POINT('',(-0.7,25.75,9.));
#1184 = DIRECTION('',(0.,0.,1.));
#1185 = DIRECTION('',(1.,0.,-0.));
#1186 = DEFINITIONAL_REPRESENTATION('',(#1187),#1190);
#1187 = B_SPLINE_CURVE_WITH_KNOTS('',1,(#1188,#1189),.UNSPECIFIED.,.F.,
  .F.,(2,2),(6.025,7.025),.PIECEWISE_BEZIER_KNOTS.);
#1188 = CARTESIAN_POINT('',(0.,1.95));
#1189 = CARTESIAN_POINT('',(1.,1.95));
#1190 = ( GEOMETRIC_REPRESENTATION_CONTEXT(2) 
PARAMETRIC_REPRESENTATION_CONTEXT() REPRESENTATION_CONTEXT('2D SPACE',''
  ) );
#1191 = ORIENTED_EDGE('',*,*,#1192,.T.);
#1192 = EDGE_CURVE('',#1165,#1193,#1195,.T.);
#1193 = VERTEX_POINT('',#1194);
#1194 = CARTESIAN_POINT('',(-0.7,27.7,5.));
#1195 = SURFACE_CURVE('',#1196,(#1200,#1206),.PCURVE_S1.);
#1196 = LINE('',#1197,#1198);
#1197 = CARTESIAN_POINT('',(-0.7,27.7,4.275));
#1198 = VECTOR('',#1199,1.);
#1199 = DIRECTION('',(-0.,0.,-1.));
#1200 = PCURVE('',#510,#1201);
#1201 = DEFINITIONAL_REPRESENTATION('',(#1202),#1205);
#1202 = B_SPLINE_CURVE_WITH_KNOTS('',1,(#1203,#1204),.UNSPECIFIED.,.F.,
  .F.,(2,2),(-4.725,-0.725),.PIECEWISE_BEZIER_KNOTS.);
#1203 = CARTESIAN_POINT('',(12.05,-5.45));
#1204 = CARTESIAN_POINT('',(12.05,-1.45));
#1205 = ( GEOMETRIC_REPRESENTATION_CONTEXT(2) 
PARAMETRIC_REPRESENTATION_CONTEXT() REPRESENTATION_CONTEXT('2D SPACE',''
  ) );
#1206 = PCURVE('',#1207,#1212);
#1207 = PLANE('',#1208);
#1208 = AXIS2_PLACEMENT_3D('',#1209,#1210,#1211);
#1209 = CARTESIAN_POINT('',(-0.7,25.75,5.));
#1210 = DIRECTION('',(1.,0.,-0.));
#1211 = DIRECTION('',(0.,0.,1.));
#1212 = DEFINITIONAL_REPRESENTATION('',(#1213),#1216);
#1213 = B_SPLINE_CURVE_WITH_KNOTS('',1,(#1214,#1215),.UNSPECIFIED.,.F.,
  .F.,(2,2),(-4.725,-0.725),.PIECEWISE_BEZIER_KNOTS.);
#1214 = CARTESIAN_POINT('',(4.,-1.95));
#1215 = CARTESIAN_POINT('',(0.,-1.95));
#1216 = ( GEOMETRIC_REPRESENTATION_CONTEXT(2) 
PARAMETRIC_REPRESENTATION_CONTEXT() REPRESENTATION_CONTEXT('2D SPACE',''
  ) );
#1217 = ORIENTED_EDGE('',*,*,#1218,.T.);
#1218 = EDGE_CURVE('',#1193,#1219,#1221,.T.);
#1219 = VERTEX_POINT('',#1220);
#1220 = CARTESIAN_POINT('',(0.3,27.7,5.));
#1221 = SURFACE_CURVE('',#1222,(#1226,#1232),.PCURVE_S1.);
#1222 = LINE('',#1223,#1224);
#1223 = CARTESIAN_POINT('',(-6.725,27.7,5.));
#1224 = VECTOR('',#1225,1.);
#1225 = DIRECTION('',(1.,0.,0.));
#1226 = PCURVE('',#510,#1227);
#1227 = DEFINITIONAL_REPRESENTATION('',(#1228),#1231);
#1228 = B_SPLINE_CURVE_WITH_KNOTS('',1,(#1229,#1230),.UNSPECIFIED.,.F.,
  .F.,(2,2),(6.025,7.025),.PIECEWISE_BEZIER_KNOTS.);
#1229 = CARTESIAN_POINT('',(12.05,-1.45));
#1230 = CARTESIAN_POINT('',(13.05,-1.45));
#1231 = ( GEOMETRIC_REPRESENTATION_CONTEXT(2) 
PARAMETRIC_REPRESENTATION_CONTEXT() REPRESENTATION_CONTEXT('2D SPACE',''
  ) );
#1232 = PCURVE('',#1233,#1238);
#1233 = PLANE('',#1234);
#1234 = AXIS2_PLACEMENT_3D('',#1235,#1236,#1237);
#1235 = CARTESIAN_POINT('',(-0.7,25.75,5.));
#1236 = DIRECTION('',(0.,0.,1.));
#1237 = DIRECTION('',(1.,0.,-0.));
#1238 = DEFINITIONAL_REPRESENTATION('',(#1239),#1242);
#1239 = B_SPLINE_CURVE_WITH_KNOTS('',1,(#1240,#1241),.UNSPECIFIED.,.F.,
  .F.,(2,2),(6.025,7.025),.PIECEWISE_BEZIER_KNOTS.);
#1240 = CARTESIAN_POINT('',(0.,1.95));
#1241 = CARTESIAN_POINT('',(1.,1.95));
#1242 = ( GEOMETRIC_REPRESENTATION_CONTEXT(2) 
PARAMETRIC_REPRESENTATION_CONTEXT() REPRESENTATION_CONTEXT('2D SPACE',''
  ) );
#1243 = ORIENTED_EDGE('',*,*,#1244,.F.);
#1244 = EDGE_CURVE('',#1167,#1219,#1245,.T.);
#1245 = SURFACE_CURVE('',#1246,(#1250,#1256),.PCURVE_S1.);
#1246 = LINE('',#1247,#1248);
#1247 = CARTESIAN_POINT('',(0.3,27.7,4.275));
#1248 = VECTOR('',#1249,1.);
#1249 = DIRECTION('',(-0.,0.,-1.));
#1250 = PCURVE('',#510,#1251);
#1251 = DEFINITIONAL_REPRESENTATION('',(#1252),#1255);
#1252 = B_SPLINE_CURVE_WITH_KNOTS('',1,(#1253,#1254),.UNSPECIFIED.,.F.,
  .F.,(2,2),(-4.725,-0.725),.PIECEWISE_BEZIER_KNOTS.);
#1253 = CARTESIAN_POINT('',(13.05,-5.45));
#1254 = CARTESIAN_POINT('',(13.05,-1.45));
#1255 = ( GEOMETRIC_REPRESENTATION_CONTEXT(2) 
PARAMETRIC_REPRESENTATION_CONTEXT() REPRESENTATION_CONTEXT('2D SPACE',''
  ) );
#1256 = PCURVE('',#1257,#1262);
#1257 = PLANE('',#1258);
#1258 = AXIS2_PLACEMENT_3D('',#1259,#1260,#1261);
#1259 = CARTESIAN_POINT('',(0.3,25.75,5.));
#1260 = DIRECTION('',(1.,0.,-0.));
#1261 = DIRECTION('',(0.,0.,1.));
#1262 = DEFINITIONAL_REPRESENTATION('',(#1263),#1266);
#1263 = B_SPLINE_CURVE_WITH_KNOTS('',1,(#1264,#1265),.UNSPECIFIED.,.F.,
  .F.,(2,2),(-4.725,-0.725),.PIECEWISE_BEZIER_KNOTS.);
#1264 = CARTESIAN_POINT('',(4.,-1.95));
#1265 = CARTESIAN_POINT('',(0.,-1.95));
#1266 = ( GEOMETRIC_REPRESENTATION_CONTEXT(2) 
PARAMETRIC_REPRESENTATION_CONTEXT() REPRESENTATION_CONTEXT('2D SPACE',''
  ) );
#1267 = FACE_BOUND('',#1268,.T.);
#1268 = EDGE_LOOP('',(#1269,#1297,#1323,#1349));
#1269 = ORIENTED_EDGE('',*,*,#1270,.F.);
#1270 = EDGE_CURVE('',#1271,#1273,#1275,.T.);
#1271 = VERTEX_POINT('',#1272);
#1272 = CARTESIAN_POINT('',(1.3,27.7,9.));
#1273 = VERTEX_POINT('',#1274);
#1274 = CARTESIAN_POINT('',(2.3,27.7,9.));
#1275 = SURFACE_CURVE('',#1276,(#1280,#1286),.PCURVE_S1.);
#1276 = LINE('',#1277,#1278);
#1277 = CARTESIAN_POINT('',(-5.725,27.7,9.));
#1278 = VECTOR('',#1279,1.);
#1279 = DIRECTION('',(1.,0.,0.));
#1280 = PCURVE('',#510,#1281);
#1281 = DEFINITIONAL_REPRESENTATION('',(#1282),#1285);
#1282 = B_SPLINE_CURVE_WITH_KNOTS('',1,(#1283,#1284),.UNSPECIFIED.,.F.,
  .F.,(2,2),(7.025,8.025),.PIECEWISE_BEZIER_KNOTS.);
#1283 = CARTESIAN_POINT('',(14.05,-5.45));
#1284 = CARTESIAN_POINT('',(15.05,-5.45));
#1285 = ( GEOMETRIC_REPRESENTATION_CONTEXT(2) 
PARAMETRIC_REPRESENTATION_CONTEXT() REPRESENTATION_CONTEXT('2D SPACE',''
  ) );
#1286 = PCURVE('',#1287,#1292);
#1287 = PLANE('',#1288);
#1288 = AXIS2_PLACEMENT_3D('',#1289,#1290,#1291);
#1289 = CARTESIAN_POINT('',(1.3,25.75,9.));
#1290 = DIRECTION('',(0.,0.,1.));
#1291 = DIRECTION('',(1.,0.,-0.));
#1292 = DEFINITIONAL_REPRESENTATION('',(#1293),#1296);
#1293 = B_SPLINE_CURVE_WITH_KNOTS('',1,(#1294,#1295),.UNSPECIFIED.,.F.,
  .F.,(2,2),(7.025,8.025),.PIECEWISE_BEZIER_KNOTS.);
#1294 = CARTESIAN_POINT('',(0.,1.95));
#1295 = CARTESIAN_POINT('',(1.,1.95));
#1296 = ( GEOMETRIC_REPRESENTATION_CONTEXT(2) 
PARAMETRIC_REPRESENTATION_CONTEXT() REPRESENTATION_CONTEXT('2D SPACE',''
  ) );
#1297 = ORIENTED_EDGE('',*,*,#1298,.T.);
#1298 = EDGE_CURVE('',#1271,#1299,#1301,.T.);
#1299 = VERTEX_POINT('',#1300);
#1300 = CARTESIAN_POINT('',(1.3,27.7,5.));
#1301 = SURFACE_CURVE('',#1302,(#1306,#1312),.PCURVE_S1.);
#1302 = LINE('',#1303,#1304);
#1303 = CARTESIAN_POINT('',(1.3,27.7,4.275));
#1304 = VECTOR('',#1305,1.);
#1305 = DIRECTION('',(-0.,0.,-1.));
#1306 = PCURVE('',#510,#1307);
#1307 = DEFINITIONAL_REPRESENTATION('',(#1308),#1311);
#1308 = B_SPLINE_CURVE_WITH_KNOTS('',1,(#1309,#1310),.UNSPECIFIED.,.F.,
  .F.,(2,2),(-4.725,-0.725),.PIECEWISE_BEZIER_KNOTS.);
#1309 = CARTESIAN_POINT('',(14.05,-5.45));
#1310 = CARTESIAN_POINT('',(14.05,-1.45));
#1311 = ( GEOMETRIC_REPRESENTATION_CONTEXT(2) 
PARAMETRIC_REPRESENTATION_CONTEXT() REPRESENTATION_CONTEXT('2D SPACE',''
  ) );
#1312 = PCURVE('',#1313,#1318);
#1313 = PLANE('',#1314);
#1314 = AXIS2_PLACEMENT_3D('',#1315,#1316,#1317);
#1315 = CARTESIAN_POINT('',(1.3,25.75,5.));
#1316 = DIRECTION('',(1.,0.,-0.));
#1317 = DIRECTION('',(0.,0.,1.));
#1318 = DEFINITIONAL_REPRESENTATION('',(#1319),#1322);
#1319 = B_SPLINE_CURVE_WITH_KNOTS('',1,(#1320,#1321),.UNSPECIFIED.,.F.,
  .F.,(2,2),(-4.725,-0.725),.PIECEWISE_BEZIER_KNOTS.);
#1320 = CARTESIAN_POINT('',(4.,-1.95));
#1321 = CARTESIAN_POINT('',(0.,-1.95));
#1322 = ( GEOMETRIC_REPRESENTATION_CONTEXT(2) 
PARAMETRIC_REPRESENTATION_CONTEXT() REPRESENTATION_CONTEXT('2D SPACE',''
  ) );
#1323 = ORIENTED_EDGE('',*,*,#1324,.T.);
#1324 = EDGE_CURVE('',#1299,#1325,#1327,.T.);
#1325 = VERTEX_POINT('',#1326);
#1326 = CARTESIAN_POINT('',(2.3,27.7,5.));
#1327 = SURFACE_CURVE('',#1328,(#1332,#1338),.PCURVE_S1.);
#1328 = LINE('',#1329,#1330);
#1329 = CARTESIAN_POINT('',(-5.725,27.7,5.));
#1330 = VECTOR('',#1331,1.);
#1331 = DIRECTION('',(1.,0.,0.));
#1332 = PCURVE('',#510,#1333);
#1333 = DEFINITIONAL_REPRESENTATION('',(#1334),#1337);
#1334 = B_SPLINE_CURVE_WITH_KNOTS('',1,(#1335,#1336),.UNSPECIFIED.,.F.,
  .F.,(2,2),(7.025,8.025),.PIECEWISE_BEZIER_KNOTS.);
#1335 = CARTESIAN_POINT('',(14.05,-1.45));
#1336 = CARTESIAN_POINT('',(15.05,-1.45));
#1337 = ( GEOMETRIC_REPRESENTATION_CONTEXT(2) 
PARAMETRIC_REPRESENTATION_CONTEXT() REPRESENTATION_CONTEXT('2D SPACE',''
  ) );
#1338 = PCURVE('',#1339,#1344);
#1339 = PLANE('',#1340);
#1340 = AXIS2_PLACEMENT_3D('',#1341,#1342,#1343);
#1341 = CARTESIAN_POINT('',(1.3,25.75,5.));
#1342 = DIRECTION('',(0.,0.,1.));
#1343 = DIRECTION('',(1.,0.,-0.));
#1344 = DEFINITIONAL_REPRESENTATION('',(#1345),#1348);
#1345 = B_SPLINE_CURVE_WITH_KNOTS('',1,(#1346,#1347),.UNSPECIFIED.,.F.,
  .F.,(2,2),(7.025,8.025),.PIECEWISE_BEZIER_KNOTS.);
#1346 = CARTESIAN_POINT('',(0.,1.95));
#1347 = CARTESIAN_POINT('',(1.,1.95));
#1348 = ( GEOMETRIC_REPRESENTATION_CONTEXT(2) 
PARAMETRIC_REPRESENTATION_CONTEXT() REPRESENTATION_CONTEXT('2D SPACE',''
  ) );
#1349 = ORIENTED_EDGE('',*,*,#1350,.F.);
#1350 = EDGE_CURVE('',#1273,#1325,#1351,.T.);
#1351 = SURFACE_CURVE('',#1352,(#1356,#1362),.PCURVE_S1.);
#1352 = LINE('',#1353,#1354);
#1353 = CARTESIAN_POINT('',(2.3,27.7,4.275));
#1354 = VECTOR('',#1355,1.);
#1355 = DIRECTION('',(-0.,0.,-1.));
#1356 = PCURVE('',#510,#1357);
#1357 = DEFINITIONAL_REPRESENTATION('',(#1358),#1361);
#1358 = B_SPLINE_CURVE_WITH_KNOTS('',1,(#1359,#1360),.UNSPECIFIED.,.F.,
  .F.,(2,2),(-4.725,-0.725),.PIECEWISE_BEZIER_KNOTS.);
#1359 = CARTESIAN_POINT('',(15.05,-5.45));
#1360 = CARTESIAN_POINT('',(15.05,-1.45));
#1361 = ( GEOMETRIC_REPRESENTATION_CONTEXT(2) 
PARAMETRIC_REPRESENTATION_CONTEXT() REPRESENTATION_CONTEXT('2D SPACE',''
  ) );
#1362 = PCURVE('',#1363,#1368);
#1363 = PLANE('',#1364);
#1364 = AXIS2_PLACEMENT_3D('',#1365,#1366,#1367);
#1365 = CARTESIAN_POINT('',(2.3,25.75,5.));
#1366 = DIRECTION('',(1.,0.,-0.));
#1367 = DIRECTION('',(0.,0.,1.));
#1368 = DEFINITIONAL_REPRESENTATION('',(#1369),#1372);
#1369 = B_SPLINE_CURVE_WITH_KNOTS('',1,(#1370,#1371),.UNSPECIFIED.,.F.,
  .F.,(2,2),(-4.725,-0.725),.PIECEWISE_BEZIER_KNOTS.);
#1370 = CARTESIAN_POINT('',(4.,-1.95));
#1371 = CARTESIAN_POINT('',(0.,-1.95));
#1372 = ( GEOMETRIC_REPRESENTATION_CONTEXT(2) 
PARAMETRIC_REPRESENTATION_CONTEXT() REPRESENTATION_CONTEXT('2D SPACE',''
  ) );
#1373 = FACE_BOUND('',#1374,.T.);
#1374 = EDGE_LOOP('',(#1375,#1403,#1429,#1455));
#1375 = ORIENTED_EDGE('',*,*,#1376,.F.);
#1376 = EDGE_CURVE('',#1377,#1379,#1381,.T.);
#1377 = VERTEX_POINT('',#1378);
#1378 = CARTESIAN_POINT('',(3.3,27.7,9.));
#1379 = VERTEX_POINT('',#1380);
#1380 = CARTESIAN_POINT('',(4.3,27.7,9.));
#1381 = SURFACE_CURVE('',#1382,(#1386,#1392),.PCURVE_S1.);
#1382 = LINE('',#1383,#1384);
#1383 = CARTESIAN_POINT('',(-4.725,27.7,9.));
#1384 = VECTOR('',#1385,1.);
#1385 = DIRECTION('',(1.,0.,0.));
#1386 = PCURVE('',#510,#1387);
#1387 = DEFINITIONAL_REPRESENTATION('',(#1388),#1391);
#1388 = B_SPLINE_CURVE_WITH_KNOTS('',1,(#1389,#1390),.UNSPECIFIED.,.F.,
  .F.,(2,2),(8.025,9.025),.PIECEWISE_BEZIER_KNOTS.);
#1389 = CARTESIAN_POINT('',(16.05,-5.45));
#1390 = CARTESIAN_POINT('',(17.05,-5.45));
#1391 = ( GEOMETRIC_REPRESENTATION_CONTEXT(2) 
PARAMETRIC_REPRESENTATION_CONTEXT() REPRESENTATION_CONTEXT('2D SPACE',''
  ) );
#1392 = PCURVE('',#1393,#1398);
#1393 = PLANE('',#1394);
#1394 = AXIS2_PLACEMENT_3D('',#1395,#1396,#1397);
#1395 = CARTESIAN_POINT('',(3.3,25.75,9.));
#1396 = DIRECTION('',(0.,0.,1.));
#1397 = DIRECTION('',(1.,0.,-0.));
#1398 = DEFINITIONAL_REPRESENTATION('',(#1399),#1402);
#1399 = B_SPLINE_CURVE_WITH_KNOTS('',1,(#1400,#1401),.UNSPECIFIED.,.F.,
  .F.,(2,2),(8.025,9.025),.PIECEWISE_BEZIER_KNOTS.);
#1400 = CARTESIAN_POINT('',(0.,1.95));
#1401 = CARTESIAN_POINT('',(1.,1.95));
#1402 = ( GEOMETRIC_REPRESENTATION_CONTEXT(2) 
PARAMETRIC_REPRESENTATION_CONTEXT() REPRESENTATION_CONTEXT('2D SPACE',''
  ) );
#1403 = ORIENTED_EDGE('',*,*,#1404,.T.);
#1404 = EDGE_CURVE('',#1377,#1405,#1407,.T.);
#1405 = VERTEX_POINT('',#1406);
#1406 = CARTESIAN_POINT('',(3.3,27.7,5.));
#1407 = SURFACE_CURVE('',#1408,(#1412,#1418),.PCURVE_S1.);
#1408 = LINE('',#1409,#1410);
#1409 = CARTESIAN_POINT('',(3.3,27.7,4.275));
#1410 = VECTOR('',#1411,1.);
#1411 = DIRECTION('',(-0.,0.,-1.));
#1412 = PCURVE('',#510,#1413);
#1413 = DEFINITIONAL_REPRESENTATION('',(#1414),#1417);
#1414 = B_SPLINE_CURVE_WITH_KNOTS('',1,(#1415,#1416),.UNSPECIFIED.,.F.,
  .F.,(2,2),(-4.725,-0.725),.PIECEWISE_BEZIER_KNOTS.);
#1415 = CARTESIAN_POINT('',(16.05,-5.45));
#1416 = CARTESIAN_POINT('',(16.05,-1.45));
#1417 = ( GEOMETRIC_REPRESENTATION_CONTEXT(2) 
PARAMETRIC_REPRESENTATION_CONTEXT() REPRESENTATION_CONTEXT('2D SPACE',''
  ) );
#1418 = PCURVE('',#1419,#1424);
#1419 = PLANE('',#1420);
#1420 = AXIS2_PLACEMENT_3D('',#1421,#1422,#1423);
#1421 = CARTESIAN_POINT('',(3.3,25.75,5.));
#1422 = DIRECTION('',(1.,0.,-0.));
#1423 = DIRECTION('',(0.,0.,1.));
#1424 = DEFINITIONAL_REPRESENTATION('',(#1425),#1428);
#1425 = B_SPLINE_CURVE_WITH_KNOTS('',1,(#1426,#1427),.UNSPECIFIED.,.F.,
  .F.,(2,2),(-4.725,-0.725),.PIECEWISE_BEZIER_KNOTS.);
#1426 = CARTESIAN_POINT('',(4.,-1.95));
#1427 = CARTESIAN_POINT('',(0.,-1.95));
#1428 = ( GEOMETRIC_REPRESENTATION_CONTEXT(2) 
PARAMETRIC_REPRESENTATION_CONTEXT() REPRESENTATION_CONTEXT('2D SPACE',''
  ) );
#1429 = ORIENTED_EDGE('',*,*,#1430,.T.);
#1430 = EDGE_CURVE('',#1405,#1431,#1433,.T.);
#1431 = VERTEX_POINT('',#1432);
#1432 = CARTESIAN_POINT('',(4.3,27.7,5.));
#1433 = SURFACE_CURVE('',#1434,(#1438,#1444),.PCURVE_S1.);
#1434 = LINE('',#1435,#1436);
#1435 = CARTESIAN_POINT('',(-4.725,27.7,5.));
#1436 = VECTOR('',#1437,1.);
#1437 = DIRECTION('',(1.,0.,0.));
#1438 = PCURVE('',#510,#1439);
#1439 = DEFINITIONAL_REPRESENTATION('',(#1440),#1443);
#1440 = B_SPLINE_CURVE_WITH_KNOTS('',1,(#1441,#1442),.UNSPECIFIED.,.F.,
  .F.,(2,2),(8.025,9.025),.PIECEWISE_BEZIER_KNOTS.);
#1441 = CARTESIAN_POINT('',(16.05,-1.45));
#1442 = CARTESIAN_POINT('',(17.05,-1.45));
#1443 = ( GEOMETRIC_REPRESENTATION_CONTEXT(2) 
PARAMETRIC_REPRESENTATION_CONTEXT() REPRESENTATION_CONTEXT('2D SPACE',''
  ) );
#1444 = PCURVE('',#1445,#1450);
#1445 = PLANE('',#1446);
#1446 = AXIS2_PLACEMENT_3D('',#1447,#1448,#1449);
#1447 = CARTESIAN_POINT('',(3.3,25.75,5.));
#1448 = DIRECTION('',(0.,0.,1.));
#1449 = DIRECTION('',(1.,0.,-0.));
#1450 = DEFINITIONAL_REPRESENTATION('',(#1451),#1454);
#1451 = B_SPLINE_CURVE_WITH_KNOTS('',1,(#1452,#1453),.UNSPECIFIED.,.F.,
  .F.,(2,2),(8.025,9.025),.PIECEWISE_BEZIER_KNOTS.);
#1452 = CARTESIAN_POINT('',(0.,1.95));
#1453 = CARTESIAN_POINT('',(1.,1.95));
#1454 = ( GEOMETRIC_REPRESENTATION_CONTEXT(2) 
PARAMETRIC_REPRESENTATION_CONTEXT() REPRESENTATION_CONTEXT('2D SPACE',''
  ) );
#1455 = ORIENTED_EDGE('',*,*,#1456,.F.);
#1456 = EDGE_CURVE('',#1379,#1431,#1457,.T.);
#1457 = SURFACE_CURVE('',#1458,(#1462,#1468),.PCURVE_S1.);
#1458 = LINE('',#1459,#1460);
#1459 = CARTESIAN_POINT('',(4.3,27.7,4.275));
#1460 = VECTOR('',#1461,1.);
#1461 = DIRECTION('',(-0.,0.,-1.));
#1462 = PCURVE('',#510,#1463);
#1463 = DEFINITIONAL_REPRESENTATION('',(#1464),#1467);
#1464 = B_SPLINE_CURVE_WITH_KNOTS('',1,(#1465,#1466),.UNSPECIFIED.,.F.,
  .F.,(2,2),(-4.725,-0.725),.PIECEWISE_BEZIER_KNOTS.);
#1465 = CARTESIAN_POINT('',(17.05,-5.45));
#1466 = CARTESIAN_POINT('',(17.05,-1.45));
#1467 = ( GEOMETRIC_REPRESENTATION_CONTEXT(2) 
PARAMETRIC_REPRESENTATION_CONTEXT() REPRESENTATION_CONTEXT('2D SPACE',''
  ) );
#1468 = PCURVE('',#1469,#1474);
#1469 = PLANE('',#1470);
#1470 = AXIS2_PLACEMENT_3D('',#1471,#1472,#1473);
#1471 = CARTESIAN_POINT('',(4.3,25.75,5.));
#1472 = DIRECTION('',(1.,0.,-0.));
#1473 = DIRECTION('',(0.,0.,1.));
#1474 = DEFINITIONAL_REPRESENTATION('',(#1475),#1478);
#1475 = B_SPLINE_CURVE_WITH_KNOTS('',1,(#1476,#1477),.UNSPECIFIED.,.F.,
  .F.,(2,2),(-4.725,-0.725),.PIECEWISE_BEZIER_KNOTS.);
#1476 = CARTESIAN_POINT('',(4.,-1.95));
#1477 = CARTESIAN_POINT('',(0.,-1.95));
#1478 = ( GEOMETRIC_REPRESENTATION_CONTEXT(2) 
PARAMETRIC_REPRESENTATION_CONTEXT() REPRESENTATION_CONTEXT('2D SPACE',''
  ) );
#1479 = ADVANCED_FACE('',(#1480),#482,.T.);
#1480 = FACE_BOUND('',#1481,.F.);
#1481 = EDGE_LOOP('',(#1482,#1483,#1507,#1528));
#1482 = ORIENTED_EDGE('',*,*,#1010,.T.);
#1483 = ORIENTED_EDGE('',*,*,#1484,.T.);
#1484 = EDGE_CURVE('',#1011,#1485,#1487,.T.);
#1485 = VERTEX_POINT('',#1486);
#1486 = CARTESIAN_POINT('',(-19.3,21.15,13.55));
#1487 = SURFACE_CURVE('',#1488,(#1493,#1500),.PCURVE_S1.);
#1488 = CIRCLE('',#1489,6.55);
#1489 = AXIS2_PLACEMENT_3D('',#1490,#1491,#1492);
#1490 = CARTESIAN_POINT('',(-12.75,21.15,13.55));
#1491 = DIRECTION('',(0.,0.,1.));
#1492 = DIRECTION('',(1.,0.,0.));
#1493 = PCURVE('',#482,#1494);
#1494 = DEFINITIONAL_REPRESENTATION('',(#1495),#1499);
#1495 = LINE('',#1496,#1497);
#1496 = CARTESIAN_POINT('',(-0.,-10.));
#1497 = VECTOR('',#1498,1.);
#1498 = DIRECTION('',(-1.,0.));
#1499 = ( GEOMETRIC_REPRESENTATION_CONTEXT(2) 
PARAMETRIC_REPRESENTATION_CONTEXT() REPRESENTATION_CONTEXT('2D SPACE',''
  ) );
#1500 = PCURVE('',#974,#1501);
#1501 = DEFINITIONAL_REPRESENTATION('',(#1502),#1506);
#1502 = CIRCLE('',#1503,6.55);
#1503 = AXIS2_PLACEMENT_2D('',#1504,#1505);
#1504 = CARTESIAN_POINT('',(-12.74999997631,18.45));
#1505 = DIRECTION('',(1.,0.));
#1506 = ( GEOMETRIC_REPRESENTATION_CONTEXT(2) 
PARAMETRIC_REPRESENTATION_CONTEXT() REPRESENTATION_CONTEXT('2D SPACE',''
  ) );
#1507 = ORIENTED_EDGE('',*,*,#1508,.F.);
#1508 = EDGE_CURVE('',#438,#1485,#1509,.T.);
#1509 = SURFACE_CURVE('',#1510,(#1514,#1521),.PCURVE_S1.);
#1510 = LINE('',#1511,#1512);
#1511 = CARTESIAN_POINT('',(-19.3,21.15,3.55));
#1512 = VECTOR('',#1513,1.);
#1513 = DIRECTION('',(0.,0.,1.));
#1514 = PCURVE('',#482,#1515);
#1515 = DEFINITIONAL_REPRESENTATION('',(#1516),#1520);
#1516 = LINE('',#1517,#1518);
#1517 = CARTESIAN_POINT('',(-3.14159265359,0.));
#1518 = VECTOR('',#1519,1.);
#1519 = DIRECTION('',(-0.,-1.));
#1520 = ( GEOMETRIC_REPRESENTATION_CONTEXT(2) 
PARAMETRIC_REPRESENTATION_CONTEXT() REPRESENTATION_CONTEXT('2D SPACE',''
  ) );
#1521 = PCURVE('',#453,#1522);
#1522 = DEFINITIONAL_REPRESENTATION('',(#1523),#1527);
#1523 = LINE('',#1524,#1525);
#1524 = CARTESIAN_POINT('',(36.9,0.));
#1525 = VECTOR('',#1526,1.);
#1526 = DIRECTION('',(0.,-1.));
#1527 = ( GEOMETRIC_REPRESENTATION_CONTEXT(2) 
PARAMETRIC_REPRESENTATION_CONTEXT() REPRESENTATION_CONTEXT('2D SPACE',''
  ) );
#1528 = ORIENTED_EDGE('',*,*,#465,.F.);
#1529 = ADVANCED_FACE('',(#1530,#1578,#1692),#453,.T.);
#1530 = FACE_BOUND('',#1531,.T.);
#1531 = EDGE_LOOP('',(#1532,#1555,#1576,#1577));
#1532 = ORIENTED_EDGE('',*,*,#1533,.T.);
#1533 = EDGE_CURVE('',#409,#1534,#1536,.T.);
#1534 = VERTEX_POINT('',#1535);
#1535 = CARTESIAN_POINT('',(-19.3,-15.75,13.55));
#1536 = SURFACE_CURVE('',#1537,(#1541,#1548),.PCURVE_S1.);
#1537 = LINE('',#1538,#1539);
#1538 = CARTESIAN_POINT('',(-19.3,-15.75,3.55));
#1539 = VECTOR('',#1540,1.);
#1540 = DIRECTION('',(0.,0.,1.));
#1541 = PCURVE('',#453,#1542);
#1542 = DEFINITIONAL_REPRESENTATION('',(#1543),#1547);
#1543 = LINE('',#1544,#1545);
#1544 = CARTESIAN_POINT('',(0.,0.));
#1545 = VECTOR('',#1546,1.);
#1546 = DIRECTION('',(0.,-1.));
#1547 = ( GEOMETRIC_REPRESENTATION_CONTEXT(2) 
PARAMETRIC_REPRESENTATION_CONTEXT() REPRESENTATION_CONTEXT('2D SPACE',''
  ) );
#1548 = PCURVE('',#425,#1549);
#1549 = DEFINITIONAL_REPRESENTATION('',(#1550),#1554);
#1550 = LINE('',#1551,#1552);
#1551 = CARTESIAN_POINT('',(-3.14159265359,0.));
#1552 = VECTOR('',#1553,1.);
#1553 = DIRECTION('',(-0.,-1.));
#1554 = ( GEOMETRIC_REPRESENTATION_CONTEXT(2) 
PARAMETRIC_REPRESENTATION_CONTEXT() REPRESENTATION_CONTEXT('2D SPACE',''
  ) );
#1555 = ORIENTED_EDGE('',*,*,#1556,.T.);
#1556 = EDGE_CURVE('',#1534,#1485,#1557,.T.);
#1557 = SURFACE_CURVE('',#1558,(#1562,#1569),.PCURVE_S1.);
#1558 = LINE('',#1559,#1560);
#1559 = CARTESIAN_POINT('',(-19.3,2.7,13.55));
#1560 = VECTOR('',#1561,1.);
#1561 = DIRECTION('',(0.,1.,0.));
#1562 = PCURVE('',#453,#1563);
#1563 = DEFINITIONAL_REPRESENTATION('',(#1564),#1568);
#1564 = LINE('',#1565,#1566);
#1565 = CARTESIAN_POINT('',(18.45,-10.));
#1566 = VECTOR('',#1567,1.);
#1567 = DIRECTION('',(1.,0.));
#1568 = ( GEOMETRIC_REPRESENTATION_CONTEXT(2) 
PARAMETRIC_REPRESENTATION_CONTEXT() REPRESENTATION_CONTEXT('2D SPACE',''
  ) );
#1569 = PCURVE('',#974,#1570);
#1570 = DEFINITIONAL_REPRESENTATION('',(#1571),#1575);
#1571 = LINE('',#1572,#1573);
#1572 = CARTESIAN_POINT('',(-19.29999997631,-2.22044604925E-15));
#1573 = VECTOR('',#1574,1.);
#1574 = DIRECTION('',(0.,1.));
#1575 = ( GEOMETRIC_REPRESENTATION_CONTEXT(2) 
PARAMETRIC_REPRESENTATION_CONTEXT() REPRESENTATION_CONTEXT('2D SPACE',''
  ) );
#1576 = ORIENTED_EDGE('',*,*,#1508,.F.);
#1577 = ORIENTED_EDGE('',*,*,#437,.F.);
#1578 = FACE_BOUND('',#1579,.T.);
#1579 = EDGE_LOOP('',(#1580,#1610,#1638,#1666));
#1580 = ORIENTED_EDGE('',*,*,#1581,.F.);
#1581 = EDGE_CURVE('',#1582,#1584,#1586,.T.);
#1582 = VERTEX_POINT('',#1583);
#1583 = CARTESIAN_POINT('',(-19.3,-3.,4.55));
#1584 = VERTEX_POINT('',#1585);
#1585 = CARTESIAN_POINT('',(-19.3,-11.,4.55));
#1586 = SURFACE_CURVE('',#1587,(#1591,#1598),.PCURVE_S1.);
#1587 = LINE('',#1588,#1589);
#1588 = CARTESIAN_POINT('',(-19.3,-3.,4.55));
#1589 = VECTOR('',#1590,1.);
#1590 = DIRECTION('',(0.,-1.,0.));
#1591 = PCURVE('',#453,#1592);
#1592 = DEFINITIONAL_REPRESENTATION('',(#1593),#1597);
#1593 = LINE('',#1594,#1595);
#1594 = CARTESIAN_POINT('',(12.75,-1.));
#1595 = VECTOR('',#1596,1.);
#1596 = DIRECTION('',(-1.,0.));
#1597 = ( GEOMETRIC_REPRESENTATION_CONTEXT(2) 
PARAMETRIC_REPRESENTATION_CONTEXT() REPRESENTATION_CONTEXT('2D SPACE',''
  ) );
#1598 = PCURVE('',#1599,#1604);
#1599 = PLANE('',#1600);
#1600 = AXIS2_PLACEMENT_3D('',#1601,#1602,#1603);
#1601 = CARTESIAN_POINT('',(-19.3,-7.,4.55));
#1602 = DIRECTION('',(-0.5,0.,-0.866025403784));
#1603 = DIRECTION('',(-0.866025403784,0.,0.5));
#1604 = DEFINITIONAL_REPRESENTATION('',(#1605),#1609);
#1605 = LINE('',#1606,#1607);
#1606 = CARTESIAN_POINT('',(0.,4.));
#1607 = VECTOR('',#1608,1.);
#1608 = DIRECTION('',(0.,-1.));
#1609 = ( GEOMETRIC_REPRESENTATION_CONTEXT(2) 
PARAMETRIC_REPRESENTATION_CONTEXT() REPRESENTATION_CONTEXT('2D SPACE',''
  ) );
#1610 = ORIENTED_EDGE('',*,*,#1611,.F.);
#1611 = EDGE_CURVE('',#1612,#1582,#1614,.T.);
#1612 = VERTEX_POINT('',#1613);
#1613 = CARTESIAN_POINT('',(-19.3,-3.,6.05));
#1614 = SURFACE_CURVE('',#1615,(#1619,#1626),.PCURVE_S1.);
#1615 = LINE('',#1616,#1617);
#1616 = CARTESIAN_POINT('',(-19.3,-3.,6.05));
#1617 = VECTOR('',#1618,1.);
#1618 = DIRECTION('',(0.,0.,-1.));
#1619 = PCURVE('',#453,#1620);
#1620 = DEFINITIONAL_REPRESENTATION('',(#1621),#1625);
#1621 = LINE('',#1622,#1623);
#1622 = CARTESIAN_POINT('',(12.75,-2.5));
#1623 = VECTOR('',#1624,1.);
#1624 = DIRECTION('',(0.,1.));
#1625 = ( GEOMETRIC_REPRESENTATION_CONTEXT(2) 
PARAMETRIC_REPRESENTATION_CONTEXT() REPRESENTATION_CONTEXT('2D SPACE',''
  ) );
#1626 = PCURVE('',#1627,#1632);
#1627 = PLANE('',#1628);
#1628 = AXIS2_PLACEMENT_3D('',#1629,#1630,#1631);
#1629 = CARTESIAN_POINT('',(-19.52174004644,-3.,5.251052324628));
#1630 = DIRECTION('',(0.,1.,0.));
#1631 = DIRECTION('',(0.,-0.,1.));
#1632 = DEFINITIONAL_REPRESENTATION('',(#1633),#1637);
#1633 = LINE('',#1634,#1635);
#1634 = CARTESIAN_POINT('',(0.798947675372,0.221740046448));
#1635 = VECTOR('',#1636,1.);
#1636 = DIRECTION('',(-1.,0.));
#1637 = ( GEOMETRIC_REPRESENTATION_CONTEXT(2) 
PARAMETRIC_REPRESENTATION_CONTEXT() REPRESENTATION_CONTEXT('2D SPACE',''
  ) );
#1638 = ORIENTED_EDGE('',*,*,#1639,.T.);
#1639 = EDGE_CURVE('',#1612,#1640,#1642,.T.);
#1640 = VERTEX_POINT('',#1641);
#1641 = CARTESIAN_POINT('',(-19.3,-11.,6.05));
#1642 = SURFACE_CURVE('',#1643,(#1647,#1654),.PCURVE_S1.);
#1643 = LINE('',#1644,#1645);
#1644 = CARTESIAN_POINT('',(-19.3,-3.,6.05));
#1645 = VECTOR('',#1646,1.);
#1646 = DIRECTION('',(0.,-1.,0.));
#1647 = PCURVE('',#453,#1648);
#1648 = DEFINITIONAL_REPRESENTATION('',(#1649),#1653);
#1649 = LINE('',#1650,#1651);
#1650 = CARTESIAN_POINT('',(12.75,-2.5));
#1651 = VECTOR('',#1652,1.);
#1652 = DIRECTION('',(-1.,0.));
#1653 = ( GEOMETRIC_REPRESENTATION_CONTEXT(2) 
PARAMETRIC_REPRESENTATION_CONTEXT() REPRESENTATION_CONTEXT('2D SPACE',''
  ) );
#1654 = PCURVE('',#1655,#1660);
#1655 = PLANE('',#1656);
#1656 = AXIS2_PLACEMENT_3D('',#1657,#1658,#1659);
#1657 = CARTESIAN_POINT('',(-20.05,-7.,4.983012701892));
#1658 = DIRECTION('',(-0.81811048221,0.,0.575061074059));
#1659 = DIRECTION('',(0.575061074059,0.,0.81811048221));
#1660 = DEFINITIONAL_REPRESENTATION('',(#1661),#1665);
#1661 = LINE('',#1662,#1663);
#1662 = CARTESIAN_POINT('',(1.304209298511,4.));
#1663 = VECTOR('',#1664,1.);
#1664 = DIRECTION('',(0.,-1.));
#1665 = ( GEOMETRIC_REPRESENTATION_CONTEXT(2) 
PARAMETRIC_REPRESENTATION_CONTEXT() REPRESENTATION_CONTEXT('2D SPACE',''
  ) );
#1666 = ORIENTED_EDGE('',*,*,#1667,.T.);
#1667 = EDGE_CURVE('',#1640,#1584,#1668,.T.);
#1668 = SURFACE_CURVE('',#1669,(#1673,#1680),.PCURVE_S1.);
#1669 = LINE('',#1670,#1671);
#1670 = CARTESIAN_POINT('',(-19.3,-11.,6.05));
#1671 = VECTOR('',#1672,1.);
#1672 = DIRECTION('',(0.,0.,-1.));
#1673 = PCURVE('',#453,#1674);
#1674 = DEFINITIONAL_REPRESENTATION('',(#1675),#1679);
#1675 = LINE('',#1676,#1677);
#1676 = CARTESIAN_POINT('',(4.75,-2.5));
#1677 = VECTOR('',#1678,1.);
#1678 = DIRECTION('',(0.,1.));
#1679 = ( GEOMETRIC_REPRESENTATION_CONTEXT(2) 
PARAMETRIC_REPRESENTATION_CONTEXT() REPRESENTATION_CONTEXT('2D SPACE',''
  ) );
#1680 = PCURVE('',#1681,#1686);
#1681 = PLANE('',#1682);
#1682 = AXIS2_PLACEMENT_3D('',#1683,#1684,#1685);
#1683 = CARTESIAN_POINT('',(-19.52174004644,-11.,5.251052324628));
#1684 = DIRECTION('',(0.,1.,0.));
#1685 = DIRECTION('',(0.,-0.,1.));
#1686 = DEFINITIONAL_REPRESENTATION('',(#1687),#1691);
#1687 = LINE('',#1688,#1689);
#1688 = CARTESIAN_POINT('',(0.798947675372,0.221740046448));
#1689 = VECTOR('',#1690,1.);
#1690 = DIRECTION('',(-1.,0.));
#1691 = ( GEOMETRIC_REPRESENTATION_CONTEXT(2) 
PARAMETRIC_REPRESENTATION_CONTEXT() REPRESENTATION_CONTEXT('2D SPACE',''
  ) );
#1692 = FACE_BOUND('',#1693,.T.);
#1693 = EDGE_LOOP('',(#1694,#1724,#1752,#1780));
#1694 = ORIENTED_EDGE('',*,*,#1695,.F.);
#1695 = EDGE_CURVE('',#1696,#1698,#1700,.T.);
#1696 = VERTEX_POINT('',#1697);
#1697 = CARTESIAN_POINT('',(-19.3,16.,4.55));
#1698 = VERTEX_POINT('',#1699);
#1699 = CARTESIAN_POINT('',(-19.3,8.,4.55));
#1700 = SURFACE_CURVE('',#1701,(#1705,#1712),.PCURVE_S1.);
#1701 = LINE('',#1702,#1703);
#1702 = CARTESIAN_POINT('',(-19.3,16.,4.55));
#1703 = VECTOR('',#1704,1.);
#1704 = DIRECTION('',(0.,-1.,0.));
#1705 = PCURVE('',#453,#1706);
#1706 = DEFINITIONAL_REPRESENTATION('',(#1707),#1711);
#1707 = LINE('',#1708,#1709);
#1708 = CARTESIAN_POINT('',(31.75,-1.));
#1709 = VECTOR('',#1710,1.);
#1710 = DIRECTION('',(-1.,0.));
#1711 = ( GEOMETRIC_REPRESENTATION_CONTEXT(2) 
PARAMETRIC_REPRESENTATION_CONTEXT() REPRESENTATION_CONTEXT('2D SPACE',''
  ) );
#1712 = PCURVE('',#1713,#1718);
#1713 = PLANE('',#1714);
#1714 = AXIS2_PLACEMENT_3D('',#1715,#1716,#1717);
#1715 = CARTESIAN_POINT('',(-19.3,12.,4.55));
#1716 = DIRECTION('',(-0.5,0.,-0.866025403784));
#1717 = DIRECTION('',(-0.866025403784,0.,0.5));
#1718 = DEFINITIONAL_REPRESENTATION('',(#1719),#1723);
#1719 = LINE('',#1720,#1721);
#1720 = CARTESIAN_POINT('',(0.,4.));
#1721 = VECTOR('',#1722,1.);
#1722 = DIRECTION('',(0.,-1.));
#1723 = ( GEOMETRIC_REPRESENTATION_CONTEXT(2) 
PARAMETRIC_REPRESENTATION_CONTEXT() REPRESENTATION_CONTEXT('2D SPACE',''
  ) );
#1724 = ORIENTED_EDGE('',*,*,#1725,.F.);
#1725 = EDGE_CURVE('',#1726,#1696,#1728,.T.);
#1726 = VERTEX_POINT('',#1727);
#1727 = CARTESIAN_POINT('',(-19.3,16.,6.05));
#1728 = SURFACE_CURVE('',#1729,(#1733,#1740),.PCURVE_S1.);
#1729 = LINE('',#1730,#1731);
#1730 = CARTESIAN_POINT('',(-19.3,16.,6.05));
#1731 = VECTOR('',#1732,1.);
#1732 = DIRECTION('',(0.,0.,-1.));
#1733 = PCURVE('',#453,#1734);
#1734 = DEFINITIONAL_REPRESENTATION('',(#1735),#1739);
#1735 = LINE('',#1736,#1737);
#1736 = CARTESIAN_POINT('',(31.75,-2.5));
#1737 = VECTOR('',#1738,1.);
#1738 = DIRECTION('',(0.,1.));
#1739 = ( GEOMETRIC_REPRESENTATION_CONTEXT(2) 
PARAMETRIC_REPRESENTATION_CONTEXT() REPRESENTATION_CONTEXT('2D SPACE',''
  ) );
#1740 = PCURVE('',#1741,#1746);
#1741 = PLANE('',#1742);
#1742 = AXIS2_PLACEMENT_3D('',#1743,#1744,#1745);
#1743 = CARTESIAN_POINT('',(-19.52174004644,16.,5.251052324628));
#1744 = DIRECTION('',(0.,1.,0.));
#1745 = DIRECTION('',(0.,-0.,1.));
#1746 = DEFINITIONAL_REPRESENTATION('',(#1747),#1751);
#1747 = LINE('',#1748,#1749);
#1748 = CARTESIAN_POINT('',(0.798947675372,0.221740046448));
#1749 = VECTOR('',#1750,1.);
#1750 = DIRECTION('',(-1.,0.));
#1751 = ( GEOMETRIC_REPRESENTATION_CONTEXT(2) 
PARAMETRIC_REPRESENTATION_CONTEXT() REPRESENTATION_CONTEXT('2D SPACE',''
  ) );
#1752 = ORIENTED_EDGE('',*,*,#1753,.T.);
#1753 = EDGE_CURVE('',#1726,#1754,#1756,.T.);
#1754 = VERTEX_POINT('',#1755);
#1755 = CARTESIAN_POINT('',(-19.3,8.,6.05));
#1756 = SURFACE_CURVE('',#1757,(#1761,#1768),.PCURVE_S1.);
#1757 = LINE('',#1758,#1759);
#1758 = CARTESIAN_POINT('',(-19.3,16.,6.05));
#1759 = VECTOR('',#1760,1.);
#1760 = DIRECTION('',(0.,-1.,0.));
#1761 = PCURVE('',#453,#1762);
#1762 = DEFINITIONAL_REPRESENTATION('',(#1763),#1767);
#1763 = LINE('',#1764,#1765);
#1764 = CARTESIAN_POINT('',(31.75,-2.5));
#1765 = VECTOR('',#1766,1.);
#1766 = DIRECTION('',(-1.,0.));
#1767 = ( GEOMETRIC_REPRESENTATION_CONTEXT(2) 
PARAMETRIC_REPRESENTATION_CONTEXT() REPRESENTATION_CONTEXT('2D SPACE',''
  ) );
#1768 = PCURVE('',#1769,#1774);
#1769 = PLANE('',#1770);
#1770 = AXIS2_PLACEMENT_3D('',#1771,#1772,#1773);
#1771 = CARTESIAN_POINT('',(-20.05,12.,4.983012701892));
#1772 = DIRECTION('',(-0.81811048221,0.,0.575061074059));
#1773 = DIRECTION('',(0.575061074059,0.,0.81811048221));
#1774 = DEFINITIONAL_REPRESENTATION('',(#1775),#1779);
#1775 = LINE('',#1776,#1777);
#1776 = CARTESIAN_POINT('',(1.304209298511,4.));
#1777 = VECTOR('',#1778,1.);
#1778 = DIRECTION('',(0.,-1.));
#1779 = ( GEOMETRIC_REPRESENTATION_CONTEXT(2) 
PARAMETRIC_REPRESENTATION_CONTEXT() REPRESENTATION_CONTEXT('2D SPACE',''
  ) );
#1780 = ORIENTED_EDGE('',*,*,#1781,.T.);
#1781 = EDGE_CURVE('',#1754,#1698,#1782,.T.);
#1782 = SURFACE_CURVE('',#1783,(#1787,#1794),.PCURVE_S1.);
#1783 = LINE('',#1784,#1785);
#1784 = CARTESIAN_POINT('',(-19.3,8.,6.05));
#1785 = VECTOR('',#1786,1.);
#1786 = DIRECTION('',(0.,0.,-1.));
#1787 = PCURVE('',#453,#1788);
#1788 = DEFINITIONAL_REPRESENTATION('',(#1789),#1793);
#1789 = LINE('',#1790,#1791);
#1790 = CARTESIAN_POINT('',(23.75,-2.5));
#1791 = VECTOR('',#1792,1.);
#1792 = DIRECTION('',(0.,1.));
#1793 = ( GEOMETRIC_REPRESENTATION_CONTEXT(2) 
PARAMETRIC_REPRESENTATION_CONTEXT() REPRESENTATION_CONTEXT('2D SPACE',''
  ) );
#1794 = PCURVE('',#1795,#1800);
#1795 = PLANE('',#1796);
#1796 = AXIS2_PLACEMENT_3D('',#1797,#1798,#1799);
#1797 = CARTESIAN_POINT('',(-19.52174004644,8.,5.251052324628));
#1798 = DIRECTION('',(0.,1.,0.));
#1799 = DIRECTION('',(0.,-0.,1.));
#1800 = DEFINITIONAL_REPRESENTATION('',(#1801),#1805);
#1801 = LINE('',#1802,#1803);
#1802 = CARTESIAN_POINT('',(0.798947675372,0.221740046448));
#1803 = VECTOR('',#1804,1.);
#1804 = DIRECTION('',(-1.,0.));
#1805 = ( GEOMETRIC_REPRESENTATION_CONTEXT(2) 
PARAMETRIC_REPRESENTATION_CONTEXT() REPRESENTATION_CONTEXT('2D SPACE',''
  ) );
#1806 = ADVANCED_FACE('',(#1807),#425,.T.);
#1807 = FACE_BOUND('',#1808,.F.);
#1808 = EDGE_LOOP('',(#1809,#1810,#1834,#1855));
#1809 = ORIENTED_EDGE('',*,*,#1533,.T.);
#1810 = ORIENTED_EDGE('',*,*,#1811,.T.);
#1811 = EDGE_CURVE('',#1534,#1812,#1814,.T.);
#1812 = VERTEX_POINT('',#1813);
#1813 = CARTESIAN_POINT('',(-12.75,-22.3,13.55));
#1814 = SURFACE_CURVE('',#1815,(#1820,#1827),.PCURVE_S1.);
#1815 = CIRCLE('',#1816,6.55);
#1816 = AXIS2_PLACEMENT_3D('',#1817,#1818,#1819);
#1817 = CARTESIAN_POINT('',(-12.75,-15.75,13.55));
#1818 = DIRECTION('',(0.,0.,1.));
#1819 = DIRECTION('',(1.,0.,0.));
#1820 = PCURVE('',#425,#1821);
#1821 = DEFINITIONAL_REPRESENTATION('',(#1822),#1826);
#1822 = LINE('',#1823,#1824);
#1823 = CARTESIAN_POINT('',(-0.,-10.));
#1824 = VECTOR('',#1825,1.);
#1825 = DIRECTION('',(-1.,0.));
#1826 = ( GEOMETRIC_REPRESENTATION_CONTEXT(2) 
PARAMETRIC_REPRESENTATION_CONTEXT() REPRESENTATION_CONTEXT('2D SPACE',''
  ) );
#1827 = PCURVE('',#974,#1828);
#1828 = DEFINITIONAL_REPRESENTATION('',(#1829),#1833);
#1829 = CIRCLE('',#1830,6.55);
#1830 = AXIS2_PLACEMENT_2D('',#1831,#1832);
#1831 = CARTESIAN_POINT('',(-12.74999997631,-18.45));
#1832 = DIRECTION('',(1.,0.));
#1833 = ( GEOMETRIC_REPRESENTATION_CONTEXT(2) 
PARAMETRIC_REPRESENTATION_CONTEXT() REPRESENTATION_CONTEXT('2D SPACE',''
  ) );
#1834 = ORIENTED_EDGE('',*,*,#1835,.F.);
#1835 = EDGE_CURVE('',#381,#1812,#1836,.T.);
#1836 = SURFACE_CURVE('',#1837,(#1841,#1848),.PCURVE_S1.);
#1837 = LINE('',#1838,#1839);
#1838 = CARTESIAN_POINT('',(-12.75,-22.3,3.55));
#1839 = VECTOR('',#1840,1.);
#1840 = DIRECTION('',(0.,0.,1.));
#1841 = PCURVE('',#425,#1842);
#1842 = DEFINITIONAL_REPRESENTATION('',(#1843),#1847);
#1843 = LINE('',#1844,#1845);
#1844 = CARTESIAN_POINT('',(-4.712388980385,0.));
#1845 = VECTOR('',#1846,1.);
#1846 = DIRECTION('',(-0.,-1.));
#1847 = ( GEOMETRIC_REPRESENTATION_CONTEXT(2) 
PARAMETRIC_REPRESENTATION_CONTEXT() REPRESENTATION_CONTEXT('2D SPACE',''
  ) );
#1848 = PCURVE('',#396,#1849);
#1849 = DEFINITIONAL_REPRESENTATION('',(#1850),#1854);
#1850 = LINE('',#1851,#1852);
#1851 = CARTESIAN_POINT('',(0.,0.));
#1852 = VECTOR('',#1853,1.);
#1853 = DIRECTION('',(0.,-1.));
#1854 = ( GEOMETRIC_REPRESENTATION_CONTEXT(2) 
PARAMETRIC_REPRESENTATION_CONTEXT() REPRESENTATION_CONTEXT('2D SPACE',''
  ) );
#1855 = ORIENTED_EDGE('',*,*,#408,.F.);
#1856 = ADVANCED_FACE('',(#1857,#2011,#2046),#396,.F.);
#1857 = FACE_BOUND('',#1858,.F.);
#1858 = EDGE_LOOP('',(#1859,#1860,#1861,#1884,#1912,#1940,#1966,#1992));
#1859 = ORIENTED_EDGE('',*,*,#380,.F.);
#1860 = ORIENTED_EDGE('',*,*,#1835,.T.);
#1861 = ORIENTED_EDGE('',*,*,#1862,.T.);
#1862 = EDGE_CURVE('',#1812,#1863,#1865,.T.);
#1863 = VERTEX_POINT('',#1864);
#1864 = CARTESIAN_POINT('',(12.749999999004,-22.3,13.55));
#1865 = SURFACE_CURVE('',#1866,(#1870,#1877),.PCURVE_S1.);
#1866 = LINE('',#1867,#1868);
#1867 = CARTESIAN_POINT('',(3.37507799486E-14,-22.3,13.55));
#1868 = VECTOR('',#1869,1.);
#1869 = DIRECTION('',(1.,0.,0.));
#1870 = PCURVE('',#396,#1871);
#1871 = DEFINITIONAL_REPRESENTATION('',(#1872),#1876);
#1872 = LINE('',#1873,#1874);
#1873 = CARTESIAN_POINT('',(12.75,-10.));
#1874 = VECTOR('',#1875,1.);
#1875 = DIRECTION('',(1.,0.));
#1876 = ( GEOMETRIC_REPRESENTATION_CONTEXT(2) 
PARAMETRIC_REPRESENTATION_CONTEXT() REPRESENTATION_CONTEXT('2D SPACE',''
  ) );
#1877 = PCURVE('',#974,#1878);
#1878 = DEFINITIONAL_REPRESENTATION('',(#1879),#1883);
#1879 = LINE('',#1880,#1881);
#1880 = CARTESIAN_POINT('',(2.368684424933E-08,-25.));
#1881 = VECTOR('',#1882,1.);
#1882 = DIRECTION('',(1.,0.));
#1883 = ( GEOMETRIC_REPRESENTATION_CONTEXT(2) 
PARAMETRIC_REPRESENTATION_CONTEXT() REPRESENTATION_CONTEXT('2D SPACE',''
  ) );
#1884 = ORIENTED_EDGE('',*,*,#1885,.F.);
#1885 = EDGE_CURVE('',#1886,#1863,#1888,.T.);
#1886 = VERTEX_POINT('',#1887);
#1887 = CARTESIAN_POINT('',(12.749999999004,-22.3,3.55));
#1888 = SURFACE_CURVE('',#1889,(#1893,#1900),.PCURVE_S1.);
#1889 = LINE('',#1890,#1891);
#1890 = CARTESIAN_POINT('',(12.749999999004,-22.3,3.55));
#1891 = VECTOR('',#1892,1.);
#1892 = DIRECTION('',(0.,0.,1.));
#1893 = PCURVE('',#396,#1894);
#1894 = DEFINITIONAL_REPRESENTATION('',(#1895),#1899);
#1895 = LINE('',#1896,#1897);
#1896 = CARTESIAN_POINT('',(25.499999999004,0.));
#1897 = VECTOR('',#1898,1.);
#1898 = DIRECTION('',(0.,-1.));
#1899 = ( GEOMETRIC_REPRESENTATION_CONTEXT(2) 
PARAMETRIC_REPRESENTATION_CONTEXT() REPRESENTATION_CONTEXT('2D SPACE',''
  ) );
#1900 = PCURVE('',#1901,#1906);
#1901 = PLANE('',#1902);
#1902 = AXIS2_PLACEMENT_3D('',#1903,#1904,#1905);
#1903 = CARTESIAN_POINT('',(12.75,-97.3,2.55));
#1904 = DIRECTION('',(1.,0.,-0.));
#1905 = DIRECTION('',(0.,0.,1.));
#1906 = DEFINITIONAL_REPRESENTATION('',(#1907),#1911);
#1907 = LINE('',#1908,#1909);
#1908 = CARTESIAN_POINT('',(1.,-75.));
#1909 = VECTOR('',#1910,1.);
#1910 = DIRECTION('',(1.,0.));
#1911 = ( GEOMETRIC_REPRESENTATION_CONTEXT(2) 
PARAMETRIC_REPRESENTATION_CONTEXT() REPRESENTATION_CONTEXT('2D SPACE',''
  ) );
#1912 = ORIENTED_EDGE('',*,*,#1913,.F.);
#1913 = EDGE_CURVE('',#1914,#1886,#1916,.T.);
#1914 = VERTEX_POINT('',#1915);
#1915 = CARTESIAN_POINT('',(5.3,-22.3,3.55));
#1916 = SURFACE_CURVE('',#1917,(#1921,#1928),.PCURVE_S1.);
#1917 = LINE('',#1918,#1919);
#1918 = CARTESIAN_POINT('',(3.37507799486E-14,-22.3,3.55));
#1919 = VECTOR('',#1920,1.);
#1920 = DIRECTION('',(1.,0.,0.));
#1921 = PCURVE('',#396,#1922);
#1922 = DEFINITIONAL_REPRESENTATION('',(#1923),#1927);
#1923 = LINE('',#1924,#1925);
#1924 = CARTESIAN_POINT('',(12.75,0.));
#1925 = VECTOR('',#1926,1.);
#1926 = DIRECTION('',(1.,0.));
#1927 = ( GEOMETRIC_REPRESENTATION_CONTEXT(2) 
PARAMETRIC_REPRESENTATION_CONTEXT() REPRESENTATION_CONTEXT('2D SPACE',''
  ) );
#1928 = PCURVE('',#1929,#1934);
#1929 = PLANE('',#1930);
#1930 = AXIS2_PLACEMENT_3D('',#1931,#1932,#1933);
#1931 = CARTESIAN_POINT('',(-2.368681049855E-08,2.7,3.55));
#1932 = DIRECTION('',(0.,0.,1.));
#1933 = DIRECTION('',(1.,0.,0.));
#1934 = DEFINITIONAL_REPRESENTATION('',(#1935),#1939);
#1935 = LINE('',#1936,#1937);
#1936 = CARTESIAN_POINT('',(2.368684424933E-08,-25.));
#1937 = VECTOR('',#1938,1.);
#1938 = DIRECTION('',(1.,0.));
#1939 = ( GEOMETRIC_REPRESENTATION_CONTEXT(2) 
PARAMETRIC_REPRESENTATION_CONTEXT() REPRESENTATION_CONTEXT('2D SPACE',''
  ) );
#1940 = ORIENTED_EDGE('',*,*,#1941,.F.);
#1941 = EDGE_CURVE('',#1942,#1914,#1944,.T.);
#1942 = VERTEX_POINT('',#1943);
#1943 = CARTESIAN_POINT('',(5.3,-22.3,9.35));
#1944 = SURFACE_CURVE('',#1945,(#1949,#1955),.PCURVE_S1.);
#1945 = LINE('',#1946,#1947);
#1946 = CARTESIAN_POINT('',(5.3,-22.3,2.95));
#1947 = VECTOR('',#1948,1.);
#1948 = DIRECTION('',(-0.,0.,-1.));
#1949 = PCURVE('',#396,#1950);
#1950 = DEFINITIONAL_REPRESENTATION('',(#1951),#1954);
#1951 = B_SPLINE_CURVE_WITH_KNOTS('',1,(#1952,#1953),.UNSPECIFIED.,.F.,
  .F.,(2,2),(-6.4,-0.6),.PIECEWISE_BEZIER_KNOTS.);
#1952 = CARTESIAN_POINT('',(18.05,-5.8));
#1953 = CARTESIAN_POINT('',(18.05,0.));
#1954 = ( GEOMETRIC_REPRESENTATION_CONTEXT(2) 
PARAMETRIC_REPRESENTATION_CONTEXT() REPRESENTATION_CONTEXT('2D SPACE',''
  ) );
#1955 = PCURVE('',#1956,#1961);
#1956 = PLANE('',#1957);
#1957 = AXIS2_PLACEMENT_3D('',#1958,#1959,#1960);
#1958 = CARTESIAN_POINT('',(5.3,-26.35,2.35));
#1959 = DIRECTION('',(1.,0.,-0.));
#1960 = DIRECTION('',(0.,0.,1.));
#1961 = DEFINITIONAL_REPRESENTATION('',(#1962),#1965);
#1962 = B_SPLINE_CURVE_WITH_KNOTS('',1,(#1963,#1964),.UNSPECIFIED.,.F.,
  .F.,(2,2),(-6.4,-0.6),.PIECEWISE_BEZIER_KNOTS.);
#1963 = CARTESIAN_POINT('',(7.,-4.05));
#1964 = CARTESIAN_POINT('',(1.2,-4.05));
#1965 = ( GEOMETRIC_REPRESENTATION_CONTEXT(2) 
PARAMETRIC_REPRESENTATION_CONTEXT() REPRESENTATION_CONTEXT('2D SPACE',''
  ) );
#1966 = ORIENTED_EDGE('',*,*,#1967,.F.);
#1967 = EDGE_CURVE('',#1968,#1942,#1970,.T.);
#1968 = VERTEX_POINT('',#1969);
#1969 = CARTESIAN_POINT('',(-3.7,-22.3,9.35));
#1970 = SURFACE_CURVE('',#1971,(#1975,#1981),.PCURVE_S1.);
#1971 = LINE('',#1972,#1973);
#1972 = CARTESIAN_POINT('',(-8.225,-22.3,9.35));
#1973 = VECTOR('',#1974,1.);
#1974 = DIRECTION('',(1.,0.,0.));
#1975 = PCURVE('',#396,#1976);
#1976 = DEFINITIONAL_REPRESENTATION('',(#1977),#1980);
#1977 = B_SPLINE_CURVE_WITH_KNOTS('',1,(#1978,#1979),.UNSPECIFIED.,.F.,
  .F.,(2,2),(4.525,13.525),.PIECEWISE_BEZIER_KNOTS.);
#1978 = CARTESIAN_POINT('',(9.05,-5.8));
#1979 = CARTESIAN_POINT('',(18.05,-5.8));
#1980 = ( GEOMETRIC_REPRESENTATION_CONTEXT(2) 
PARAMETRIC_REPRESENTATION_CONTEXT() REPRESENTATION_CONTEXT('2D SPACE',''
  ) );
#1981 = PCURVE('',#1982,#1987);
#1982 = PLANE('',#1983);
#1983 = AXIS2_PLACEMENT_3D('',#1984,#1985,#1986);
#1984 = CARTESIAN_POINT('',(-3.7,-26.35,9.35));
#1985 = DIRECTION('',(0.,0.,1.));
#1986 = DIRECTION('',(1.,0.,-0.));
#1987 = DEFINITIONAL_REPRESENTATION('',(#1988),#1991);
#1988 = B_SPLINE_CURVE_WITH_KNOTS('',1,(#1989,#1990),.UNSPECIFIED.,.F.,
  .F.,(2,2),(4.525,13.525),.PIECEWISE_BEZIER_KNOTS.);
#1989 = CARTESIAN_POINT('',(0.,4.05));
#1990 = CARTESIAN_POINT('',(9.,4.05));
#1991 = ( GEOMETRIC_REPRESENTATION_CONTEXT(2) 
PARAMETRIC_REPRESENTATION_CONTEXT() REPRESENTATION_CONTEXT('2D SPACE',''
  ) );
#1992 = ORIENTED_EDGE('',*,*,#1993,.T.);
#1993 = EDGE_CURVE('',#1968,#355,#1994,.T.);
#1994 = SURFACE_CURVE('',#1995,(#1999,#2005),.PCURVE_S1.);
#1995 = LINE('',#1996,#1997);
#1996 = CARTESIAN_POINT('',(-3.7,-22.3,2.95));
#1997 = VECTOR('',#1998,1.);
#1998 = DIRECTION('',(-0.,0.,-1.));
#1999 = PCURVE('',#396,#2000);
#2000 = DEFINITIONAL_REPRESENTATION('',(#2001),#2004);
#2001 = B_SPLINE_CURVE_WITH_KNOTS('',1,(#2002,#2003),.UNSPECIFIED.,.F.,
  .F.,(2,2),(-6.4,-0.6),.PIECEWISE_BEZIER_KNOTS.);
#2002 = CARTESIAN_POINT('',(9.05,-5.8));
#2003 = CARTESIAN_POINT('',(9.05,0.));
#2004 = ( GEOMETRIC_REPRESENTATION_CONTEXT(2) 
PARAMETRIC_REPRESENTATION_CONTEXT() REPRESENTATION_CONTEXT('2D SPACE',''
  ) );
#2005 = PCURVE('',#369,#2006);
#2006 = DEFINITIONAL_REPRESENTATION('',(#2007),#2010);
#2007 = B_SPLINE_CURVE_WITH_KNOTS('',1,(#2008,#2009),.UNSPECIFIED.,.F.,
  .F.,(2,2),(-6.4,-0.6),.PIECEWISE_BEZIER_KNOTS.);
#2008 = CARTESIAN_POINT('',(7.,-4.05));
#2009 = CARTESIAN_POINT('',(1.2,-4.05));
#2010 = ( GEOMETRIC_REPRESENTATION_CONTEXT(2) 
PARAMETRIC_REPRESENTATION_CONTEXT() REPRESENTATION_CONTEXT('2D SPACE',''
  ) );
#2011 = FACE_BOUND('',#2012,.F.);
#2012 = EDGE_LOOP('',(#2013));
#2013 = ORIENTED_EDGE('',*,*,#2014,.T.);
#2014 = EDGE_CURVE('',#2015,#2015,#2017,.T.);
#2015 = VERTEX_POINT('',#2016);
#2016 = CARTESIAN_POINT('',(-7.15,-22.3,9.));
#2017 = SURFACE_CURVE('',#2018,(#2023,#2034),.PCURVE_S1.);
#2018 = CIRCLE('',#2019,1.);
#2019 = AXIS2_PLACEMENT_3D('',#2020,#2021,#2022);
#2020 = CARTESIAN_POINT('',(-8.15,-22.3,9.));
#2021 = DIRECTION('',(0.,-1.,2.22044604925E-16));
#2022 = DIRECTION('',(1.,0.,0.));
#2023 = PCURVE('',#396,#2024);
#2024 = DEFINITIONAL_REPRESENTATION('',(#2025),#2033);
#2025 = ( BOUNDED_CURVE() B_SPLINE_CURVE(2,(#2026,#2027,#2028,#2029,
#2030,#2031,#2032),.UNSPECIFIED.,.T.,.F.) B_SPLINE_CURVE_WITH_KNOTS((1,2
    ,2,2,2,1),(-2.094395102393,0.,2.094395102393,4.188790204786,
6.28318530718,8.377580409573),.UNSPECIFIED.) CURVE() 
GEOMETRIC_REPRESENTATION_ITEM() RATIONAL_B_SPLINE_CURVE((1.,0.5,1.,0.5,
1.,0.5,1.)) REPRESENTATION_ITEM('') );
#2026 = CARTESIAN_POINT('',(5.6,-5.45));
#2027 = CARTESIAN_POINT('',(5.6,-7.182050807569));
#2028 = CARTESIAN_POINT('',(4.1,-6.316025403784));
#2029 = CARTESIAN_POINT('',(2.6,-5.45));
#2030 = CARTESIAN_POINT('',(4.1,-4.583974596216));
#2031 = CARTESIAN_POINT('',(5.6,-3.717949192431));
#2032 = CARTESIAN_POINT('',(5.6,-5.45));
#2033 = ( GEOMETRIC_REPRESENTATION_CONTEXT(2) 
PARAMETRIC_REPRESENTATION_CONTEXT() REPRESENTATION_CONTEXT('2D SPACE',''
  ) );
#2034 = PCURVE('',#2035,#2040);
#2035 = CYLINDRICAL_SURFACE('',#2036,1.);
#2036 = AXIS2_PLACEMENT_3D('',#2037,#2038,#2039);
#2037 = CARTESIAN_POINT('',(-8.15,-18.35,9.));
#2038 = DIRECTION('',(0.,-1.,2.22044604925E-16));
#2039 = DIRECTION('',(1.,0.,0.));
#2040 = DEFINITIONAL_REPRESENTATION('',(#2041),#2045);
#2041 = LINE('',#2042,#2043);
#2042 = CARTESIAN_POINT('',(0.,3.95));
#2043 = VECTOR('',#2044,1.);
#2044 = DIRECTION('',(1.,0.));
#2045 = ( GEOMETRIC_REPRESENTATION_CONTEXT(2) 
PARAMETRIC_REPRESENTATION_CONTEXT() REPRESENTATION_CONTEXT('2D SPACE',''
  ) );
#2046 = FACE_BOUND('',#2047,.F.);
#2047 = EDGE_LOOP('',(#2048));
#2048 = ORIENTED_EDGE('',*,*,#2049,.T.);
#2049 = EDGE_CURVE('',#2050,#2050,#2052,.T.);
#2050 = VERTEX_POINT('',#2051);
#2051 = CARTESIAN_POINT('',(9.8,-22.3,9.));
#2052 = SURFACE_CURVE('',#2053,(#2058,#2069),.PCURVE_S1.);
#2053 = CIRCLE('',#2054,1.);
#2054 = AXIS2_PLACEMENT_3D('',#2055,#2056,#2057);
#2055 = CARTESIAN_POINT('',(8.8,-22.3,9.));
#2056 = DIRECTION('',(0.,-1.,2.22044604925E-16));
#2057 = DIRECTION('',(1.,0.,0.));
#2058 = PCURVE('',#396,#2059);
#2059 = DEFINITIONAL_REPRESENTATION('',(#2060),#2068);
#2060 = ( BOUNDED_CURVE() B_SPLINE_CURVE(2,(#2061,#2062,#2063,#2064,
#2065,#2066,#2067),.UNSPECIFIED.,.T.,.F.) B_SPLINE_CURVE_WITH_KNOTS((1,2
    ,2,2,2,1),(-2.094395102393,0.,2.094395102393,4.188790204786,
6.28318530718,8.377580409573),.UNSPECIFIED.) CURVE() 
GEOMETRIC_REPRESENTATION_ITEM() RATIONAL_B_SPLINE_CURVE((1.,0.5,1.,0.5,
1.,0.5,1.)) REPRESENTATION_ITEM('') );
#2061 = CARTESIAN_POINT('',(22.55,-5.45));
#2062 = CARTESIAN_POINT('',(22.55,-7.182050807569));
#2063 = CARTESIAN_POINT('',(21.05,-6.316025403784));
#2064 = CARTESIAN_POINT('',(19.55,-5.45));
#2065 = CARTESIAN_POINT('',(21.05,-4.583974596216));
#2066 = CARTESIAN_POINT('',(22.55,-3.717949192431));
#2067 = CARTESIAN_POINT('',(22.55,-5.45));
#2068 = ( GEOMETRIC_REPRESENTATION_CONTEXT(2) 
PARAMETRIC_REPRESENTATION_CONTEXT() REPRESENTATION_CONTEXT('2D SPACE',''
  ) );
#2069 = PCURVE('',#2070,#2075);
#2070 = CYLINDRICAL_SURFACE('',#2071,1.);
#2071 = AXIS2_PLACEMENT_3D('',#2072,#2073,#2074);
#2072 = CARTESIAN_POINT('',(8.8,-18.35,9.));
#2073 = DIRECTION('',(0.,-1.,2.22044604925E-16));
#2074 = DIRECTION('',(1.,0.,0.));
#2075 = DEFINITIONAL_REPRESENTATION('',(#2076),#2080);
#2076 = LINE('',#2077,#2078);
#2077 = CARTESIAN_POINT('',(0.,3.95));
#2078 = VECTOR('',#2079,1.);
#2079 = DIRECTION('',(1.,0.));
#2080 = ( GEOMETRIC_REPRESENTATION_CONTEXT(2) 
PARAMETRIC_REPRESENTATION_CONTEXT() REPRESENTATION_CONTEXT('2D SPACE',''
  ) );
#2081 = ADVANCED_FACE('',(#2082),#369,.T.);
#2082 = FACE_BOUND('',#2083,.T.);
#2083 = EDGE_LOOP('',(#2084,#2107,#2108,#2109,#2130,#2158));
#2084 = ORIENTED_EDGE('',*,*,#2085,.F.);
#2085 = EDGE_CURVE('',#1968,#2086,#2088,.T.);
#2086 = VERTEX_POINT('',#2087);
#2087 = CARTESIAN_POINT('',(-3.7,-21.35,9.35));
#2088 = SURFACE_CURVE('',#2089,(#2093,#2100),.PCURVE_S1.);
#2089 = LINE('',#2090,#2091);
#2090 = CARTESIAN_POINT('',(-3.7,-26.35,9.35));
#2091 = VECTOR('',#2092,1.);
#2092 = DIRECTION('',(-0.,1.,0.));
#2093 = PCURVE('',#369,#2094);
#2094 = DEFINITIONAL_REPRESENTATION('',(#2095),#2099);
#2095 = LINE('',#2096,#2097);
#2096 = CARTESIAN_POINT('',(7.,0.));
#2097 = VECTOR('',#2098,1.);
#2098 = DIRECTION('',(0.,-1.));
#2099 = ( GEOMETRIC_REPRESENTATION_CONTEXT(2) 
PARAMETRIC_REPRESENTATION_CONTEXT() REPRESENTATION_CONTEXT('2D SPACE',''
  ) );
#2100 = PCURVE('',#1982,#2101);
#2101 = DEFINITIONAL_REPRESENTATION('',(#2102),#2106);
#2102 = LINE('',#2103,#2104);
#2103 = CARTESIAN_POINT('',(0.,0.));
#2104 = VECTOR('',#2105,1.);
#2105 = DIRECTION('',(0.,1.));
#2106 = ( GEOMETRIC_REPRESENTATION_CONTEXT(2) 
PARAMETRIC_REPRESENTATION_CONTEXT() REPRESENTATION_CONTEXT('2D SPACE',''
  ) );
#2107 = ORIENTED_EDGE('',*,*,#1993,.T.);
#2108 = ORIENTED_EDGE('',*,*,#354,.F.);
#2109 = ORIENTED_EDGE('',*,*,#2110,.T.);
#2110 = EDGE_CURVE('',#327,#2111,#2113,.T.);
#2111 = VERTEX_POINT('',#2112);
#2112 = CARTESIAN_POINT('',(-3.7,-23.75,2.35));
#2113 = SURFACE_CURVE('',#2114,(#2118,#2124),.PCURVE_S1.);
#2114 = LINE('',#2115,#2116);
#2115 = CARTESIAN_POINT('',(-3.7,-23.75,0.175));
#2116 = VECTOR('',#2117,1.);
#2117 = DIRECTION('',(-0.,0.,-1.));
#2118 = PCURVE('',#369,#2119);
#2119 = DEFINITIONAL_REPRESENTATION('',(#2120),#2123);
#2120 = B_SPLINE_CURVE_WITH_KNOTS('',1,(#2121,#2122),.UNSPECIFIED.,.F.,
  .F.,(2,2),(-3.375,-2.175),.PIECEWISE_BEZIER_KNOTS.);
#2121 = CARTESIAN_POINT('',(1.2,-2.6));
#2122 = CARTESIAN_POINT('',(0.,-2.6));
#2123 = ( GEOMETRIC_REPRESENTATION_CONTEXT(2) 
PARAMETRIC_REPRESENTATION_CONTEXT() REPRESENTATION_CONTEXT('2D SPACE',''
  ) );
#2124 = PCURVE('',#342,#2125);
#2125 = DEFINITIONAL_REPRESENTATION('',(#2126),#2129);
#2126 = B_SPLINE_CURVE_WITH_KNOTS('',1,(#2127,#2128),.UNSPECIFIED.,.F.,
  .F.,(2,2),(-3.375,-2.175),.PIECEWISE_BEZIER_KNOTS.);
#2127 = CARTESIAN_POINT('',(9.05,-5.55));
#2128 = CARTESIAN_POINT('',(9.05,-4.35));
#2129 = ( GEOMETRIC_REPRESENTATION_CONTEXT(2) 
PARAMETRIC_REPRESENTATION_CONTEXT() REPRESENTATION_CONTEXT('2D SPACE',''
  ) );
#2130 = ORIENTED_EDGE('',*,*,#2131,.T.);
#2131 = EDGE_CURVE('',#2111,#2132,#2134,.T.);
#2132 = VERTEX_POINT('',#2133);
#2133 = CARTESIAN_POINT('',(-3.7,-21.35,2.35));
#2134 = SURFACE_CURVE('',#2135,(#2139,#2146),.PCURVE_S1.);
#2135 = LINE('',#2136,#2137);
#2136 = CARTESIAN_POINT('',(-3.7,-26.35,2.35));
#2137 = VECTOR('',#2138,1.);
#2138 = DIRECTION('',(-0.,1.,0.));
#2139 = PCURVE('',#369,#2140);
#2140 = DEFINITIONAL_REPRESENTATION('',(#2141),#2145);
#2141 = LINE('',#2142,#2143);
#2142 = CARTESIAN_POINT('',(0.,0.));
#2143 = VECTOR('',#2144,1.);
#2144 = DIRECTION('',(0.,-1.));
#2145 = ( GEOMETRIC_REPRESENTATION_CONTEXT(2) 
PARAMETRIC_REPRESENTATION_CONTEXT() REPRESENTATION_CONTEXT('2D SPACE',''
  ) );
#2146 = PCURVE('',#2147,#2152);
#2147 = PLANE('',#2148);
#2148 = AXIS2_PLACEMENT_3D('',#2149,#2150,#2151);
#2149 = CARTESIAN_POINT('',(-3.7,-26.35,2.35));
#2150 = DIRECTION('',(0.,0.,1.));
#2151 = DIRECTION('',(1.,0.,-0.));
#2152 = DEFINITIONAL_REPRESENTATION('',(#2153),#2157);
#2153 = LINE('',#2154,#2155);
#2154 = CARTESIAN_POINT('',(0.,0.));
#2155 = VECTOR('',#2156,1.);
#2156 = DIRECTION('',(0.,1.));
#2157 = ( GEOMETRIC_REPRESENTATION_CONTEXT(2) 
PARAMETRIC_REPRESENTATION_CONTEXT() REPRESENTATION_CONTEXT('2D SPACE',''
  ) );
#2158 = ORIENTED_EDGE('',*,*,#2159,.F.);
#2159 = EDGE_CURVE('',#2086,#2132,#2160,.T.);
#2160 = SURFACE_CURVE('',#2161,(#2165,#2171),.PCURVE_S1.);
#2161 = LINE('',#2162,#2163);
#2162 = CARTESIAN_POINT('',(-3.7,-21.35,1.175));
#2163 = VECTOR('',#2164,1.);
#2164 = DIRECTION('',(-0.,0.,-1.));
#2165 = PCURVE('',#369,#2166);
#2166 = DEFINITIONAL_REPRESENTATION('',(#2167),#2170);
#2167 = B_SPLINE_CURVE_WITH_KNOTS('',1,(#2168,#2169),.UNSPECIFIED.,.F.,
  .F.,(2,2),(-8.175,-1.175),.PIECEWISE_BEZIER_KNOTS.);
#2168 = CARTESIAN_POINT('',(7.,-5.));
#2169 = CARTESIAN_POINT('',(0.,-5.));
#2170 = ( GEOMETRIC_REPRESENTATION_CONTEXT(2) 
PARAMETRIC_REPRESENTATION_CONTEXT() REPRESENTATION_CONTEXT('2D SPACE',''
  ) );
#2171 = PCURVE('',#2172,#2177);
#2172 = PLANE('',#2173);
#2173 = AXIS2_PLACEMENT_3D('',#2174,#2175,#2176);
#2174 = CARTESIAN_POINT('',(-12.75,-21.35,0.));
#2175 = DIRECTION('',(0.,1.,0.));
#2176 = DIRECTION('',(1.,0.,0.));
#2177 = DEFINITIONAL_REPRESENTATION('',(#2178),#2181);
#2178 = B_SPLINE_CURVE_WITH_KNOTS('',1,(#2179,#2180),.UNSPECIFIED.,.F.,
  .F.,(2,2),(-8.175,-1.175),.PIECEWISE_BEZIER_KNOTS.);
#2179 = CARTESIAN_POINT('',(9.05,-9.35));
#2180 = CARTESIAN_POINT('',(9.05,-2.35));
#2181 = ( GEOMETRIC_REPRESENTATION_CONTEXT(2) 
PARAMETRIC_REPRESENTATION_CONTEXT() REPRESENTATION_CONTEXT('2D SPACE',''
  ) );
#2182 = ADVANCED_FACE('',(#2183),#342,.F.);
#2183 = FACE_BOUND('',#2184,.F.);
#2184 = EDGE_LOOP('',(#2185,#2215,#2236,#2237,#2238,#2239,#2260,#2281));
#2185 = ORIENTED_EDGE('',*,*,#2186,.F.);
#2186 = EDGE_CURVE('',#2187,#2189,#2191,.T.);
#2187 = VERTEX_POINT('',#2188);
#2188 = CARTESIAN_POINT('',(12.749999917905,-23.75,-0.4));
#2189 = VERTEX_POINT('',#2190);
#2190 = CARTESIAN_POINT('',(12.749999917905,-23.75,3.55));
#2191 = SURFACE_CURVE('',#2192,(#2196,#2203),.PCURVE_S1.);
#2192 = LINE('',#2193,#2194);
#2193 = CARTESIAN_POINT('',(12.749999917905,-23.75,-2.));
#2194 = VECTOR('',#2195,1.);
#2195 = DIRECTION('',(0.,0.,1.));
#2196 = PCURVE('',#342,#2197);
#2197 = DEFINITIONAL_REPRESENTATION('',(#2198),#2202);
#2198 = LINE('',#2199,#2200);
#2199 = CARTESIAN_POINT('',(25.499999917905,0.));
#2200 = VECTOR('',#2201,1.);
#2201 = DIRECTION('',(0.,-1.));
#2202 = ( GEOMETRIC_REPRESENTATION_CONTEXT(2) 
PARAMETRIC_REPRESENTATION_CONTEXT() REPRESENTATION_CONTEXT('2D SPACE',''
  ) );
#2203 = PCURVE('',#2204,#2209);
#2204 = CYLINDRICAL_SURFACE('',#2205,8.);
#2205 = AXIS2_PLACEMENT_3D('',#2206,#2207,#2208);
#2206 = CARTESIAN_POINT('',(12.749999917905,-15.75,-2.));
#2207 = DIRECTION('',(-0.,-0.,-1.));
#2208 = DIRECTION('',(1.,0.,0.));
#2209 = DEFINITIONAL_REPRESENTATION('',(#2210),#2214);
#2210 = LINE('',#2211,#2212);
#2211 = CARTESIAN_POINT('',(-4.712388980385,0.));
#2212 = VECTOR('',#2213,1.);
#2213 = DIRECTION('',(-0.,-1.));
#2214 = ( GEOMETRIC_REPRESENTATION_CONTEXT(2) 
PARAMETRIC_REPRESENTATION_CONTEXT() REPRESENTATION_CONTEXT('2D SPACE',''
  ) );
#2215 = ORIENTED_EDGE('',*,*,#2216,.T.);
#2216 = EDGE_CURVE('',#2187,#574,#2217,.T.);
#2217 = SURFACE_CURVE('',#2218,(#2222,#2229),.PCURVE_S1.);
#2218 = LINE('',#2219,#2220);
#2219 = CARTESIAN_POINT('',(12.749999917905,-23.75,-0.4));
#2220 = VECTOR('',#2221,1.);
#2221 = DIRECTION('',(-1.,-0.,-0.));
#2222 = PCURVE('',#342,#2223);
#2223 = DEFINITIONAL_REPRESENTATION('',(#2224),#2228);
#2224 = LINE('',#2225,#2226);
#2225 = CARTESIAN_POINT('',(25.499999917905,-1.6));
#2226 = VECTOR('',#2227,1.);
#2227 = DIRECTION('',(-1.,0.));
#2228 = ( GEOMETRIC_REPRESENTATION_CONTEXT(2) 
PARAMETRIC_REPRESENTATION_CONTEXT() REPRESENTATION_CONTEXT('2D SPACE',''
  ) );
#2229 = PCURVE('',#749,#2230);
#2230 = DEFINITIONAL_REPRESENTATION('',(#2231),#2235);
#2231 = LINE('',#2232,#2233);
#2232 = CARTESIAN_POINT('',(0.,-1.131370849898));
#2233 = VECTOR('',#2234,1.);
#2234 = DIRECTION('',(1.,0.));
#2235 = ( GEOMETRIC_REPRESENTATION_CONTEXT(2) 
PARAMETRIC_REPRESENTATION_CONTEXT() REPRESENTATION_CONTEXT('2D SPACE',''
  ) );
#2236 = ORIENTED_EDGE('',*,*,#573,.T.);
#2237 = ORIENTED_EDGE('',*,*,#326,.T.);
#2238 = ORIENTED_EDGE('',*,*,#2110,.T.);
#2239 = ORIENTED_EDGE('',*,*,#2240,.T.);
#2240 = EDGE_CURVE('',#2111,#2241,#2243,.T.);
#2241 = VERTEX_POINT('',#2242);
#2242 = CARTESIAN_POINT('',(5.3,-23.75,2.35));
#2243 = SURFACE_CURVE('',#2244,(#2248,#2254),.PCURVE_S1.);
#2244 = LINE('',#2245,#2246);
#2245 = CARTESIAN_POINT('',(-8.225,-23.75,2.35));
#2246 = VECTOR('',#2247,1.);
#2247 = DIRECTION('',(1.,0.,0.));
#2248 = PCURVE('',#342,#2249);
#2249 = DEFINITIONAL_REPRESENTATION('',(#2250),#2253);
#2250 = B_SPLINE_CURVE_WITH_KNOTS('',1,(#2251,#2252),.UNSPECIFIED.,.F.,
  .F.,(2,2),(4.525,13.525),.PIECEWISE_BEZIER_KNOTS.);
#2251 = CARTESIAN_POINT('',(9.05,-4.35));
#2252 = CARTESIAN_POINT('',(18.05,-4.35));
#2253 = ( GEOMETRIC_REPRESENTATION_CONTEXT(2) 
PARAMETRIC_REPRESENTATION_CONTEXT() REPRESENTATION_CONTEXT('2D SPACE',''
  ) );
#2254 = PCURVE('',#2147,#2255);
#2255 = DEFINITIONAL_REPRESENTATION('',(#2256),#2259);
#2256 = B_SPLINE_CURVE_WITH_KNOTS('',1,(#2257,#2258),.UNSPECIFIED.,.F.,
  .F.,(2,2),(4.525,13.525),.PIECEWISE_BEZIER_KNOTS.);
#2257 = CARTESIAN_POINT('',(0.,2.6));
#2258 = CARTESIAN_POINT('',(9.,2.6));
#2259 = ( GEOMETRIC_REPRESENTATION_CONTEXT(2) 
PARAMETRIC_REPRESENTATION_CONTEXT() REPRESENTATION_CONTEXT('2D SPACE',''
  ) );
#2260 = ORIENTED_EDGE('',*,*,#2261,.F.);
#2261 = EDGE_CURVE('',#2262,#2241,#2264,.T.);
#2262 = VERTEX_POINT('',#2263);
#2263 = CARTESIAN_POINT('',(5.3,-23.75,3.55));
#2264 = SURFACE_CURVE('',#2265,(#2269,#2275),.PCURVE_S1.);
#2265 = LINE('',#2266,#2267);
#2266 = CARTESIAN_POINT('',(5.3,-23.75,0.175));
#2267 = VECTOR('',#2268,1.);
#2268 = DIRECTION('',(-0.,0.,-1.));
#2269 = PCURVE('',#342,#2270);
#2270 = DEFINITIONAL_REPRESENTATION('',(#2271),#2274);
#2271 = B_SPLINE_CURVE_WITH_KNOTS('',1,(#2272,#2273),.UNSPECIFIED.,.F.,
  .F.,(2,2),(-3.375,-2.175),.PIECEWISE_BEZIER_KNOTS.);
#2272 = CARTESIAN_POINT('',(18.05,-5.55));
#2273 = CARTESIAN_POINT('',(18.05,-4.35));
#2274 = ( GEOMETRIC_REPRESENTATION_CONTEXT(2) 
PARAMETRIC_REPRESENTATION_CONTEXT() REPRESENTATION_CONTEXT('2D SPACE',''
  ) );
#2275 = PCURVE('',#1956,#2276);
#2276 = DEFINITIONAL_REPRESENTATION('',(#2277),#2280);
#2277 = B_SPLINE_CURVE_WITH_KNOTS('',1,(#2278,#2279),.UNSPECIFIED.,.F.,
  .F.,(2,2),(-3.375,-2.175),.PIECEWISE_BEZIER_KNOTS.);
#2278 = CARTESIAN_POINT('',(1.2,-2.6));
#2279 = CARTESIAN_POINT('',(0.,-2.6));
#2280 = ( GEOMETRIC_REPRESENTATION_CONTEXT(2) 
PARAMETRIC_REPRESENTATION_CONTEXT() REPRESENTATION_CONTEXT('2D SPACE',''
  ) );
#2281 = ORIENTED_EDGE('',*,*,#2282,.T.);
#2282 = EDGE_CURVE('',#2262,#2189,#2283,.T.);
#2283 = SURFACE_CURVE('',#2284,(#2288,#2295),.PCURVE_S1.);
#2284 = LINE('',#2285,#2286);
#2285 = CARTESIAN_POINT('',(2.13162820728E-14,-23.75,3.55));
#2286 = VECTOR('',#2287,1.);
#2287 = DIRECTION('',(1.,0.,0.));
#2288 = PCURVE('',#342,#2289);
#2289 = DEFINITIONAL_REPRESENTATION('',(#2290),#2294);
#2290 = LINE('',#2291,#2292);
#2291 = CARTESIAN_POINT('',(12.75,-5.55));
#2292 = VECTOR('',#2293,1.);
#2293 = DIRECTION('',(1.,0.));
#2294 = ( GEOMETRIC_REPRESENTATION_CONTEXT(2) 
PARAMETRIC_REPRESENTATION_CONTEXT() REPRESENTATION_CONTEXT('2D SPACE',''
  ) );
#2295 = PCURVE('',#1929,#2296);
#2296 = DEFINITIONAL_REPRESENTATION('',(#2297),#2301);
#2297 = LINE('',#2298,#2299);
#2298 = CARTESIAN_POINT('',(2.368683181483E-08,-26.45));
#2299 = VECTOR('',#2300,1.);
#2300 = DIRECTION('',(1.,0.));
#2301 = ( GEOMETRIC_REPRESENTATION_CONTEXT(2) 
PARAMETRIC_REPRESENTATION_CONTEXT() REPRESENTATION_CONTEXT('2D SPACE',''
  ) );
#2302 = ADVANCED_FACE('',(#2303),#640,.F.);
#2303 = FACE_BOUND('',#2304,.T.);
#2304 = EDGE_LOOP('',(#2305,#2306,#2307,#2326));
#2305 = ORIENTED_EDGE('',*,*,#625,.F.);
#2306 = ORIENTED_EDGE('',*,*,#708,.T.);
#2307 = ORIENTED_EDGE('',*,*,#2308,.T.);
#2308 = EDGE_CURVE('',#681,#878,#2309,.T.);
#2309 = SURFACE_CURVE('',#2310,(#2314,#2320),.PCURVE_S1.);
#2310 = LINE('',#2311,#2312);
#2311 = CARTESIAN_POINT('',(12.749999917905,28.35,-1.2));
#2312 = VECTOR('',#2313,1.);
#2313 = DIRECTION('',(-0.,-0.707106781187,-0.707106781187));
#2314 = PCURVE('',#640,#2315);
#2315 = DEFINITIONAL_REPRESENTATION('',(#2316),#2319);
#2316 = B_SPLINE_CURVE_WITH_KNOTS('',1,(#2317,#2318),.UNSPECIFIED.,.F.,
  .F.,(2,2),(-1.131370849898,1.131370849898),.PIECEWISE_BEZIER_KNOTS.);
#2317 = CARTESIAN_POINT('',(-25.4999999179,-1.131370849898));
#2318 = CARTESIAN_POINT('',(-25.4999999179,1.131370849898));
#2319 = ( GEOMETRIC_REPRESENTATION_CONTEXT(2) 
PARAMETRIC_REPRESENTATION_CONTEXT() REPRESENTATION_CONTEXT('2D SPACE',''
  ) );
#2320 = PCURVE('',#898,#2321);
#2321 = DEFINITIONAL_REPRESENTATION('',(#2322),#2325);
#2322 = B_SPLINE_CURVE_WITH_KNOTS('',1,(#2323,#2324),.UNSPECIFIED.,.F.,
  .F.,(2,2),(-1.131370849898,1.131370849898),.PIECEWISE_BEZIER_KNOTS.);
#2323 = CARTESIAN_POINT('',(0.,0.));
#2324 = CARTESIAN_POINT('',(0.,-1.6));
#2325 = ( GEOMETRIC_REPRESENTATION_CONTEXT(2) 
PARAMETRIC_REPRESENTATION_CONTEXT() REPRESENTATION_CONTEXT('2D SPACE',''
  ) );
#2326 = ORIENTED_EDGE('',*,*,#910,.F.);
#2327 = ADVANCED_FACE('',(#2328),#696,.T.);
#2328 = FACE_BOUND('',#2329,.F.);
#2329 = EDGE_LOOP('',(#2330,#2360,#2382,#2383,#2384));
#2330 = ORIENTED_EDGE('',*,*,#2331,.T.);
#2331 = EDGE_CURVE('',#2332,#2334,#2336,.T.);
#2332 = VERTEX_POINT('',#2333);
#2333 = CARTESIAN_POINT('',(20.749999917905,21.15,-0.4));
#2334 = VERTEX_POINT('',#2335);
#2335 = CARTESIAN_POINT('',(20.749999958953,21.15,13.55));
#2336 = SURFACE_CURVE('',#2337,(#2341,#2348),.PCURVE_S1.);
#2337 = LINE('',#2338,#2339);
#2338 = CARTESIAN_POINT('',(20.749999958953,21.15,-2.));
#2339 = VECTOR('',#2340,1.);
#2340 = DIRECTION('',(0.,0.,1.));
#2341 = PCURVE('',#696,#2342);
#2342 = DEFINITIONAL_REPRESENTATION('',(#2343),#2347);
#2343 = LINE('',#2344,#2345);
#2344 = CARTESIAN_POINT('',(-0.,0.));
#2345 = VECTOR('',#2346,1.);
#2346 = DIRECTION('',(-0.,-1.));
#2347 = ( GEOMETRIC_REPRESENTATION_CONTEXT(2) 
PARAMETRIC_REPRESENTATION_CONTEXT() REPRESENTATION_CONTEXT('2D SPACE',''
  ) );
#2348 = PCURVE('',#2349,#2354);
#2349 = PLANE('',#2350);
#2350 = AXIS2_PLACEMENT_3D('',#2351,#2352,#2353);
#2351 = CARTESIAN_POINT('',(20.75,-15.75,-2.));
#2352 = DIRECTION('',(-1.,0.,0.));
#2353 = DIRECTION('',(0.,1.,0.));
#2354 = DEFINITIONAL_REPRESENTATION('',(#2355),#2359);
#2355 = LINE('',#2356,#2357);
#2356 = CARTESIAN_POINT('',(36.9,0.));
#2357 = VECTOR('',#2358,1.);
#2358 = DIRECTION('',(0.,-1.));
#2359 = ( GEOMETRIC_REPRESENTATION_CONTEXT(2) 
PARAMETRIC_REPRESENTATION_CONTEXT() REPRESENTATION_CONTEXT('2D SPACE',''
  ) );
#2360 = ORIENTED_EDGE('',*,*,#2361,.T.);
#2361 = EDGE_CURVE('',#2334,#937,#2362,.T.);
#2362 = SURFACE_CURVE('',#2363,(#2368,#2375),.PCURVE_S1.);
#2363 = CIRCLE('',#2364,8.);
#2364 = AXIS2_PLACEMENT_3D('',#2365,#2366,#2367);
#2365 = CARTESIAN_POINT('',(12.749999917905,21.15,13.55));
#2366 = DIRECTION('',(0.,0.,1.));
#2367 = DIRECTION('',(1.,0.,0.));
#2368 = PCURVE('',#696,#2369);
#2369 = DEFINITIONAL_REPRESENTATION('',(#2370),#2374);
#2370 = LINE('',#2371,#2372);
#2371 = CARTESIAN_POINT('',(-0.,-15.55));
#2372 = VECTOR('',#2373,1.);
#2373 = DIRECTION('',(-1.,0.));
#2374 = ( GEOMETRIC_REPRESENTATION_CONTEXT(2) 
PARAMETRIC_REPRESENTATION_CONTEXT() REPRESENTATION_CONTEXT('2D SPACE',''
  ) );
#2375 = PCURVE('',#974,#2376);
#2376 = DEFINITIONAL_REPRESENTATION('',(#2377),#2381);
#2377 = CIRCLE('',#2378,8.);
#2378 = AXIS2_PLACEMENT_2D('',#2379,#2380);
#2379 = CARTESIAN_POINT('',(12.749999941592,18.45));
#2380 = DIRECTION('',(1.,0.));
#2381 = ( GEOMETRIC_REPRESENTATION_CONTEXT(2) 
PARAMETRIC_REPRESENTATION_CONTEXT() REPRESENTATION_CONTEXT('2D SPACE',''
  ) );
#2382 = ORIENTED_EDGE('',*,*,#936,.F.);
#2383 = ORIENTED_EDGE('',*,*,#680,.F.);
#2384 = ORIENTED_EDGE('',*,*,#2385,.T.);
#2385 = EDGE_CURVE('',#681,#2332,#2386,.T.);
#2386 = SURFACE_CURVE('',#2387,(#2392,#2399),.PCURVE_S1.);
#2387 = CIRCLE('',#2388,8.);
#2388 = AXIS2_PLACEMENT_3D('',#2389,#2390,#2391);
#2389 = CARTESIAN_POINT('',(12.749999917905,21.15,-0.4));
#2390 = DIRECTION('',(0.,-0.,-1.));
#2391 = DIRECTION('',(0.,1.,-0.));
#2392 = PCURVE('',#696,#2393);
#2393 = DEFINITIONAL_REPRESENTATION('',(#2394),#2398);
#2394 = LINE('',#2395,#2396);
#2395 = CARTESIAN_POINT('',(-1.570796326795,-1.6));
#2396 = VECTOR('',#2397,1.);
#2397 = DIRECTION('',(1.,-0.));
#2398 = ( GEOMETRIC_REPRESENTATION_CONTEXT(2) 
PARAMETRIC_REPRESENTATION_CONTEXT() REPRESENTATION_CONTEXT('2D SPACE',''
  ) );
#2399 = PCURVE('',#898,#2400);
#2400 = DEFINITIONAL_REPRESENTATION('',(#2401),#2405);
#2401 = LINE('',#2402,#2403);
#2402 = CARTESIAN_POINT('',(-0.,-0.));
#2403 = VECTOR('',#2404,1.);
#2404 = DIRECTION('',(-1.,-0.));
#2405 = ( GEOMETRIC_REPRESENTATION_CONTEXT(2) 
PARAMETRIC_REPRESENTATION_CONTEXT() REPRESENTATION_CONTEXT('2D SPACE',''
  ) );
#2406 = ADVANCED_FACE('',(#2407),#749,.T.);
#2407 = FACE_BOUND('',#2408,.T.);
#2408 = EDGE_LOOP('',(#2409,#2428,#2429,#2430));
#2409 = ORIENTED_EDGE('',*,*,#2410,.F.);
#2410 = EDGE_CURVE('',#2187,#794,#2411,.T.);
#2411 = SURFACE_CURVE('',#2412,(#2416,#2422),.PCURVE_S1.);
#2412 = LINE('',#2413,#2414);
#2413 = CARTESIAN_POINT('',(12.749999917905,-23.75,-0.4));
#2414 = VECTOR('',#2415,1.);
#2415 = DIRECTION('',(2.70720688925E-16,0.707106781187,-0.707106781187)
  );
#2416 = PCURVE('',#749,#2417);
#2417 = DEFINITIONAL_REPRESENTATION('',(#2418),#2421);
#2418 = B_SPLINE_CURVE_WITH_KNOTS('',1,(#2419,#2420),.UNSPECIFIED.,.F.,
  .F.,(2,2),(0.,2.262741699797),.PIECEWISE_BEZIER_KNOTS.);
#2419 = CARTESIAN_POINT('',(0.,-1.131370849898));
#2420 = CARTESIAN_POINT('',(0.,1.131370849898));
#2421 = ( GEOMETRIC_REPRESENTATION_CONTEXT(2) 
PARAMETRIC_REPRESENTATION_CONTEXT() REPRESENTATION_CONTEXT('2D SPACE',''
  ) );
#2422 = PCURVE('',#837,#2423);
#2423 = DEFINITIONAL_REPRESENTATION('',(#2424),#2427);
#2424 = B_SPLINE_CURVE_WITH_KNOTS('',1,(#2425,#2426),.UNSPECIFIED.,.F.,
  .F.,(2,2),(0.,2.262741699797),.PIECEWISE_BEZIER_KNOTS.);
#2425 = CARTESIAN_POINT('',(-1.570796326795,0.));
#2426 = CARTESIAN_POINT('',(-1.570796326795,-1.6));
#2427 = ( GEOMETRIC_REPRESENTATION_CONTEXT(2) 
PARAMETRIC_REPRESENTATION_CONTEXT() REPRESENTATION_CONTEXT('2D SPACE',''
  ) );
#2428 = ORIENTED_EDGE('',*,*,#2216,.T.);
#2429 = ORIENTED_EDGE('',*,*,#734,.T.);
#2430 = ORIENTED_EDGE('',*,*,#793,.F.);
#2431 = ADVANCED_FACE('',(#2432),#837,.T.);
#2432 = FACE_BOUND('',#2433,.T.);
#2433 = EDGE_LOOP('',(#2434,#2455,#2477,#2478));
#2434 = ORIENTED_EDGE('',*,*,#2435,.F.);
#2435 = EDGE_CURVE('',#2436,#817,#2438,.T.);
#2436 = VERTEX_POINT('',#2437);
#2437 = CARTESIAN_POINT('',(20.75,-15.75,-0.4));
#2438 = SURFACE_CURVE('',#2439,(#2443,#2449),.PCURVE_S1.);
#2439 = LINE('',#2440,#2441);
#2440 = CARTESIAN_POINT('',(19.95,-15.75,-1.2));
#2441 = VECTOR('',#2442,1.);
#2442 = DIRECTION('',(-0.707106781187,0.,-0.707106781187));
#2443 = PCURVE('',#837,#2444);
#2444 = DEFINITIONAL_REPRESENTATION('',(#2445),#2448);
#2445 = B_SPLINE_CURVE_WITH_KNOTS('',1,(#2446,#2447),.UNSPECIFIED.,.F.,
  .F.,(2,2),(-1.131370849898,1.131370849898),.PIECEWISE_BEZIER_KNOTS.);
#2446 = CARTESIAN_POINT('',(0.,0.));
#2447 = CARTESIAN_POINT('',(0.,-1.6));
#2448 = ( GEOMETRIC_REPRESENTATION_CONTEXT(2) 
PARAMETRIC_REPRESENTATION_CONTEXT() REPRESENTATION_CONTEXT('2D SPACE',''
  ) );
#2449 = PCURVE('',#865,#2450);
#2450 = DEFINITIONAL_REPRESENTATION('',(#2451),#2454);
#2451 = B_SPLINE_CURVE_WITH_KNOTS('',1,(#2452,#2453),.UNSPECIFIED.,.F.,
  .F.,(2,2),(-1.131370849898,1.131370849898),.PIECEWISE_BEZIER_KNOTS.);
#2452 = CARTESIAN_POINT('',(36.9,-1.131370849898));
#2453 = CARTESIAN_POINT('',(36.9,1.131370849898));
#2454 = ( GEOMETRIC_REPRESENTATION_CONTEXT(2) 
PARAMETRIC_REPRESENTATION_CONTEXT() REPRESENTATION_CONTEXT('2D SPACE',''
  ) );
#2455 = ORIENTED_EDGE('',*,*,#2456,.T.);
#2456 = EDGE_CURVE('',#2436,#2187,#2457,.T.);
#2457 = SURFACE_CURVE('',#2458,(#2463,#2470),.PCURVE_S1.);
#2458 = CIRCLE('',#2459,8.);
#2459 = AXIS2_PLACEMENT_3D('',#2460,#2461,#2462);
#2460 = CARTESIAN_POINT('',(12.749999917905,-15.75,-0.4));
#2461 = DIRECTION('',(0.,-0.,-1.));
#2462 = DIRECTION('',(1.,-4.440892098501E-16,0.));
#2463 = PCURVE('',#837,#2464);
#2464 = DEFINITIONAL_REPRESENTATION('',(#2465),#2469);
#2465 = LINE('',#2466,#2467);
#2466 = CARTESIAN_POINT('',(-0.,-0.));
#2467 = VECTOR('',#2468,1.);
#2468 = DIRECTION('',(-1.,-0.));
#2469 = ( GEOMETRIC_REPRESENTATION_CONTEXT(2) 
PARAMETRIC_REPRESENTATION_CONTEXT() REPRESENTATION_CONTEXT('2D SPACE',''
  ) );
#2470 = PCURVE('',#2204,#2471);
#2471 = DEFINITIONAL_REPRESENTATION('',(#2472),#2476);
#2472 = LINE('',#2473,#2474);
#2473 = CARTESIAN_POINT('',(-6.28318530718,-1.6));
#2474 = VECTOR('',#2475,1.);
#2475 = DIRECTION('',(1.,-0.));
#2476 = ( GEOMETRIC_REPRESENTATION_CONTEXT(2) 
PARAMETRIC_REPRESENTATION_CONTEXT() REPRESENTATION_CONTEXT('2D SPACE',''
  ) );
#2477 = ORIENTED_EDGE('',*,*,#2410,.T.);
#2478 = ORIENTED_EDGE('',*,*,#816,.F.);
#2479 = ADVANCED_FACE('',(#2480),#898,.T.);
#2480 = FACE_BOUND('',#2481,.T.);
#2481 = EDGE_LOOP('',(#2482,#2483,#2484,#2503));
#2482 = ORIENTED_EDGE('',*,*,#2308,.F.);
#2483 = ORIENTED_EDGE('',*,*,#2385,.T.);
#2484 = ORIENTED_EDGE('',*,*,#2485,.T.);
#2485 = EDGE_CURVE('',#2332,#850,#2486,.T.);
#2486 = SURFACE_CURVE('',#2487,(#2491,#2497),.PCURVE_S1.);
#2487 = LINE('',#2488,#2489);
#2488 = CARTESIAN_POINT('',(20.749999917905,21.15,-0.4));
#2489 = VECTOR('',#2490,1.);
#2490 = DIRECTION('',(-0.707106781187,-4.329780281177E-17,
    -0.707106781187));
#2491 = PCURVE('',#898,#2492);
#2492 = DEFINITIONAL_REPRESENTATION('',(#2493),#2496);
#2493 = B_SPLINE_CURVE_WITH_KNOTS('',1,(#2494,#2495),.UNSPECIFIED.,.F.,
  .F.,(2,2),(0.,2.262741699797),.PIECEWISE_BEZIER_KNOTS.);
#2494 = CARTESIAN_POINT('',(-1.570796326795,0.));
#2495 = CARTESIAN_POINT('',(-1.570796326795,-1.6));
#2496 = ( GEOMETRIC_REPRESENTATION_CONTEXT(2) 
PARAMETRIC_REPRESENTATION_CONTEXT() REPRESENTATION_CONTEXT('2D SPACE',''
  ) );
#2497 = PCURVE('',#865,#2498);
#2498 = DEFINITIONAL_REPRESENTATION('',(#2499),#2502);
#2499 = B_SPLINE_CURVE_WITH_KNOTS('',1,(#2500,#2501),.UNSPECIFIED.,.F.,
  .F.,(2,2),(0.,2.262741699797),.PIECEWISE_BEZIER_KNOTS.);
#2500 = CARTESIAN_POINT('',(0.,-1.131370849898));
#2501 = CARTESIAN_POINT('',(0.,1.131370849898));
#2502 = ( GEOMETRIC_REPRESENTATION_CONTEXT(2) 
PARAMETRIC_REPRESENTATION_CONTEXT() REPRESENTATION_CONTEXT('2D SPACE',''
  ) );
#2503 = ORIENTED_EDGE('',*,*,#877,.F.);
#2504 = ADVANCED_FACE('',(#2505),#865,.T.);
#2505 = FACE_BOUND('',#2506,.T.);
#2506 = EDGE_LOOP('',(#2507,#2508,#2529,#2530));
#2507 = ORIENTED_EDGE('',*,*,#2485,.F.);
#2508 = ORIENTED_EDGE('',*,*,#2509,.T.);
#2509 = EDGE_CURVE('',#2332,#2436,#2510,.T.);
#2510 = SURFACE_CURVE('',#2511,(#2515,#2522),.PCURVE_S1.);
#2511 = LINE('',#2512,#2513);
#2512 = CARTESIAN_POINT('',(20.75,21.15,-0.4));
#2513 = VECTOR('',#2514,1.);
#2514 = DIRECTION('',(-0.,-1.,-0.));
#2515 = PCURVE('',#865,#2516);
#2516 = DEFINITIONAL_REPRESENTATION('',(#2517),#2521);
#2517 = LINE('',#2518,#2519);
#2518 = CARTESIAN_POINT('',(0.,-1.131370849898));
#2519 = VECTOR('',#2520,1.);
#2520 = DIRECTION('',(1.,0.));
#2521 = ( GEOMETRIC_REPRESENTATION_CONTEXT(2) 
PARAMETRIC_REPRESENTATION_CONTEXT() REPRESENTATION_CONTEXT('2D SPACE',''
  ) );
#2522 = PCURVE('',#2349,#2523);
#2523 = DEFINITIONAL_REPRESENTATION('',(#2524),#2528);
#2524 = LINE('',#2525,#2526);
#2525 = CARTESIAN_POINT('',(36.9,-1.6));
#2526 = VECTOR('',#2527,1.);
#2527 = DIRECTION('',(-1.,0.));
#2528 = ( GEOMETRIC_REPRESENTATION_CONTEXT(2) 
PARAMETRIC_REPRESENTATION_CONTEXT() REPRESENTATION_CONTEXT('2D SPACE',''
  ) );
#2529 = ORIENTED_EDGE('',*,*,#2435,.T.);
#2530 = ORIENTED_EDGE('',*,*,#849,.F.);
#2531 = ADVANCED_FACE('',(#2532,#2608),#974,.T.);
#2532 = FACE_BOUND('',#2533,.T.);
#2533 = EDGE_LOOP('',(#2534,#2556,#2580,#2601,#2602,#2603,#2604,#2605,
    #2606,#2607));
#2534 = ORIENTED_EDGE('',*,*,#2535,.F.);
#2535 = EDGE_CURVE('',#2536,#1863,#2538,.T.);
#2536 = VERTEX_POINT('',#2537);
#2537 = CARTESIAN_POINT('',(12.749999917905,-23.75,13.55));
#2538 = SURFACE_CURVE('',#2539,(#2543,#2550),.PCURVE_S1.);
#2539 = LINE('',#2540,#2541);
#2540 = CARTESIAN_POINT('',(12.75,-47.3,13.55));
#2541 = VECTOR('',#2542,1.);
#2542 = DIRECTION('',(-0.,1.,0.));
#2543 = PCURVE('',#974,#2544);
#2544 = DEFINITIONAL_REPRESENTATION('',(#2545),#2549);
#2545 = LINE('',#2546,#2547);
#2546 = CARTESIAN_POINT('',(12.750000023687,-50.));
#2547 = VECTOR('',#2548,1.);
#2548 = DIRECTION('',(0.,1.));
#2549 = ( GEOMETRIC_REPRESENTATION_CONTEXT(2) 
PARAMETRIC_REPRESENTATION_CONTEXT() REPRESENTATION_CONTEXT('2D SPACE',''
  ) );
#2550 = PCURVE('',#1901,#2551);
#2551 = DEFINITIONAL_REPRESENTATION('',(#2552),#2555);
#2552 = B_SPLINE_CURVE_WITH_KNOTS('',1,(#2553,#2554),.UNSPECIFIED.,.F.,
  .F.,(2,2),(23.55,76.45),.PIECEWISE_BEZIER_KNOTS.);
#2553 = CARTESIAN_POINT('',(11.,-73.55));
#2554 = CARTESIAN_POINT('',(11.,-126.45));
#2555 = ( GEOMETRIC_REPRESENTATION_CONTEXT(2) 
PARAMETRIC_REPRESENTATION_CONTEXT() REPRESENTATION_CONTEXT('2D SPACE',''
  ) );
#2556 = ORIENTED_EDGE('',*,*,#2557,.T.);
#2557 = EDGE_CURVE('',#2536,#2558,#2560,.T.);
#2558 = VERTEX_POINT('',#2559);
#2559 = CARTESIAN_POINT('',(20.749999958953,-15.75,13.55));
#2560 = SURFACE_CURVE('',#2561,(#2566,#2573),.PCURVE_S1.);
#2561 = CIRCLE('',#2562,8.);
#2562 = AXIS2_PLACEMENT_3D('',#2563,#2564,#2565);
#2563 = CARTESIAN_POINT('',(12.749999917905,-15.75,13.55));
#2564 = DIRECTION('',(0.,0.,1.));
#2565 = DIRECTION('',(1.,0.,0.));
#2566 = PCURVE('',#974,#2567);
#2567 = DEFINITIONAL_REPRESENTATION('',(#2568),#2572);
#2568 = CIRCLE('',#2569,8.);
#2569 = AXIS2_PLACEMENT_2D('',#2570,#2571);
#2570 = CARTESIAN_POINT('',(12.749999941592,-18.45));
#2571 = DIRECTION('',(1.,0.));
#2572 = ( GEOMETRIC_REPRESENTATION_CONTEXT(2) 
PARAMETRIC_REPRESENTATION_CONTEXT() REPRESENTATION_CONTEXT('2D SPACE',''
  ) );
#2573 = PCURVE('',#2204,#2574);
#2574 = DEFINITIONAL_REPRESENTATION('',(#2575),#2579);
#2575 = LINE('',#2576,#2577);
#2576 = CARTESIAN_POINT('',(-0.,-15.55));
#2577 = VECTOR('',#2578,1.);
#2578 = DIRECTION('',(-1.,0.));
#2579 = ( GEOMETRIC_REPRESENTATION_CONTEXT(2) 
PARAMETRIC_REPRESENTATION_CONTEXT() REPRESENTATION_CONTEXT('2D SPACE',''
  ) );
#2580 = ORIENTED_EDGE('',*,*,#2581,.T.);
#2581 = EDGE_CURVE('',#2558,#2334,#2582,.T.);
#2582 = SURFACE_CURVE('',#2583,(#2587,#2594),.PCURVE_S1.);
#2583 = LINE('',#2584,#2585);
#2584 = CARTESIAN_POINT('',(20.75,2.7,13.55));
#2585 = VECTOR('',#2586,1.);
#2586 = DIRECTION('',(0.,1.,0.));
#2587 = PCURVE('',#974,#2588);
#2588 = DEFINITIONAL_REPRESENTATION('',(#2589),#2593);
#2589 = LINE('',#2590,#2591);
#2590 = CARTESIAN_POINT('',(20.750000023687,-4.440892098501E-16));
#2591 = VECTOR('',#2592,1.);
#2592 = DIRECTION('',(0.,1.));
#2593 = ( GEOMETRIC_REPRESENTATION_CONTEXT(2) 
PARAMETRIC_REPRESENTATION_CONTEXT() REPRESENTATION_CONTEXT('2D SPACE',''
  ) );
#2594 = PCURVE('',#2349,#2595);
#2595 = DEFINITIONAL_REPRESENTATION('',(#2596),#2600);
#2596 = LINE('',#2597,#2598);
#2597 = CARTESIAN_POINT('',(18.45,-15.55));
#2598 = VECTOR('',#2599,1.);
#2599 = DIRECTION('',(1.,0.));
#2600 = ( GEOMETRIC_REPRESENTATION_CONTEXT(2) 
PARAMETRIC_REPRESENTATION_CONTEXT() REPRESENTATION_CONTEXT('2D SPACE',''
  ) );
#2601 = ORIENTED_EDGE('',*,*,#2361,.T.);
#2602 = ORIENTED_EDGE('',*,*,#959,.F.);
#2603 = ORIENTED_EDGE('',*,*,#1033,.F.);
#2604 = ORIENTED_EDGE('',*,*,#1484,.T.);
#2605 = ORIENTED_EDGE('',*,*,#1556,.F.);
#2606 = ORIENTED_EDGE('',*,*,#1811,.T.);
#2607 = ORIENTED_EDGE('',*,*,#1862,.T.);
#2608 = FACE_BOUND('',#2609,.T.);
#2609 = EDGE_LOOP('',(#2610,#2641,#2669,#2697,#2725,#2753,#2781,#2809,
    #2837,#2865,#2894,#2922,#2951,#2979,#3008,#3036,#3064,#3092,#3115,
    #3143,#3171));
#2610 = ORIENTED_EDGE('',*,*,#2611,.F.);
#2611 = EDGE_CURVE('',#2612,#2614,#2616,.T.);
#2612 = VERTEX_POINT('',#2613);
#2613 = CARTESIAN_POINT('',(-17.31042761152,-19.,13.55));
#2614 = VERTEX_POINT('',#2615);
#2615 = CARTESIAN_POINT('',(-16.,-20.31042761152,13.55));
#2616 = SURFACE_CURVE('',#2617,(#2622,#2629),.PCURVE_S1.);
#2617 = CIRCLE('',#2618,5.6);
#2618 = AXIS2_PLACEMENT_3D('',#2619,#2620,#2621);
#2619 = CARTESIAN_POINT('',(-12.75,-15.75,13.55));
#2620 = DIRECTION('',(0.,0.,1.));
#2621 = DIRECTION('',(1.,0.,0.));
#2622 = PCURVE('',#974,#2623);
#2623 = DEFINITIONAL_REPRESENTATION('',(#2624),#2628);
#2624 = CIRCLE('',#2625,5.6);
#2625 = AXIS2_PLACEMENT_2D('',#2626,#2627);
#2626 = CARTESIAN_POINT('',(-12.74999997631,-18.45));
#2627 = DIRECTION('',(1.,0.));
#2628 = ( GEOMETRIC_REPRESENTATION_CONTEXT(2) 
PARAMETRIC_REPRESENTATION_CONTEXT() REPRESENTATION_CONTEXT('2D SPACE',''
  ) );
#2629 = PCURVE('',#2630,#2635);
#2630 = CYLINDRICAL_SURFACE('',#2631,5.6);
#2631 = AXIS2_PLACEMENT_3D('',#2632,#2633,#2634);
#2632 = CARTESIAN_POINT('',(-12.75,-15.75,0.));
#2633 = DIRECTION('',(-0.,-0.,-1.));
#2634 = DIRECTION('',(1.,0.,0.));
#2635 = DEFINITIONAL_REPRESENTATION('',(#2636),#2640);
#2636 = LINE('',#2637,#2638);
#2637 = CARTESIAN_POINT('',(-0.,-13.55));
#2638 = VECTOR('',#2639,1.);
#2639 = DIRECTION('',(-1.,0.));
#2640 = ( GEOMETRIC_REPRESENTATION_CONTEXT(2) 
PARAMETRIC_REPRESENTATION_CONTEXT() REPRESENTATION_CONTEXT('2D SPACE',''
  ) );
#2641 = ORIENTED_EDGE('',*,*,#2642,.T.);
#2642 = EDGE_CURVE('',#2612,#2643,#2645,.T.);
#2643 = VERTEX_POINT('',#2644);
#2644 = CARTESIAN_POINT('',(-16.75,-19.,13.55));
#2645 = SURFACE_CURVE('',#2646,(#2650,#2657),.PCURVE_S1.);
#2646 = LINE('',#2647,#2648);
#2647 = CARTESIAN_POINT('',(-18.35,-19.,13.55));
#2648 = VECTOR('',#2649,1.);
#2649 = DIRECTION('',(1.,0.,-0.));
#2650 = PCURVE('',#974,#2651);
#2651 = DEFINITIONAL_REPRESENTATION('',(#2652),#2656);
#2652 = LINE('',#2653,#2654);
#2653 = CARTESIAN_POINT('',(-18.34999997631,-21.7));
#2654 = VECTOR('',#2655,1.);
#2655 = DIRECTION('',(1.,0.));
#2656 = ( GEOMETRIC_REPRESENTATION_CONTEXT(2) 
PARAMETRIC_REPRESENTATION_CONTEXT() REPRESENTATION_CONTEXT('2D SPACE',''
  ) );
#2657 = PCURVE('',#2658,#2663);
#2658 = PLANE('',#2659);
#2659 = AXIS2_PLACEMENT_3D('',#2660,#2661,#2662);
#2660 = CARTESIAN_POINT('',(-18.35,-19.,0.));
#2661 = DIRECTION('',(-0.,1.,0.));
#2662 = DIRECTION('',(0.,0.,1.));
#2663 = DEFINITIONAL_REPRESENTATION('',(#2664),#2668);
#2664 = LINE('',#2665,#2666);
#2665 = CARTESIAN_POINT('',(13.55,0.));
#2666 = VECTOR('',#2667,1.);
#2667 = DIRECTION('',(0.,1.));
#2668 = ( GEOMETRIC_REPRESENTATION_CONTEXT(2) 
PARAMETRIC_REPRESENTATION_CONTEXT() REPRESENTATION_CONTEXT('2D SPACE',''
  ) );
#2669 = ORIENTED_EDGE('',*,*,#2670,.T.);
#2670 = EDGE_CURVE('',#2643,#2671,#2673,.T.);
#2671 = VERTEX_POINT('',#2672);
#2672 = CARTESIAN_POINT('',(-16.75,-8.,13.55));
#2673 = SURFACE_CURVE('',#2674,(#2678,#2685),.PCURVE_S1.);
#2674 = LINE('',#2675,#2676);
#2675 = CARTESIAN_POINT('',(-16.75,-19.,13.55));
#2676 = VECTOR('',#2677,1.);
#2677 = DIRECTION('',(-0.,1.,0.));
#2678 = PCURVE('',#974,#2679);
#2679 = DEFINITIONAL_REPRESENTATION('',(#2680),#2684);
#2680 = LINE('',#2681,#2682);
#2681 = CARTESIAN_POINT('',(-16.74999997631,-21.7));
#2682 = VECTOR('',#2683,1.);
#2683 = DIRECTION('',(0.,1.));
#2684 = ( GEOMETRIC_REPRESENTATION_CONTEXT(2) 
PARAMETRIC_REPRESENTATION_CONTEXT() REPRESENTATION_CONTEXT('2D SPACE',''
  ) );
#2685 = PCURVE('',#2686,#2691);
#2686 = PLANE('',#2687);
#2687 = AXIS2_PLACEMENT_3D('',#2688,#2689,#2690);
#2688 = CARTESIAN_POINT('',(-16.75,-19.,7.5));
#2689 = DIRECTION('',(1.,0.,-0.));
#2690 = DIRECTION('',(0.,0.,1.));
#2691 = DEFINITIONAL_REPRESENTATION('',(#2692),#2696);
#2692 = LINE('',#2693,#2694);
#2693 = CARTESIAN_POINT('',(6.05,0.));
#2694 = VECTOR('',#2695,1.);
#2695 = DIRECTION('',(0.,-1.));
#2696 = ( GEOMETRIC_REPRESENTATION_CONTEXT(2) 
PARAMETRIC_REPRESENTATION_CONTEXT() REPRESENTATION_CONTEXT('2D SPACE',''
  ) );
#2697 = ORIENTED_EDGE('',*,*,#2698,.F.);
#2698 = EDGE_CURVE('',#2699,#2671,#2701,.T.);
#2699 = VERTEX_POINT('',#2700);
#2700 = CARTESIAN_POINT('',(-18.35,-8.,13.55));
#2701 = SURFACE_CURVE('',#2702,(#2706,#2713),.PCURVE_S1.);
#2702 = LINE('',#2703,#2704);
#2703 = CARTESIAN_POINT('',(-18.35,-8.,13.55));
#2704 = VECTOR('',#2705,1.);
#2705 = DIRECTION('',(1.,0.,-0.));
#2706 = PCURVE('',#974,#2707);
#2707 = DEFINITIONAL_REPRESENTATION('',(#2708),#2712);
#2708 = LINE('',#2709,#2710);
#2709 = CARTESIAN_POINT('',(-18.34999997631,-10.7));
#2710 = VECTOR('',#2711,1.);
#2711 = DIRECTION('',(1.,0.));
#2712 = ( GEOMETRIC_REPRESENTATION_CONTEXT(2) 
PARAMETRIC_REPRESENTATION_CONTEXT() REPRESENTATION_CONTEXT('2D SPACE',''
  ) );
#2713 = PCURVE('',#2714,#2719);
#2714 = PLANE('',#2715);
#2715 = AXIS2_PLACEMENT_3D('',#2716,#2717,#2718);
#2716 = CARTESIAN_POINT('',(-18.35,-8.,0.));
#2717 = DIRECTION('',(-0.,1.,0.));
#2718 = DIRECTION('',(0.,0.,1.));
#2719 = DEFINITIONAL_REPRESENTATION('',(#2720),#2724);
#2720 = LINE('',#2721,#2722);
#2721 = CARTESIAN_POINT('',(13.55,0.));
#2722 = VECTOR('',#2723,1.);
#2723 = DIRECTION('',(0.,1.));
#2724 = ( GEOMETRIC_REPRESENTATION_CONTEXT(2) 
PARAMETRIC_REPRESENTATION_CONTEXT() REPRESENTATION_CONTEXT('2D SPACE',''
  ) );
#2725 = ORIENTED_EDGE('',*,*,#2726,.T.);
#2726 = EDGE_CURVE('',#2699,#2727,#2729,.T.);
#2727 = VERTEX_POINT('',#2728);
#2728 = CARTESIAN_POINT('',(-18.35,2.,13.55));
#2729 = SURFACE_CURVE('',#2730,(#2734,#2741),.PCURVE_S1.);
#2730 = LINE('',#2731,#2732);
#2731 = CARTESIAN_POINT('',(-18.35,2.7,13.55));
#2732 = VECTOR('',#2733,1.);
#2733 = DIRECTION('',(0.,1.,0.));
#2734 = PCURVE('',#974,#2735);
#2735 = DEFINITIONAL_REPRESENTATION('',(#2736),#2740);
#2736 = LINE('',#2737,#2738);
#2737 = CARTESIAN_POINT('',(-18.34999997631,1.33226762955E-15));
#2738 = VECTOR('',#2739,1.);
#2739 = DIRECTION('',(0.,1.));
#2740 = ( GEOMETRIC_REPRESENTATION_CONTEXT(2) 
PARAMETRIC_REPRESENTATION_CONTEXT() REPRESENTATION_CONTEXT('2D SPACE',''
  ) );
#2741 = PCURVE('',#2742,#2747);
#2742 = PLANE('',#2743);
#2743 = AXIS2_PLACEMENT_3D('',#2744,#2745,#2746);
#2744 = CARTESIAN_POINT('',(-18.35,-15.75,0.));
#2745 = DIRECTION('',(-1.,0.,0.));
#2746 = DIRECTION('',(0.,1.,0.));
#2747 = DEFINITIONAL_REPRESENTATION('',(#2748),#2752);
#2748 = LINE('',#2749,#2750);
#2749 = CARTESIAN_POINT('',(18.45,-13.55));
#2750 = VECTOR('',#2751,1.);
#2751 = DIRECTION('',(1.,0.));
#2752 = ( GEOMETRIC_REPRESENTATION_CONTEXT(2) 
PARAMETRIC_REPRESENTATION_CONTEXT() REPRESENTATION_CONTEXT('2D SPACE',''
  ) );
#2753 = ORIENTED_EDGE('',*,*,#2754,.T.);
#2754 = EDGE_CURVE('',#2727,#2755,#2757,.T.);
#2755 = VERTEX_POINT('',#2756);
#2756 = CARTESIAN_POINT('',(-16.75,2.,13.55));
#2757 = SURFACE_CURVE('',#2758,(#2762,#2769),.PCURVE_S1.);
#2758 = LINE('',#2759,#2760);
#2759 = CARTESIAN_POINT('',(-18.35,2.,13.55));
#2760 = VECTOR('',#2761,1.);
#2761 = DIRECTION('',(1.,0.,-0.));
#2762 = PCURVE('',#974,#2763);
#2763 = DEFINITIONAL_REPRESENTATION('',(#2764),#2768);
#2764 = LINE('',#2765,#2766);
#2765 = CARTESIAN_POINT('',(-18.34999997631,-0.7));
#2766 = VECTOR('',#2767,1.);
#2767 = DIRECTION('',(1.,0.));
#2768 = ( GEOMETRIC_REPRESENTATION_CONTEXT(2) 
PARAMETRIC_REPRESENTATION_CONTEXT() REPRESENTATION_CONTEXT('2D SPACE',''
  ) );
#2769 = PCURVE('',#2770,#2775);
#2770 = PLANE('',#2771);
#2771 = AXIS2_PLACEMENT_3D('',#2772,#2773,#2774);
#2772 = CARTESIAN_POINT('',(-18.35,2.,0.));
#2773 = DIRECTION('',(-0.,1.,0.));
#2774 = DIRECTION('',(0.,0.,1.));
#2775 = DEFINITIONAL_REPRESENTATION('',(#2776),#2780);
#2776 = LINE('',#2777,#2778);
#2777 = CARTESIAN_POINT('',(13.55,0.));
#2778 = VECTOR('',#2779,1.);
#2779 = DIRECTION('',(0.,1.));
#2780 = ( GEOMETRIC_REPRESENTATION_CONTEXT(2) 
PARAMETRIC_REPRESENTATION_CONTEXT() REPRESENTATION_CONTEXT('2D SPACE',''
  ) );
#2781 = ORIENTED_EDGE('',*,*,#2782,.T.);
#2782 = EDGE_CURVE('',#2755,#2783,#2785,.T.);
#2783 = VERTEX_POINT('',#2784);
#2784 = CARTESIAN_POINT('',(-16.75,13.,13.55));
#2785 = SURFACE_CURVE('',#2786,(#2790,#2797),.PCURVE_S1.);
#2786 = LINE('',#2787,#2788);
#2787 = CARTESIAN_POINT('',(-16.75,2.,13.55));
#2788 = VECTOR('',#2789,1.);
#2789 = DIRECTION('',(-0.,1.,0.));
#2790 = PCURVE('',#974,#2791);
#2791 = DEFINITIONAL_REPRESENTATION('',(#2792),#2796);
#2792 = LINE('',#2793,#2794);
#2793 = CARTESIAN_POINT('',(-16.74999997631,-0.7));
#2794 = VECTOR('',#2795,1.);
#2795 = DIRECTION('',(0.,1.));
#2796 = ( GEOMETRIC_REPRESENTATION_CONTEXT(2) 
PARAMETRIC_REPRESENTATION_CONTEXT() REPRESENTATION_CONTEXT('2D SPACE',''
  ) );
#2797 = PCURVE('',#2798,#2803);
#2798 = PLANE('',#2799);
#2799 = AXIS2_PLACEMENT_3D('',#2800,#2801,#2802);
#2800 = CARTESIAN_POINT('',(-16.75,2.,7.5));
#2801 = DIRECTION('',(1.,0.,-0.));
#2802 = DIRECTION('',(0.,0.,1.));
#2803 = DEFINITIONAL_REPRESENTATION('',(#2804),#2808);
#2804 = LINE('',#2805,#2806);
#2805 = CARTESIAN_POINT('',(6.05,0.));
#2806 = VECTOR('',#2807,1.);
#2807 = DIRECTION('',(0.,-1.));
#2808 = ( GEOMETRIC_REPRESENTATION_CONTEXT(2) 
PARAMETRIC_REPRESENTATION_CONTEXT() REPRESENTATION_CONTEXT('2D SPACE',''
  ) );
#2809 = ORIENTED_EDGE('',*,*,#2810,.F.);
#2810 = EDGE_CURVE('',#2811,#2783,#2813,.T.);
#2811 = VERTEX_POINT('',#2812);
#2812 = CARTESIAN_POINT('',(-18.35,13.,13.55));
#2813 = SURFACE_CURVE('',#2814,(#2818,#2825),.PCURVE_S1.);
#2814 = LINE('',#2815,#2816);
#2815 = CARTESIAN_POINT('',(-18.35,13.,13.55));
#2816 = VECTOR('',#2817,1.);
#2817 = DIRECTION('',(1.,0.,-0.));
#2818 = PCURVE('',#974,#2819);
#2819 = DEFINITIONAL_REPRESENTATION('',(#2820),#2824);
#2820 = LINE('',#2821,#2822);
#2821 = CARTESIAN_POINT('',(-18.34999997631,10.3));
#2822 = VECTOR('',#2823,1.);
#2823 = DIRECTION('',(1.,0.));
#2824 = ( GEOMETRIC_REPRESENTATION_CONTEXT(2) 
PARAMETRIC_REPRESENTATION_CONTEXT() REPRESENTATION_CONTEXT('2D SPACE',''
  ) );
#2825 = PCURVE('',#2826,#2831);
#2826 = PLANE('',#2827);
#2827 = AXIS2_PLACEMENT_3D('',#2828,#2829,#2830);
#2828 = CARTESIAN_POINT('',(-18.35,13.,0.));
#2829 = DIRECTION('',(-0.,1.,0.));
#2830 = DIRECTION('',(0.,0.,1.));
#2831 = DEFINITIONAL_REPRESENTATION('',(#2832),#2836);
#2832 = LINE('',#2833,#2834);
#2833 = CARTESIAN_POINT('',(13.55,0.));
#2834 = VECTOR('',#2835,1.);
#2835 = DIRECTION('',(0.,1.));
#2836 = ( GEOMETRIC_REPRESENTATION_CONTEXT(2) 
PARAMETRIC_REPRESENTATION_CONTEXT() REPRESENTATION_CONTEXT('2D SPACE',''
  ) );
#2837 = ORIENTED_EDGE('',*,*,#2838,.T.);
#2838 = EDGE_CURVE('',#2811,#2839,#2841,.T.);
#2839 = VERTEX_POINT('',#2840);
#2840 = CARTESIAN_POINT('',(-18.35,21.15,13.55));
#2841 = SURFACE_CURVE('',#2842,(#2846,#2853),.PCURVE_S1.);
#2842 = LINE('',#2843,#2844);
#2843 = CARTESIAN_POINT('',(-18.35,2.7,13.55));
#2844 = VECTOR('',#2845,1.);
#2845 = DIRECTION('',(0.,1.,0.));
#2846 = PCURVE('',#974,#2847);
#2847 = DEFINITIONAL_REPRESENTATION('',(#2848),#2852);
#2848 = LINE('',#2849,#2850);
#2849 = CARTESIAN_POINT('',(-18.34999997631,1.33226762955E-15));
#2850 = VECTOR('',#2851,1.);
#2851 = DIRECTION('',(0.,1.));
#2852 = ( GEOMETRIC_REPRESENTATION_CONTEXT(2) 
PARAMETRIC_REPRESENTATION_CONTEXT() REPRESENTATION_CONTEXT('2D SPACE',''
  ) );
#2853 = PCURVE('',#2854,#2859);
#2854 = PLANE('',#2855);
#2855 = AXIS2_PLACEMENT_3D('',#2856,#2857,#2858);
#2856 = CARTESIAN_POINT('',(-18.35,-15.75,0.));
#2857 = DIRECTION('',(-1.,0.,0.));
#2858 = DIRECTION('',(0.,1.,0.));
#2859 = DEFINITIONAL_REPRESENTATION('',(#2860),#2864);
#2860 = LINE('',#2861,#2862);
#2861 = CARTESIAN_POINT('',(18.45,-13.55));
#2862 = VECTOR('',#2863,1.);
#2863 = DIRECTION('',(1.,0.));
#2864 = ( GEOMETRIC_REPRESENTATION_CONTEXT(2) 
PARAMETRIC_REPRESENTATION_CONTEXT() REPRESENTATION_CONTEXT('2D SPACE',''
  ) );
#2865 = ORIENTED_EDGE('',*,*,#2866,.F.);
#2866 = EDGE_CURVE('',#2867,#2839,#2869,.T.);
#2867 = VERTEX_POINT('',#2868);
#2868 = CARTESIAN_POINT('',(-12.75,26.75,13.55));
#2869 = SURFACE_CURVE('',#2870,(#2875,#2882),.PCURVE_S1.);
#2870 = CIRCLE('',#2871,5.6);
#2871 = AXIS2_PLACEMENT_3D('',#2872,#2873,#2874);
#2872 = CARTESIAN_POINT('',(-12.75,21.15,13.55));
#2873 = DIRECTION('',(0.,0.,1.));
#2874 = DIRECTION('',(1.,0.,0.));
#2875 = PCURVE('',#974,#2876);
#2876 = DEFINITIONAL_REPRESENTATION('',(#2877),#2881);
#2877 = CIRCLE('',#2878,5.6);
#2878 = AXIS2_PLACEMENT_2D('',#2879,#2880);
#2879 = CARTESIAN_POINT('',(-12.74999997631,18.45));
#2880 = DIRECTION('',(1.,0.));
#2881 = ( GEOMETRIC_REPRESENTATION_CONTEXT(2) 
PARAMETRIC_REPRESENTATION_CONTEXT() REPRESENTATION_CONTEXT('2D SPACE',''
  ) );
#2882 = PCURVE('',#2883,#2888);
#2883 = CYLINDRICAL_SURFACE('',#2884,5.6);
#2884 = AXIS2_PLACEMENT_3D('',#2885,#2886,#2887);
#2885 = CARTESIAN_POINT('',(-12.75,21.15,0.));
#2886 = DIRECTION('',(-0.,-0.,-1.));
#2887 = DIRECTION('',(1.,0.,0.));
#2888 = DEFINITIONAL_REPRESENTATION('',(#2889),#2893);
#2889 = LINE('',#2890,#2891);
#2890 = CARTESIAN_POINT('',(-0.,-13.55));
#2891 = VECTOR('',#2892,1.);
#2892 = DIRECTION('',(-1.,0.));
#2893 = ( GEOMETRIC_REPRESENTATION_CONTEXT(2) 
PARAMETRIC_REPRESENTATION_CONTEXT() REPRESENTATION_CONTEXT('2D SPACE',''
  ) );
#2894 = ORIENTED_EDGE('',*,*,#2895,.T.);
#2895 = EDGE_CURVE('',#2867,#2896,#2898,.T.);
#2896 = VERTEX_POINT('',#2897);
#2897 = CARTESIAN_POINT('',(12.749999998834,26.75,13.55));
#2898 = SURFACE_CURVE('',#2899,(#2903,#2910),.PCURVE_S1.);
#2899 = LINE('',#2900,#2901);
#2900 = CARTESIAN_POINT('',(4.263256414561E-14,26.75,13.55));
#2901 = VECTOR('',#2902,1.);
#2902 = DIRECTION('',(1.,0.,0.));
#2903 = PCURVE('',#974,#2904);
#2904 = DEFINITIONAL_REPRESENTATION('',(#2905),#2909);
#2905 = LINE('',#2906,#2907);
#2906 = CARTESIAN_POINT('',(2.368685313111E-08,24.05));
#2907 = VECTOR('',#2908,1.);
#2908 = DIRECTION('',(1.,0.));
#2909 = ( GEOMETRIC_REPRESENTATION_CONTEXT(2) 
PARAMETRIC_REPRESENTATION_CONTEXT() REPRESENTATION_CONTEXT('2D SPACE',''
  ) );
#2910 = PCURVE('',#2911,#2916);
#2911 = PLANE('',#2912);
#2912 = AXIS2_PLACEMENT_3D('',#2913,#2914,#2915);
#2913 = CARTESIAN_POINT('',(-12.75,26.75,0.));
#2914 = DIRECTION('',(0.,1.,0.));
#2915 = DIRECTION('',(1.,0.,0.));
#2916 = DEFINITIONAL_REPRESENTATION('',(#2917),#2921);
#2917 = LINE('',#2918,#2919);
#2918 = CARTESIAN_POINT('',(12.75,-13.55));
#2919 = VECTOR('',#2920,1.);
#2920 = DIRECTION('',(1.,0.));
#2921 = ( GEOMETRIC_REPRESENTATION_CONTEXT(2) 
PARAMETRIC_REPRESENTATION_CONTEXT() REPRESENTATION_CONTEXT('2D SPACE',''
  ) );
#2922 = ORIENTED_EDGE('',*,*,#2923,.F.);
#2923 = EDGE_CURVE('',#2924,#2896,#2926,.T.);
#2924 = VERTEX_POINT('',#2925);
#2925 = CARTESIAN_POINT('',(18.349999999417,21.15,13.55));
#2926 = SURFACE_CURVE('',#2927,(#2932,#2939),.PCURVE_S1.);
#2927 = CIRCLE('',#2928,5.6);
#2928 = AXIS2_PLACEMENT_3D('',#2929,#2930,#2931);
#2929 = CARTESIAN_POINT('',(12.749999998834,21.15,13.55));
#2930 = DIRECTION('',(0.,0.,1.));
#2931 = DIRECTION('',(1.,0.,0.));
#2932 = PCURVE('',#974,#2933);
#2933 = DEFINITIONAL_REPRESENTATION('',(#2934),#2938);
#2934 = CIRCLE('',#2935,5.6);
#2935 = AXIS2_PLACEMENT_2D('',#2936,#2937);
#2936 = CARTESIAN_POINT('',(12.750000022521,18.45));
#2937 = DIRECTION('',(1.,0.));
#2938 = ( GEOMETRIC_REPRESENTATION_CONTEXT(2) 
PARAMETRIC_REPRESENTATION_CONTEXT() REPRESENTATION_CONTEXT('2D SPACE',''
  ) );
#2939 = PCURVE('',#2940,#2945);
#2940 = CYLINDRICAL_SURFACE('',#2941,5.6);
#2941 = AXIS2_PLACEMENT_3D('',#2942,#2943,#2944);
#2942 = CARTESIAN_POINT('',(12.749999998834,21.15,0.));
#2943 = DIRECTION('',(-0.,-0.,-1.));
#2944 = DIRECTION('',(1.,0.,0.));
#2945 = DEFINITIONAL_REPRESENTATION('',(#2946),#2950);
#2946 = LINE('',#2947,#2948);
#2947 = CARTESIAN_POINT('',(-0.,-13.55));
#2948 = VECTOR('',#2949,1.);
#2949 = DIRECTION('',(-1.,0.));
#2950 = ( GEOMETRIC_REPRESENTATION_CONTEXT(2) 
PARAMETRIC_REPRESENTATION_CONTEXT() REPRESENTATION_CONTEXT('2D SPACE',''
  ) );
#2951 = ORIENTED_EDGE('',*,*,#2952,.F.);
#2952 = EDGE_CURVE('',#2953,#2924,#2955,.T.);
#2953 = VERTEX_POINT('',#2954);
#2954 = CARTESIAN_POINT('',(18.349999999417,-15.75,13.55));
#2955 = SURFACE_CURVE('',#2956,(#2960,#2967),.PCURVE_S1.);
#2956 = LINE('',#2957,#2958);
#2957 = CARTESIAN_POINT('',(18.35,2.7,13.55));
#2958 = VECTOR('',#2959,1.);
#2959 = DIRECTION('',(0.,1.,0.));
#2960 = PCURVE('',#974,#2961);
#2961 = DEFINITIONAL_REPRESENTATION('',(#2962),#2966);
#2962 = LINE('',#2963,#2964);
#2963 = CARTESIAN_POINT('',(18.350000023687,1.33226762955E-15));
#2964 = VECTOR('',#2965,1.);
#2965 = DIRECTION('',(0.,1.));
#2966 = ( GEOMETRIC_REPRESENTATION_CONTEXT(2) 
PARAMETRIC_REPRESENTATION_CONTEXT() REPRESENTATION_CONTEXT('2D SPACE',''
  ) );
#2967 = PCURVE('',#2968,#2973);
#2968 = PLANE('',#2969);
#2969 = AXIS2_PLACEMENT_3D('',#2970,#2971,#2972);
#2970 = CARTESIAN_POINT('',(18.35,-15.75,0.));
#2971 = DIRECTION('',(-1.,0.,0.));
#2972 = DIRECTION('',(0.,1.,0.));
#2973 = DEFINITIONAL_REPRESENTATION('',(#2974),#2978);
#2974 = LINE('',#2975,#2976);
#2975 = CARTESIAN_POINT('',(18.45,-13.55));
#2976 = VECTOR('',#2977,1.);
#2977 = DIRECTION('',(1.,0.));
#2978 = ( GEOMETRIC_REPRESENTATION_CONTEXT(2) 
PARAMETRIC_REPRESENTATION_CONTEXT() REPRESENTATION_CONTEXT('2D SPACE',''
  ) );
#2979 = ORIENTED_EDGE('',*,*,#2980,.F.);
#2980 = EDGE_CURVE('',#2981,#2953,#2983,.T.);
#2981 = VERTEX_POINT('',#2982);
#2982 = CARTESIAN_POINT('',(15.,-20.87810881268,13.55));
#2983 = SURFACE_CURVE('',#2984,(#2989,#2996),.PCURVE_S1.);
#2984 = CIRCLE('',#2985,5.6);
#2985 = AXIS2_PLACEMENT_3D('',#2986,#2987,#2988);
#2986 = CARTESIAN_POINT('',(12.749999998834,-15.75,13.55));
#2987 = DIRECTION('',(0.,0.,1.));
#2988 = DIRECTION('',(1.,0.,0.));
#2989 = PCURVE('',#974,#2990);
#2990 = DEFINITIONAL_REPRESENTATION('',(#2991),#2995);
#2991 = CIRCLE('',#2992,5.6);
#2992 = AXIS2_PLACEMENT_2D('',#2993,#2994);
#2993 = CARTESIAN_POINT('',(12.750000022521,-18.45));
#2994 = DIRECTION('',(1.,0.));
#2995 = ( GEOMETRIC_REPRESENTATION_CONTEXT(2) 
PARAMETRIC_REPRESENTATION_CONTEXT() REPRESENTATION_CONTEXT('2D SPACE',''
  ) );
#2996 = PCURVE('',#2997,#3002);
#2997 = CYLINDRICAL_SURFACE('',#2998,5.6);
#2998 = AXIS2_PLACEMENT_3D('',#2999,#3000,#3001);
#2999 = CARTESIAN_POINT('',(12.749999998834,-15.75,0.));
#3000 = DIRECTION('',(-0.,-0.,-1.));
#3001 = DIRECTION('',(1.,0.,0.));
#3002 = DEFINITIONAL_REPRESENTATION('',(#3003),#3007);
#3003 = LINE('',#3004,#3005);
#3004 = CARTESIAN_POINT('',(-0.,-13.55));
#3005 = VECTOR('',#3006,1.);
#3006 = DIRECTION('',(-1.,0.));
#3007 = ( GEOMETRIC_REPRESENTATION_CONTEXT(2) 
PARAMETRIC_REPRESENTATION_CONTEXT() REPRESENTATION_CONTEXT('2D SPACE',''
  ) );
#3008 = ORIENTED_EDGE('',*,*,#3009,.T.);
#3009 = EDGE_CURVE('',#2981,#3010,#3012,.T.);
#3010 = VERTEX_POINT('',#3011);
#3011 = CARTESIAN_POINT('',(15.,-19.75,13.55));
#3012 = SURFACE_CURVE('',#3013,(#3017,#3024),.PCURVE_S1.);
#3013 = LINE('',#3014,#3015);
#3014 = CARTESIAN_POINT('',(15.,-21.35,13.55));
#3015 = VECTOR('',#3016,1.);
#3016 = DIRECTION('',(-0.,1.,0.));
#3017 = PCURVE('',#974,#3018);
#3018 = DEFINITIONAL_REPRESENTATION('',(#3019),#3023);
#3019 = LINE('',#3020,#3021);
#3020 = CARTESIAN_POINT('',(15.000000023687,-24.05));
#3021 = VECTOR('',#3022,1.);
#3022 = DIRECTION('',(0.,1.));
#3023 = ( GEOMETRIC_REPRESENTATION_CONTEXT(2) 
PARAMETRIC_REPRESENTATION_CONTEXT() REPRESENTATION_CONTEXT('2D SPACE',''
  ) );
#3024 = PCURVE('',#3025,#3030);
#3025 = PLANE('',#3026);
#3026 = AXIS2_PLACEMENT_3D('',#3027,#3028,#3029);
#3027 = CARTESIAN_POINT('',(15.,-21.35,0.));
#3028 = DIRECTION('',(1.,0.,-0.));
#3029 = DIRECTION('',(0.,0.,1.));
#3030 = DEFINITIONAL_REPRESENTATION('',(#3031),#3035);
#3031 = LINE('',#3032,#3033);
#3032 = CARTESIAN_POINT('',(13.55,0.));
#3033 = VECTOR('',#3034,1.);
#3034 = DIRECTION('',(0.,-1.));
#3035 = ( GEOMETRIC_REPRESENTATION_CONTEXT(2) 
PARAMETRIC_REPRESENTATION_CONTEXT() REPRESENTATION_CONTEXT('2D SPACE',''
  ) );
#3036 = ORIENTED_EDGE('',*,*,#3037,.F.);
#3037 = EDGE_CURVE('',#3038,#3010,#3040,.T.);
#3038 = VERTEX_POINT('',#3039);
#3039 = CARTESIAN_POINT('',(10.,-19.75,13.55));
#3040 = SURFACE_CURVE('',#3041,(#3045,#3052),.PCURVE_S1.);
#3041 = LINE('',#3042,#3043);
#3042 = CARTESIAN_POINT('',(10.,-19.75,13.55));
#3043 = VECTOR('',#3044,1.);
#3044 = DIRECTION('',(1.,0.,-0.));
#3045 = PCURVE('',#974,#3046);
#3046 = DEFINITIONAL_REPRESENTATION('',(#3047),#3051);
#3047 = LINE('',#3048,#3049);
#3048 = CARTESIAN_POINT('',(10.000000023687,-22.45));
#3049 = VECTOR('',#3050,1.);
#3050 = DIRECTION('',(1.,0.));
#3051 = ( GEOMETRIC_REPRESENTATION_CONTEXT(2) 
PARAMETRIC_REPRESENTATION_CONTEXT() REPRESENTATION_CONTEXT('2D SPACE',''
  ) );
#3052 = PCURVE('',#3053,#3058);
#3053 = PLANE('',#3054);
#3054 = AXIS2_PLACEMENT_3D('',#3055,#3056,#3057);
#3055 = CARTESIAN_POINT('',(10.,-19.75,7.5));
#3056 = DIRECTION('',(-0.,1.,0.));
#3057 = DIRECTION('',(0.,0.,1.));
#3058 = DEFINITIONAL_REPRESENTATION('',(#3059),#3063);
#3059 = LINE('',#3060,#3061);
#3060 = CARTESIAN_POINT('',(6.05,0.));
#3061 = VECTOR('',#3062,1.);
#3062 = DIRECTION('',(0.,1.));
#3063 = ( GEOMETRIC_REPRESENTATION_CONTEXT(2) 
PARAMETRIC_REPRESENTATION_CONTEXT() REPRESENTATION_CONTEXT('2D SPACE',''
  ) );
#3064 = ORIENTED_EDGE('',*,*,#3065,.F.);
#3065 = EDGE_CURVE('',#3066,#3038,#3068,.T.);
#3066 = VERTEX_POINT('',#3067);
#3067 = CARTESIAN_POINT('',(10.,-21.35,13.55));
#3068 = SURFACE_CURVE('',#3069,(#3073,#3080),.PCURVE_S1.);
#3069 = LINE('',#3070,#3071);
#3070 = CARTESIAN_POINT('',(10.,-21.35,13.55));
#3071 = VECTOR('',#3072,1.);
#3072 = DIRECTION('',(-0.,1.,0.));
#3073 = PCURVE('',#974,#3074);
#3074 = DEFINITIONAL_REPRESENTATION('',(#3075),#3079);
#3075 = LINE('',#3076,#3077);
#3076 = CARTESIAN_POINT('',(10.000000023687,-24.05));
#3077 = VECTOR('',#3078,1.);
#3078 = DIRECTION('',(0.,1.));
#3079 = ( GEOMETRIC_REPRESENTATION_CONTEXT(2) 
PARAMETRIC_REPRESENTATION_CONTEXT() REPRESENTATION_CONTEXT('2D SPACE',''
  ) );
#3080 = PCURVE('',#3081,#3086);
#3081 = PLANE('',#3082);
#3082 = AXIS2_PLACEMENT_3D('',#3083,#3084,#3085);
#3083 = CARTESIAN_POINT('',(10.,-21.35,0.));
#3084 = DIRECTION('',(1.,0.,-0.));
#3085 = DIRECTION('',(0.,0.,1.));
#3086 = DEFINITIONAL_REPRESENTATION('',(#3087),#3091);
#3087 = LINE('',#3088,#3089);
#3088 = CARTESIAN_POINT('',(13.55,0.));
#3089 = VECTOR('',#3090,1.);
#3090 = DIRECTION('',(0.,-1.));
#3091 = ( GEOMETRIC_REPRESENTATION_CONTEXT(2) 
PARAMETRIC_REPRESENTATION_CONTEXT() REPRESENTATION_CONTEXT('2D SPACE',''
  ) );
#3092 = ORIENTED_EDGE('',*,*,#3093,.F.);
#3093 = EDGE_CURVE('',#3094,#3066,#3096,.T.);
#3094 = VERTEX_POINT('',#3095);
#3095 = CARTESIAN_POINT('',(-10.,-21.35,13.55));
#3096 = SURFACE_CURVE('',#3097,(#3101,#3108),.PCURVE_S1.);
#3097 = LINE('',#3098,#3099);
#3098 = CARTESIAN_POINT('',(4.263256414561E-14,-21.35,13.55));
#3099 = VECTOR('',#3100,1.);
#3100 = DIRECTION('',(1.,0.,0.));
#3101 = PCURVE('',#974,#3102);
#3102 = DEFINITIONAL_REPRESENTATION('',(#3103),#3107);
#3103 = LINE('',#3104,#3105);
#3104 = CARTESIAN_POINT('',(2.368685313111E-08,-24.05));
#3105 = VECTOR('',#3106,1.);
#3106 = DIRECTION('',(1.,0.));
#3107 = ( GEOMETRIC_REPRESENTATION_CONTEXT(2) 
PARAMETRIC_REPRESENTATION_CONTEXT() REPRESENTATION_CONTEXT('2D SPACE',''
  ) );
#3108 = PCURVE('',#2172,#3109);
#3109 = DEFINITIONAL_REPRESENTATION('',(#3110),#3114);
#3110 = LINE('',#3111,#3112);
#3111 = CARTESIAN_POINT('',(12.75,-13.55));
#3112 = VECTOR('',#3113,1.);
#3113 = DIRECTION('',(1.,0.));
#3114 = ( GEOMETRIC_REPRESENTATION_CONTEXT(2) 
PARAMETRIC_REPRESENTATION_CONTEXT() REPRESENTATION_CONTEXT('2D SPACE',''
  ) );
#3115 = ORIENTED_EDGE('',*,*,#3116,.T.);
#3116 = EDGE_CURVE('',#3094,#3117,#3119,.T.);
#3117 = VERTEX_POINT('',#3118);
#3118 = CARTESIAN_POINT('',(-10.,-19.75,13.55));
#3119 = SURFACE_CURVE('',#3120,(#3124,#3131),.PCURVE_S1.);
#3120 = LINE('',#3121,#3122);
#3121 = CARTESIAN_POINT('',(-10.,-21.35,13.55));
#3122 = VECTOR('',#3123,1.);
#3123 = DIRECTION('',(-0.,1.,0.));
#3124 = PCURVE('',#974,#3125);
#3125 = DEFINITIONAL_REPRESENTATION('',(#3126),#3130);
#3126 = LINE('',#3127,#3128);
#3127 = CARTESIAN_POINT('',(-9.999999976313,-24.05));
#3128 = VECTOR('',#3129,1.);
#3129 = DIRECTION('',(0.,1.));
#3130 = ( GEOMETRIC_REPRESENTATION_CONTEXT(2) 
PARAMETRIC_REPRESENTATION_CONTEXT() REPRESENTATION_CONTEXT('2D SPACE',''
  ) );
#3131 = PCURVE('',#3132,#3137);
#3132 = PLANE('',#3133);
#3133 = AXIS2_PLACEMENT_3D('',#3134,#3135,#3136);
#3134 = CARTESIAN_POINT('',(-10.,-19.75,5.8));
#3135 = DIRECTION('',(1.,0.,-0.));
#3136 = DIRECTION('',(0.,0.,1.));
#3137 = DEFINITIONAL_REPRESENTATION('',(#3138),#3142);
#3138 = LINE('',#3139,#3140);
#3139 = CARTESIAN_POINT('',(7.75,1.6));
#3140 = VECTOR('',#3141,1.);
#3141 = DIRECTION('',(0.,-1.));
#3142 = ( GEOMETRIC_REPRESENTATION_CONTEXT(2) 
PARAMETRIC_REPRESENTATION_CONTEXT() REPRESENTATION_CONTEXT('2D SPACE',''
  ) );
#3143 = ORIENTED_EDGE('',*,*,#3144,.F.);
#3144 = EDGE_CURVE('',#3145,#3117,#3147,.T.);
#3145 = VERTEX_POINT('',#3146);
#3146 = CARTESIAN_POINT('',(-16.,-19.75,13.55));
#3147 = SURFACE_CURVE('',#3148,(#3152,#3159),.PCURVE_S1.);
#3148 = LINE('',#3149,#3150);
#3149 = CARTESIAN_POINT('',(-16.,-19.75,13.55));
#3150 = VECTOR('',#3151,1.);
#3151 = DIRECTION('',(1.,0.,-0.));
#3152 = PCURVE('',#974,#3153);
#3153 = DEFINITIONAL_REPRESENTATION('',(#3154),#3158);
#3154 = LINE('',#3155,#3156);
#3155 = CARTESIAN_POINT('',(-15.99999997631,-22.45));
#3156 = VECTOR('',#3157,1.);
#3157 = DIRECTION('',(1.,0.));
#3158 = ( GEOMETRIC_REPRESENTATION_CONTEXT(2) 
PARAMETRIC_REPRESENTATION_CONTEXT() REPRESENTATION_CONTEXT('2D SPACE',''
  ) );
#3159 = PCURVE('',#3160,#3165);
#3160 = PLANE('',#3161);
#3161 = AXIS2_PLACEMENT_3D('',#3162,#3163,#3164);
#3162 = CARTESIAN_POINT('',(-16.,-19.75,7.5));
#3163 = DIRECTION('',(-0.,1.,0.));
#3164 = DIRECTION('',(0.,0.,1.));
#3165 = DEFINITIONAL_REPRESENTATION('',(#3166),#3170);
#3166 = LINE('',#3167,#3168);
#3167 = CARTESIAN_POINT('',(6.05,0.));
#3168 = VECTOR('',#3169,1.);
#3169 = DIRECTION('',(0.,1.));
#3170 = ( GEOMETRIC_REPRESENTATION_CONTEXT(2) 
PARAMETRIC_REPRESENTATION_CONTEXT() REPRESENTATION_CONTEXT('2D SPACE',''
  ) );
#3171 = ORIENTED_EDGE('',*,*,#3172,.F.);
#3172 = EDGE_CURVE('',#2614,#3145,#3173,.T.);
#3173 = SURFACE_CURVE('',#3174,(#3178,#3185),.PCURVE_S1.);
#3174 = LINE('',#3175,#3176);
#3175 = CARTESIAN_POINT('',(-16.,-21.35,13.55));
#3176 = VECTOR('',#3177,1.);
#3177 = DIRECTION('',(-0.,1.,0.));
#3178 = PCURVE('',#974,#3179);
#3179 = DEFINITIONAL_REPRESENTATION('',(#3180),#3184);
#3180 = LINE('',#3181,#3182);
#3181 = CARTESIAN_POINT('',(-15.99999997631,-24.05));
#3182 = VECTOR('',#3183,1.);
#3183 = DIRECTION('',(0.,1.));
#3184 = ( GEOMETRIC_REPRESENTATION_CONTEXT(2) 
PARAMETRIC_REPRESENTATION_CONTEXT() REPRESENTATION_CONTEXT('2D SPACE',''
  ) );
#3185 = PCURVE('',#3186,#3191);
#3186 = PLANE('',#3187);
#3187 = AXIS2_PLACEMENT_3D('',#3188,#3189,#3190);
#3188 = CARTESIAN_POINT('',(-16.,-19.75,5.8));
#3189 = DIRECTION('',(1.,0.,-0.));
#3190 = DIRECTION('',(0.,0.,1.));
#3191 = DEFINITIONAL_REPRESENTATION('',(#3192),#3196);
#3192 = LINE('',#3193,#3194);
#3193 = CARTESIAN_POINT('',(7.75,1.6));
#3194 = VECTOR('',#3195,1.);
#3195 = DIRECTION('',(0.,-1.));
#3196 = ( GEOMETRIC_REPRESENTATION_CONTEXT(2) 
PARAMETRIC_REPRESENTATION_CONTEXT() REPRESENTATION_CONTEXT('2D SPACE',''
  ) );
#3197 = ADVANCED_FACE('',(#3198),#1075,.F.);
#3198 = FACE_BOUND('',#3199,.F.);
#3199 = EDGE_LOOP('',(#3200,#3223,#3244,#3265));
#3200 = ORIENTED_EDGE('',*,*,#3201,.F.);
#3201 = EDGE_CURVE('',#3202,#1059,#3204,.T.);
#3202 = VERTEX_POINT('',#3203);
#3203 = CARTESIAN_POINT('',(-2.7,26.75,9.));
#3204 = SURFACE_CURVE('',#3205,(#3209,#3216),.PCURVE_S1.);
#3205 = LINE('',#3206,#3207);
#3206 = CARTESIAN_POINT('',(-2.7,25.75,9.));
#3207 = VECTOR('',#3208,1.);
#3208 = DIRECTION('',(-0.,1.,0.));
#3209 = PCURVE('',#1075,#3210);
#3210 = DEFINITIONAL_REPRESENTATION('',(#3211),#3215);
#3211 = LINE('',#3212,#3213);
#3212 = CARTESIAN_POINT('',(0.,0.));
#3213 = VECTOR('',#3214,1.);
#3214 = DIRECTION('',(0.,1.));
#3215 = ( GEOMETRIC_REPRESENTATION_CONTEXT(2) 
PARAMETRIC_REPRESENTATION_CONTEXT() REPRESENTATION_CONTEXT('2D SPACE',''
  ) );
#3216 = PCURVE('',#1101,#3217);
#3217 = DEFINITIONAL_REPRESENTATION('',(#3218),#3222);
#3218 = LINE('',#3219,#3220);
#3219 = CARTESIAN_POINT('',(4.,0.));
#3220 = VECTOR('',#3221,1.);
#3221 = DIRECTION('',(0.,-1.));
#3222 = ( GEOMETRIC_REPRESENTATION_CONTEXT(2) 
PARAMETRIC_REPRESENTATION_CONTEXT() REPRESENTATION_CONTEXT('2D SPACE',''
  ) );
#3223 = ORIENTED_EDGE('',*,*,#3224,.T.);
#3224 = EDGE_CURVE('',#3202,#3225,#3227,.T.);
#3225 = VERTEX_POINT('',#3226);
#3226 = CARTESIAN_POINT('',(-1.7,26.75,9.));
#3227 = SURFACE_CURVE('',#3228,(#3232,#3238),.PCURVE_S1.);
#3228 = LINE('',#3229,#3230);
#3229 = CARTESIAN_POINT('',(-7.725,26.75,9.));
#3230 = VECTOR('',#3231,1.);
#3231 = DIRECTION('',(1.,0.,0.));
#3232 = PCURVE('',#1075,#3233);
#3233 = DEFINITIONAL_REPRESENTATION('',(#3234),#3237);
#3234 = B_SPLINE_CURVE_WITH_KNOTS('',1,(#3235,#3236),.UNSPECIFIED.,.F.,
  .F.,(2,2),(5.025,6.025),.PIECEWISE_BEZIER_KNOTS.);
#3235 = CARTESIAN_POINT('',(0.,1.));
#3236 = CARTESIAN_POINT('',(1.,1.));
#3237 = ( GEOMETRIC_REPRESENTATION_CONTEXT(2) 
PARAMETRIC_REPRESENTATION_CONTEXT() REPRESENTATION_CONTEXT('2D SPACE',''
  ) );
#3238 = PCURVE('',#2911,#3239);
#3239 = DEFINITIONAL_REPRESENTATION('',(#3240),#3243);
#3240 = B_SPLINE_CURVE_WITH_KNOTS('',1,(#3241,#3242),.UNSPECIFIED.,.F.,
  .F.,(2,2),(5.025,6.025),.PIECEWISE_BEZIER_KNOTS.);
#3241 = CARTESIAN_POINT('',(10.05,-9.));
#3242 = CARTESIAN_POINT('',(11.05,-9.));
#3243 = ( GEOMETRIC_REPRESENTATION_CONTEXT(2) 
PARAMETRIC_REPRESENTATION_CONTEXT() REPRESENTATION_CONTEXT('2D SPACE',''
  ) );
#3244 = ORIENTED_EDGE('',*,*,#3245,.T.);
#3245 = EDGE_CURVE('',#3225,#1061,#3246,.T.);
#3246 = SURFACE_CURVE('',#3247,(#3251,#3258),.PCURVE_S1.);
#3247 = LINE('',#3248,#3249);
#3248 = CARTESIAN_POINT('',(-1.7,25.75,9.));
#3249 = VECTOR('',#3250,1.);
#3250 = DIRECTION('',(-0.,1.,0.));
#3251 = PCURVE('',#1075,#3252);
#3252 = DEFINITIONAL_REPRESENTATION('',(#3253),#3257);
#3253 = LINE('',#3254,#3255);
#3254 = CARTESIAN_POINT('',(1.,0.));
#3255 = VECTOR('',#3256,1.);
#3256 = DIRECTION('',(0.,1.));
#3257 = ( GEOMETRIC_REPRESENTATION_CONTEXT(2) 
PARAMETRIC_REPRESENTATION_CONTEXT() REPRESENTATION_CONTEXT('2D SPACE',''
  ) );
#3258 = PCURVE('',#1151,#3259);
#3259 = DEFINITIONAL_REPRESENTATION('',(#3260),#3264);
#3260 = LINE('',#3261,#3262);
#3261 = CARTESIAN_POINT('',(4.,0.));
#3262 = VECTOR('',#3263,1.);
#3263 = DIRECTION('',(0.,-1.));
#3264 = ( GEOMETRIC_REPRESENTATION_CONTEXT(2) 
PARAMETRIC_REPRESENTATION_CONTEXT() REPRESENTATION_CONTEXT('2D SPACE',''
  ) );
#3265 = ORIENTED_EDGE('',*,*,#1058,.F.);
#3266 = ADVANCED_FACE('',(#3267),#1101,.T.);
#3267 = FACE_BOUND('',#3268,.T.);
#3268 = EDGE_LOOP('',(#3269,#3270,#3291,#3312));
#3269 = ORIENTED_EDGE('',*,*,#3201,.F.);
#3270 = ORIENTED_EDGE('',*,*,#3271,.T.);
#3271 = EDGE_CURVE('',#3202,#3272,#3274,.T.);
#3272 = VERTEX_POINT('',#3273);
#3273 = CARTESIAN_POINT('',(-2.7,26.75,5.));
#3274 = SURFACE_CURVE('',#3275,(#3279,#3285),.PCURVE_S1.);
#3275 = LINE('',#3276,#3277);
#3276 = CARTESIAN_POINT('',(-2.7,26.75,2.5));
#3277 = VECTOR('',#3278,1.);
#3278 = DIRECTION('',(-0.,0.,-1.));
#3279 = PCURVE('',#1101,#3280);
#3280 = DEFINITIONAL_REPRESENTATION('',(#3281),#3284);
#3281 = B_SPLINE_CURVE_WITH_KNOTS('',1,(#3282,#3283),.UNSPECIFIED.,.F.,
  .F.,(2,2),(-6.5,-2.5),.PIECEWISE_BEZIER_KNOTS.);
#3282 = CARTESIAN_POINT('',(4.,-1.));
#3283 = CARTESIAN_POINT('',(0.,-1.));
#3284 = ( GEOMETRIC_REPRESENTATION_CONTEXT(2) 
PARAMETRIC_REPRESENTATION_CONTEXT() REPRESENTATION_CONTEXT('2D SPACE',''
  ) );
#3285 = PCURVE('',#2911,#3286);
#3286 = DEFINITIONAL_REPRESENTATION('',(#3287),#3290);
#3287 = B_SPLINE_CURVE_WITH_KNOTS('',1,(#3288,#3289),.UNSPECIFIED.,.F.,
  .F.,(2,2),(-6.5,-2.5),.PIECEWISE_BEZIER_KNOTS.);
#3288 = CARTESIAN_POINT('',(10.05,-9.));
#3289 = CARTESIAN_POINT('',(10.05,-5.));
#3290 = ( GEOMETRIC_REPRESENTATION_CONTEXT(2) 
PARAMETRIC_REPRESENTATION_CONTEXT() REPRESENTATION_CONTEXT('2D SPACE',''
  ) );
#3291 = ORIENTED_EDGE('',*,*,#3292,.T.);
#3292 = EDGE_CURVE('',#3272,#1087,#3293,.T.);
#3293 = SURFACE_CURVE('',#3294,(#3298,#3305),.PCURVE_S1.);
#3294 = LINE('',#3295,#3296);
#3295 = CARTESIAN_POINT('',(-2.7,25.75,5.));
#3296 = VECTOR('',#3297,1.);
#3297 = DIRECTION('',(-0.,1.,0.));
#3298 = PCURVE('',#1101,#3299);
#3299 = DEFINITIONAL_REPRESENTATION('',(#3300),#3304);
#3300 = LINE('',#3301,#3302);
#3301 = CARTESIAN_POINT('',(0.,0.));
#3302 = VECTOR('',#3303,1.);
#3303 = DIRECTION('',(0.,-1.));
#3304 = ( GEOMETRIC_REPRESENTATION_CONTEXT(2) 
PARAMETRIC_REPRESENTATION_CONTEXT() REPRESENTATION_CONTEXT('2D SPACE',''
  ) );
#3305 = PCURVE('',#1127,#3306);
#3306 = DEFINITIONAL_REPRESENTATION('',(#3307),#3311);
#3307 = LINE('',#3308,#3309);
#3308 = CARTESIAN_POINT('',(0.,0.));
#3309 = VECTOR('',#3310,1.);
#3310 = DIRECTION('',(0.,1.));
#3311 = ( GEOMETRIC_REPRESENTATION_CONTEXT(2) 
PARAMETRIC_REPRESENTATION_CONTEXT() REPRESENTATION_CONTEXT('2D SPACE',''
  ) );
#3312 = ORIENTED_EDGE('',*,*,#1086,.F.);
#3313 = ADVANCED_FACE('',(#3314),#1151,.F.);
#3314 = FACE_BOUND('',#3315,.F.);
#3315 = EDGE_LOOP('',(#3316,#3317,#3338,#3359));
#3316 = ORIENTED_EDGE('',*,*,#3245,.F.);
#3317 = ORIENTED_EDGE('',*,*,#3318,.T.);
#3318 = EDGE_CURVE('',#3225,#3319,#3321,.T.);
#3319 = VERTEX_POINT('',#3320);
#3320 = CARTESIAN_POINT('',(-1.7,26.75,5.));
#3321 = SURFACE_CURVE('',#3322,(#3326,#3332),.PCURVE_S1.);
#3322 = LINE('',#3323,#3324);
#3323 = CARTESIAN_POINT('',(-1.7,26.75,2.5));
#3324 = VECTOR('',#3325,1.);
#3325 = DIRECTION('',(-0.,0.,-1.));
#3326 = PCURVE('',#1151,#3327);
#3327 = DEFINITIONAL_REPRESENTATION('',(#3328),#3331);
#3328 = B_SPLINE_CURVE_WITH_KNOTS('',1,(#3329,#3330),.UNSPECIFIED.,.F.,
  .F.,(2,2),(-6.5,-2.5),.PIECEWISE_BEZIER_KNOTS.);
#3329 = CARTESIAN_POINT('',(4.,-1.));
#3330 = CARTESIAN_POINT('',(0.,-1.));
#3331 = ( GEOMETRIC_REPRESENTATION_CONTEXT(2) 
PARAMETRIC_REPRESENTATION_CONTEXT() REPRESENTATION_CONTEXT('2D SPACE',''
  ) );
#3332 = PCURVE('',#2911,#3333);
#3333 = DEFINITIONAL_REPRESENTATION('',(#3334),#3337);
#3334 = B_SPLINE_CURVE_WITH_KNOTS('',1,(#3335,#3336),.UNSPECIFIED.,.F.,
  .F.,(2,2),(-6.5,-2.5),.PIECEWISE_BEZIER_KNOTS.);
#3335 = CARTESIAN_POINT('',(11.05,-9.));
#3336 = CARTESIAN_POINT('',(11.05,-5.));
#3337 = ( GEOMETRIC_REPRESENTATION_CONTEXT(2) 
PARAMETRIC_REPRESENTATION_CONTEXT() REPRESENTATION_CONTEXT('2D SPACE',''
  ) );
#3338 = ORIENTED_EDGE('',*,*,#3339,.T.);
#3339 = EDGE_CURVE('',#3319,#1113,#3340,.T.);
#3340 = SURFACE_CURVE('',#3341,(#3345,#3352),.PCURVE_S1.);
#3341 = LINE('',#3342,#3343);
#3342 = CARTESIAN_POINT('',(-1.7,25.75,5.));
#3343 = VECTOR('',#3344,1.);
#3344 = DIRECTION('',(-0.,1.,0.));
#3345 = PCURVE('',#1151,#3346);
#3346 = DEFINITIONAL_REPRESENTATION('',(#3347),#3351);
#3347 = LINE('',#3348,#3349);
#3348 = CARTESIAN_POINT('',(0.,0.));
#3349 = VECTOR('',#3350,1.);
#3350 = DIRECTION('',(0.,-1.));
#3351 = ( GEOMETRIC_REPRESENTATION_CONTEXT(2) 
PARAMETRIC_REPRESENTATION_CONTEXT() REPRESENTATION_CONTEXT('2D SPACE',''
  ) );
#3352 = PCURVE('',#1127,#3353);
#3353 = DEFINITIONAL_REPRESENTATION('',(#3354),#3358);
#3354 = LINE('',#3355,#3356);
#3355 = CARTESIAN_POINT('',(1.,0.));
#3356 = VECTOR('',#3357,1.);
#3357 = DIRECTION('',(0.,1.));
#3358 = ( GEOMETRIC_REPRESENTATION_CONTEXT(2) 
PARAMETRIC_REPRESENTATION_CONTEXT() REPRESENTATION_CONTEXT('2D SPACE',''
  ) );
#3359 = ORIENTED_EDGE('',*,*,#1138,.F.);
#3360 = ADVANCED_FACE('',(#3361),#1127,.T.);
#3361 = FACE_BOUND('',#3362,.T.);
#3362 = EDGE_LOOP('',(#3363,#3364,#3383,#3384));
#3363 = ORIENTED_EDGE('',*,*,#3292,.F.);
#3364 = ORIENTED_EDGE('',*,*,#3365,.T.);
#3365 = EDGE_CURVE('',#3272,#3319,#3366,.T.);
#3366 = SURFACE_CURVE('',#3367,(#3371,#3377),.PCURVE_S1.);
#3367 = LINE('',#3368,#3369);
#3368 = CARTESIAN_POINT('',(-7.725,26.75,5.));
#3369 = VECTOR('',#3370,1.);
#3370 = DIRECTION('',(1.,0.,0.));
#3371 = PCURVE('',#1127,#3372);
#3372 = DEFINITIONAL_REPRESENTATION('',(#3373),#3376);
#3373 = B_SPLINE_CURVE_WITH_KNOTS('',1,(#3374,#3375),.UNSPECIFIED.,.F.,
  .F.,(2,2),(5.025,6.025),.PIECEWISE_BEZIER_KNOTS.);
#3374 = CARTESIAN_POINT('',(0.,1.));
#3375 = CARTESIAN_POINT('',(1.,1.));
#3376 = ( GEOMETRIC_REPRESENTATION_CONTEXT(2) 
PARAMETRIC_REPRESENTATION_CONTEXT() REPRESENTATION_CONTEXT('2D SPACE',''
  ) );
#3377 = PCURVE('',#2911,#3378);
#3378 = DEFINITIONAL_REPRESENTATION('',(#3379),#3382);
#3379 = B_SPLINE_CURVE_WITH_KNOTS('',1,(#3380,#3381),.UNSPECIFIED.,.F.,
  .F.,(2,2),(5.025,6.025),.PIECEWISE_BEZIER_KNOTS.);
#3380 = CARTESIAN_POINT('',(10.05,-5.));
#3381 = CARTESIAN_POINT('',(11.05,-5.));
#3382 = ( GEOMETRIC_REPRESENTATION_CONTEXT(2) 
PARAMETRIC_REPRESENTATION_CONTEXT() REPRESENTATION_CONTEXT('2D SPACE',''
  ) );
#3383 = ORIENTED_EDGE('',*,*,#3339,.T.);
#3384 = ORIENTED_EDGE('',*,*,#1112,.F.);
#3385 = ADVANCED_FACE('',(#3386),#1181,.F.);
#3386 = FACE_BOUND('',#3387,.F.);
#3387 = EDGE_LOOP('',(#3388,#3411,#3432,#3453));
#3388 = ORIENTED_EDGE('',*,*,#3389,.F.);
#3389 = EDGE_CURVE('',#3390,#1165,#3392,.T.);
#3390 = VERTEX_POINT('',#3391);
#3391 = CARTESIAN_POINT('',(-0.7,26.75,9.));
#3392 = SURFACE_CURVE('',#3393,(#3397,#3404),.PCURVE_S1.);
#3393 = LINE('',#3394,#3395);
#3394 = CARTESIAN_POINT('',(-0.7,25.75,9.));
#3395 = VECTOR('',#3396,1.);
#3396 = DIRECTION('',(-0.,1.,0.));
#3397 = PCURVE('',#1181,#3398);
#3398 = DEFINITIONAL_REPRESENTATION('',(#3399),#3403);
#3399 = LINE('',#3400,#3401);
#3400 = CARTESIAN_POINT('',(0.,0.));
#3401 = VECTOR('',#3402,1.);
#3402 = DIRECTION('',(0.,1.));
#3403 = ( GEOMETRIC_REPRESENTATION_CONTEXT(2) 
PARAMETRIC_REPRESENTATION_CONTEXT() REPRESENTATION_CONTEXT('2D SPACE',''
  ) );
#3404 = PCURVE('',#1207,#3405);
#3405 = DEFINITIONAL_REPRESENTATION('',(#3406),#3410);
#3406 = LINE('',#3407,#3408);
#3407 = CARTESIAN_POINT('',(4.,0.));
#3408 = VECTOR('',#3409,1.);
#3409 = DIRECTION('',(0.,-1.));
#3410 = ( GEOMETRIC_REPRESENTATION_CONTEXT(2) 
PARAMETRIC_REPRESENTATION_CONTEXT() REPRESENTATION_CONTEXT('2D SPACE',''
  ) );
#3411 = ORIENTED_EDGE('',*,*,#3412,.T.);
#3412 = EDGE_CURVE('',#3390,#3413,#3415,.T.);
#3413 = VERTEX_POINT('',#3414);
#3414 = CARTESIAN_POINT('',(0.3,26.75,9.));
#3415 = SURFACE_CURVE('',#3416,(#3420,#3426),.PCURVE_S1.);
#3416 = LINE('',#3417,#3418);
#3417 = CARTESIAN_POINT('',(-6.725,26.75,9.));
#3418 = VECTOR('',#3419,1.);
#3419 = DIRECTION('',(1.,0.,0.));
#3420 = PCURVE('',#1181,#3421);
#3421 = DEFINITIONAL_REPRESENTATION('',(#3422),#3425);
#3422 = B_SPLINE_CURVE_WITH_KNOTS('',1,(#3423,#3424),.UNSPECIFIED.,.F.,
  .F.,(2,2),(6.025,7.025),.PIECEWISE_BEZIER_KNOTS.);
#3423 = CARTESIAN_POINT('',(0.,1.));
#3424 = CARTESIAN_POINT('',(1.,1.));
#3425 = ( GEOMETRIC_REPRESENTATION_CONTEXT(2) 
PARAMETRIC_REPRESENTATION_CONTEXT() REPRESENTATION_CONTEXT('2D SPACE',''
  ) );
#3426 = PCURVE('',#2911,#3427);
#3427 = DEFINITIONAL_REPRESENTATION('',(#3428),#3431);
#3428 = B_SPLINE_CURVE_WITH_KNOTS('',1,(#3429,#3430),.UNSPECIFIED.,.F.,
  .F.,(2,2),(6.025,7.025),.PIECEWISE_BEZIER_KNOTS.);
#3429 = CARTESIAN_POINT('',(12.05,-9.));
#3430 = CARTESIAN_POINT('',(13.05,-9.));
#3431 = ( GEOMETRIC_REPRESENTATION_CONTEXT(2) 
PARAMETRIC_REPRESENTATION_CONTEXT() REPRESENTATION_CONTEXT('2D SPACE',''
  ) );
#3432 = ORIENTED_EDGE('',*,*,#3433,.T.);
#3433 = EDGE_CURVE('',#3413,#1167,#3434,.T.);
#3434 = SURFACE_CURVE('',#3435,(#3439,#3446),.PCURVE_S1.);
#3435 = LINE('',#3436,#3437);
#3436 = CARTESIAN_POINT('',(0.3,25.75,9.));
#3437 = VECTOR('',#3438,1.);
#3438 = DIRECTION('',(-0.,1.,0.));
#3439 = PCURVE('',#1181,#3440);
#3440 = DEFINITIONAL_REPRESENTATION('',(#3441),#3445);
#3441 = LINE('',#3442,#3443);
#3442 = CARTESIAN_POINT('',(1.,0.));
#3443 = VECTOR('',#3444,1.);
#3444 = DIRECTION('',(0.,1.));
#3445 = ( GEOMETRIC_REPRESENTATION_CONTEXT(2) 
PARAMETRIC_REPRESENTATION_CONTEXT() REPRESENTATION_CONTEXT('2D SPACE',''
  ) );
#3446 = PCURVE('',#1257,#3447);
#3447 = DEFINITIONAL_REPRESENTATION('',(#3448),#3452);
#3448 = LINE('',#3449,#3450);
#3449 = CARTESIAN_POINT('',(4.,0.));
#3450 = VECTOR('',#3451,1.);
#3451 = DIRECTION('',(0.,-1.));
#3452 = ( GEOMETRIC_REPRESENTATION_CONTEXT(2) 
PARAMETRIC_REPRESENTATION_CONTEXT() REPRESENTATION_CONTEXT('2D SPACE',''
  ) );
#3453 = ORIENTED_EDGE('',*,*,#1164,.F.);
#3454 = ADVANCED_FACE('',(#3455),#1207,.T.);
#3455 = FACE_BOUND('',#3456,.T.);
#3456 = EDGE_LOOP('',(#3457,#3458,#3479,#3500));
#3457 = ORIENTED_EDGE('',*,*,#3389,.F.);
#3458 = ORIENTED_EDGE('',*,*,#3459,.T.);
#3459 = EDGE_CURVE('',#3390,#3460,#3462,.T.);
#3460 = VERTEX_POINT('',#3461);
#3461 = CARTESIAN_POINT('',(-0.7,26.75,5.));
#3462 = SURFACE_CURVE('',#3463,(#3467,#3473),.PCURVE_S1.);
#3463 = LINE('',#3464,#3465);
#3464 = CARTESIAN_POINT('',(-0.7,26.75,2.5));
#3465 = VECTOR('',#3466,1.);
#3466 = DIRECTION('',(-0.,0.,-1.));
#3467 = PCURVE('',#1207,#3468);
#3468 = DEFINITIONAL_REPRESENTATION('',(#3469),#3472);
#3469 = B_SPLINE_CURVE_WITH_KNOTS('',1,(#3470,#3471),.UNSPECIFIED.,.F.,
  .F.,(2,2),(-6.5,-2.5),.PIECEWISE_BEZIER_KNOTS.);
#3470 = CARTESIAN_POINT('',(4.,-1.));
#3471 = CARTESIAN_POINT('',(0.,-1.));
#3472 = ( GEOMETRIC_REPRESENTATION_CONTEXT(2) 
PARAMETRIC_REPRESENTATION_CONTEXT() REPRESENTATION_CONTEXT('2D SPACE',''
  ) );
#3473 = PCURVE('',#2911,#3474);
#3474 = DEFINITIONAL_REPRESENTATION('',(#3475),#3478);
#3475 = B_SPLINE_CURVE_WITH_KNOTS('',1,(#3476,#3477),.UNSPECIFIED.,.F.,
  .F.,(2,2),(-6.5,-2.5),.PIECEWISE_BEZIER_KNOTS.);
#3476 = CARTESIAN_POINT('',(12.05,-9.));
#3477 = CARTESIAN_POINT('',(12.05,-5.));
#3478 = ( GEOMETRIC_REPRESENTATION_CONTEXT(2) 
PARAMETRIC_REPRESENTATION_CONTEXT() REPRESENTATION_CONTEXT('2D SPACE',''
  ) );
#3479 = ORIENTED_EDGE('',*,*,#3480,.T.);
#3480 = EDGE_CURVE('',#3460,#1193,#3481,.T.);
#3481 = SURFACE_CURVE('',#3482,(#3486,#3493),.PCURVE_S1.);
#3482 = LINE('',#3483,#3484);
#3483 = CARTESIAN_POINT('',(-0.7,25.75,5.));
#3484 = VECTOR('',#3485,1.);
#3485 = DIRECTION('',(-0.,1.,0.));
#3486 = PCURVE('',#1207,#3487);
#3487 = DEFINITIONAL_REPRESENTATION('',(#3488),#3492);
#3488 = LINE('',#3489,#3490);
#3489 = CARTESIAN_POINT('',(0.,0.));
#3490 = VECTOR('',#3491,1.);
#3491 = DIRECTION('',(0.,-1.));
#3492 = ( GEOMETRIC_REPRESENTATION_CONTEXT(2) 
PARAMETRIC_REPRESENTATION_CONTEXT() REPRESENTATION_CONTEXT('2D SPACE',''
  ) );
#3493 = PCURVE('',#1233,#3494);
#3494 = DEFINITIONAL_REPRESENTATION('',(#3495),#3499);
#3495 = LINE('',#3496,#3497);
#3496 = CARTESIAN_POINT('',(0.,0.));
#3497 = VECTOR('',#3498,1.);
#3498 = DIRECTION('',(0.,1.));
#3499 = ( GEOMETRIC_REPRESENTATION_CONTEXT(2) 
PARAMETRIC_REPRESENTATION_CONTEXT() REPRESENTATION_CONTEXT('2D SPACE',''
  ) );
#3500 = ORIENTED_EDGE('',*,*,#1192,.F.);
#3501 = ADVANCED_FACE('',(#3502),#1257,.F.);
#3502 = FACE_BOUND('',#3503,.F.);
#3503 = EDGE_LOOP('',(#3504,#3505,#3526,#3547));
#3504 = ORIENTED_EDGE('',*,*,#3433,.F.);
#3505 = ORIENTED_EDGE('',*,*,#3506,.T.);
#3506 = EDGE_CURVE('',#3413,#3507,#3509,.T.);
#3507 = VERTEX_POINT('',#3508);
#3508 = CARTESIAN_POINT('',(0.3,26.75,5.));
#3509 = SURFACE_CURVE('',#3510,(#3514,#3520),.PCURVE_S1.);
#3510 = LINE('',#3511,#3512);
#3511 = CARTESIAN_POINT('',(0.3,26.75,2.5));
#3512 = VECTOR('',#3513,1.);
#3513 = DIRECTION('',(-0.,0.,-1.));
#3514 = PCURVE('',#1257,#3515);
#3515 = DEFINITIONAL_REPRESENTATION('',(#3516),#3519);
#3516 = B_SPLINE_CURVE_WITH_KNOTS('',1,(#3517,#3518),.UNSPECIFIED.,.F.,
  .F.,(2,2),(-6.5,-2.5),.PIECEWISE_BEZIER_KNOTS.);
#3517 = CARTESIAN_POINT('',(4.,-1.));
#3518 = CARTESIAN_POINT('',(0.,-1.));
#3519 = ( GEOMETRIC_REPRESENTATION_CONTEXT(2) 
PARAMETRIC_REPRESENTATION_CONTEXT() REPRESENTATION_CONTEXT('2D SPACE',''
  ) );
#3520 = PCURVE('',#2911,#3521);
#3521 = DEFINITIONAL_REPRESENTATION('',(#3522),#3525);
#3522 = B_SPLINE_CURVE_WITH_KNOTS('',1,(#3523,#3524),.UNSPECIFIED.,.F.,
  .F.,(2,2),(-6.5,-2.5),.PIECEWISE_BEZIER_KNOTS.);
#3523 = CARTESIAN_POINT('',(13.05,-9.));
#3524 = CARTESIAN_POINT('',(13.05,-5.));
#3525 = ( GEOMETRIC_REPRESENTATION_CONTEXT(2) 
PARAMETRIC_REPRESENTATION_CONTEXT() REPRESENTATION_CONTEXT('2D SPACE',''
  ) );
#3526 = ORIENTED_EDGE('',*,*,#3527,.T.);
#3527 = EDGE_CURVE('',#3507,#1219,#3528,.T.);
#3528 = SURFACE_CURVE('',#3529,(#3533,#3540),.PCURVE_S1.);
#3529 = LINE('',#3530,#3531);
#3530 = CARTESIAN_POINT('',(0.3,25.75,5.));
#3531 = VECTOR('',#3532,1.);
#3532 = DIRECTION('',(-0.,1.,0.));
#3533 = PCURVE('',#1257,#3534);
#3534 = DEFINITIONAL_REPRESENTATION('',(#3535),#3539);
#3535 = LINE('',#3536,#3537);
#3536 = CARTESIAN_POINT('',(0.,0.));
#3537 = VECTOR('',#3538,1.);
#3538 = DIRECTION('',(0.,-1.));
#3539 = ( GEOMETRIC_REPRESENTATION_CONTEXT(2) 
PARAMETRIC_REPRESENTATION_CONTEXT() REPRESENTATION_CONTEXT('2D SPACE',''
  ) );
#3540 = PCURVE('',#1233,#3541);
#3541 = DEFINITIONAL_REPRESENTATION('',(#3542),#3546);
#3542 = LINE('',#3543,#3544);
#3543 = CARTESIAN_POINT('',(1.,0.));
#3544 = VECTOR('',#3545,1.);
#3545 = DIRECTION('',(0.,1.));
#3546 = ( GEOMETRIC_REPRESENTATION_CONTEXT(2) 
PARAMETRIC_REPRESENTATION_CONTEXT() REPRESENTATION_CONTEXT('2D SPACE',''
  ) );
#3547 = ORIENTED_EDGE('',*,*,#1244,.F.);
#3548 = ADVANCED_FACE('',(#3549),#1233,.T.);
#3549 = FACE_BOUND('',#3550,.T.);
#3550 = EDGE_LOOP('',(#3551,#3552,#3571,#3572));
#3551 = ORIENTED_EDGE('',*,*,#3480,.F.);
#3552 = ORIENTED_EDGE('',*,*,#3553,.T.);
#3553 = EDGE_CURVE('',#3460,#3507,#3554,.T.);
#3554 = SURFACE_CURVE('',#3555,(#3559,#3565),.PCURVE_S1.);
#3555 = LINE('',#3556,#3557);
#3556 = CARTESIAN_POINT('',(-6.725,26.75,5.));
#3557 = VECTOR('',#3558,1.);
#3558 = DIRECTION('',(1.,0.,0.));
#3559 = PCURVE('',#1233,#3560);
#3560 = DEFINITIONAL_REPRESENTATION('',(#3561),#3564);
#3561 = B_SPLINE_CURVE_WITH_KNOTS('',1,(#3562,#3563),.UNSPECIFIED.,.F.,
  .F.,(2,2),(6.025,7.025),.PIECEWISE_BEZIER_KNOTS.);
#3562 = CARTESIAN_POINT('',(0.,1.));
#3563 = CARTESIAN_POINT('',(1.,1.));
#3564 = ( GEOMETRIC_REPRESENTATION_CONTEXT(2) 
PARAMETRIC_REPRESENTATION_CONTEXT() REPRESENTATION_CONTEXT('2D SPACE',''
  ) );
#3565 = PCURVE('',#2911,#3566);
#3566 = DEFINITIONAL_REPRESENTATION('',(#3567),#3570);
#3567 = B_SPLINE_CURVE_WITH_KNOTS('',1,(#3568,#3569),.UNSPECIFIED.,.F.,
  .F.,(2,2),(6.025,7.025),.PIECEWISE_BEZIER_KNOTS.);
#3568 = CARTESIAN_POINT('',(12.05,-5.));
#3569 = CARTESIAN_POINT('',(13.05,-5.));
#3570 = ( GEOMETRIC_REPRESENTATION_CONTEXT(2) 
PARAMETRIC_REPRESENTATION_CONTEXT() REPRESENTATION_CONTEXT('2D SPACE',''
  ) );
#3571 = ORIENTED_EDGE('',*,*,#3527,.T.);
#3572 = ORIENTED_EDGE('',*,*,#1218,.F.);
#3573 = ADVANCED_FACE('',(#3574),#1287,.F.);
#3574 = FACE_BOUND('',#3575,.F.);
#3575 = EDGE_LOOP('',(#3576,#3599,#3620,#3641));
#3576 = ORIENTED_EDGE('',*,*,#3577,.F.);
#3577 = EDGE_CURVE('',#3578,#1271,#3580,.T.);
#3578 = VERTEX_POINT('',#3579);
#3579 = CARTESIAN_POINT('',(1.3,26.75,9.));
#3580 = SURFACE_CURVE('',#3581,(#3585,#3592),.PCURVE_S1.);
#3581 = LINE('',#3582,#3583);
#3582 = CARTESIAN_POINT('',(1.3,25.75,9.));
#3583 = VECTOR('',#3584,1.);
#3584 = DIRECTION('',(-0.,1.,0.));
#3585 = PCURVE('',#1287,#3586);
#3586 = DEFINITIONAL_REPRESENTATION('',(#3587),#3591);
#3587 = LINE('',#3588,#3589);
#3588 = CARTESIAN_POINT('',(0.,0.));
#3589 = VECTOR('',#3590,1.);
#3590 = DIRECTION('',(0.,1.));
#3591 = ( GEOMETRIC_REPRESENTATION_CONTEXT(2) 
PARAMETRIC_REPRESENTATION_CONTEXT() REPRESENTATION_CONTEXT('2D SPACE',''
  ) );
#3592 = PCURVE('',#1313,#3593);
#3593 = DEFINITIONAL_REPRESENTATION('',(#3594),#3598);
#3594 = LINE('',#3595,#3596);
#3595 = CARTESIAN_POINT('',(4.,0.));
#3596 = VECTOR('',#3597,1.);
#3597 = DIRECTION('',(0.,-1.));
#3598 = ( GEOMETRIC_REPRESENTATION_CONTEXT(2) 
PARAMETRIC_REPRESENTATION_CONTEXT() REPRESENTATION_CONTEXT('2D SPACE',''
  ) );
#3599 = ORIENTED_EDGE('',*,*,#3600,.T.);
#3600 = EDGE_CURVE('',#3578,#3601,#3603,.T.);
#3601 = VERTEX_POINT('',#3602);
#3602 = CARTESIAN_POINT('',(2.3,26.75,9.));
#3603 = SURFACE_CURVE('',#3604,(#3608,#3614),.PCURVE_S1.);
#3604 = LINE('',#3605,#3606);
#3605 = CARTESIAN_POINT('',(-5.725,26.75,9.));
#3606 = VECTOR('',#3607,1.);
#3607 = DIRECTION('',(1.,0.,0.));
#3608 = PCURVE('',#1287,#3609);
#3609 = DEFINITIONAL_REPRESENTATION('',(#3610),#3613);
#3610 = B_SPLINE_CURVE_WITH_KNOTS('',1,(#3611,#3612),.UNSPECIFIED.,.F.,
  .F.,(2,2),(7.025,8.025),.PIECEWISE_BEZIER_KNOTS.);
#3611 = CARTESIAN_POINT('',(0.,1.));
#3612 = CARTESIAN_POINT('',(1.,1.));
#3613 = ( GEOMETRIC_REPRESENTATION_CONTEXT(2) 
PARAMETRIC_REPRESENTATION_CONTEXT() REPRESENTATION_CONTEXT('2D SPACE',''
  ) );
#3614 = PCURVE('',#2911,#3615);
#3615 = DEFINITIONAL_REPRESENTATION('',(#3616),#3619);
#3616 = B_SPLINE_CURVE_WITH_KNOTS('',1,(#3617,#3618),.UNSPECIFIED.,.F.,
  .F.,(2,2),(7.025,8.025),.PIECEWISE_BEZIER_KNOTS.);
#3617 = CARTESIAN_POINT('',(14.05,-9.));
#3618 = CARTESIAN_POINT('',(15.05,-9.));
#3619 = ( GEOMETRIC_REPRESENTATION_CONTEXT(2) 
PARAMETRIC_REPRESENTATION_CONTEXT() REPRESENTATION_CONTEXT('2D SPACE',''
  ) );
#3620 = ORIENTED_EDGE('',*,*,#3621,.T.);
#3621 = EDGE_CURVE('',#3601,#1273,#3622,.T.);
#3622 = SURFACE_CURVE('',#3623,(#3627,#3634),.PCURVE_S1.);
#3623 = LINE('',#3624,#3625);
#3624 = CARTESIAN_POINT('',(2.3,25.75,9.));
#3625 = VECTOR('',#3626,1.);
#3626 = DIRECTION('',(-0.,1.,0.));
#3627 = PCURVE('',#1287,#3628);
#3628 = DEFINITIONAL_REPRESENTATION('',(#3629),#3633);
#3629 = LINE('',#3630,#3631);
#3630 = CARTESIAN_POINT('',(1.,0.));
#3631 = VECTOR('',#3632,1.);
#3632 = DIRECTION('',(0.,1.));
#3633 = ( GEOMETRIC_REPRESENTATION_CONTEXT(2) 
PARAMETRIC_REPRESENTATION_CONTEXT() REPRESENTATION_CONTEXT('2D SPACE',''
  ) );
#3634 = PCURVE('',#1363,#3635);
#3635 = DEFINITIONAL_REPRESENTATION('',(#3636),#3640);
#3636 = LINE('',#3637,#3638);
#3637 = CARTESIAN_POINT('',(4.,0.));
#3638 = VECTOR('',#3639,1.);
#3639 = DIRECTION('',(0.,-1.));
#3640 = ( GEOMETRIC_REPRESENTATION_CONTEXT(2) 
PARAMETRIC_REPRESENTATION_CONTEXT() REPRESENTATION_CONTEXT('2D SPACE',''
  ) );
#3641 = ORIENTED_EDGE('',*,*,#1270,.F.);
#3642 = ADVANCED_FACE('',(#3643),#1313,.T.);
#3643 = FACE_BOUND('',#3644,.T.);
#3644 = EDGE_LOOP('',(#3645,#3646,#3667,#3688));
#3645 = ORIENTED_EDGE('',*,*,#3577,.F.);
#3646 = ORIENTED_EDGE('',*,*,#3647,.T.);
#3647 = EDGE_CURVE('',#3578,#3648,#3650,.T.);
#3648 = VERTEX_POINT('',#3649);
#3649 = CARTESIAN_POINT('',(1.3,26.75,5.));
#3650 = SURFACE_CURVE('',#3651,(#3655,#3661),.PCURVE_S1.);
#3651 = LINE('',#3652,#3653);
#3652 = CARTESIAN_POINT('',(1.3,26.75,2.5));
#3653 = VECTOR('',#3654,1.);
#3654 = DIRECTION('',(-0.,0.,-1.));
#3655 = PCURVE('',#1313,#3656);
#3656 = DEFINITIONAL_REPRESENTATION('',(#3657),#3660);
#3657 = B_SPLINE_CURVE_WITH_KNOTS('',1,(#3658,#3659),.UNSPECIFIED.,.F.,
  .F.,(2,2),(-6.5,-2.5),.PIECEWISE_BEZIER_KNOTS.);
#3658 = CARTESIAN_POINT('',(4.,-1.));
#3659 = CARTESIAN_POINT('',(0.,-1.));
#3660 = ( GEOMETRIC_REPRESENTATION_CONTEXT(2) 
PARAMETRIC_REPRESENTATION_CONTEXT() REPRESENTATION_CONTEXT('2D SPACE',''
  ) );
#3661 = PCURVE('',#2911,#3662);
#3662 = DEFINITIONAL_REPRESENTATION('',(#3663),#3666);
#3663 = B_SPLINE_CURVE_WITH_KNOTS('',1,(#3664,#3665),.UNSPECIFIED.,.F.,
  .F.,(2,2),(-6.5,-2.5),.PIECEWISE_BEZIER_KNOTS.);
#3664 = CARTESIAN_POINT('',(14.05,-9.));
#3665 = CARTESIAN_POINT('',(14.05,-5.));
#3666 = ( GEOMETRIC_REPRESENTATION_CONTEXT(2) 
PARAMETRIC_REPRESENTATION_CONTEXT() REPRESENTATION_CONTEXT('2D SPACE',''
  ) );
#3667 = ORIENTED_EDGE('',*,*,#3668,.T.);
#3668 = EDGE_CURVE('',#3648,#1299,#3669,.T.);
#3669 = SURFACE_CURVE('',#3670,(#3674,#3681),.PCURVE_S1.);
#3670 = LINE('',#3671,#3672);
#3671 = CARTESIAN_POINT('',(1.3,25.75,5.));
#3672 = VECTOR('',#3673,1.);
#3673 = DIRECTION('',(-0.,1.,0.));
#3674 = PCURVE('',#1313,#3675);
#3675 = DEFINITIONAL_REPRESENTATION('',(#3676),#3680);
#3676 = LINE('',#3677,#3678);
#3677 = CARTESIAN_POINT('',(0.,0.));
#3678 = VECTOR('',#3679,1.);
#3679 = DIRECTION('',(0.,-1.));
#3680 = ( GEOMETRIC_REPRESENTATION_CONTEXT(2) 
PARAMETRIC_REPRESENTATION_CONTEXT() REPRESENTATION_CONTEXT('2D SPACE',''
  ) );
#3681 = PCURVE('',#1339,#3682);
#3682 = DEFINITIONAL_REPRESENTATION('',(#3683),#3687);
#3683 = LINE('',#3684,#3685);
#3684 = CARTESIAN_POINT('',(0.,0.));
#3685 = VECTOR('',#3686,1.);
#3686 = DIRECTION('',(0.,1.));
#3687 = ( GEOMETRIC_REPRESENTATION_CONTEXT(2) 
PARAMETRIC_REPRESENTATION_CONTEXT() REPRESENTATION_CONTEXT('2D SPACE',''
  ) );
#3688 = ORIENTED_EDGE('',*,*,#1298,.F.);
#3689 = ADVANCED_FACE('',(#3690),#1363,.F.);
#3690 = FACE_BOUND('',#3691,.F.);
#3691 = EDGE_LOOP('',(#3692,#3693,#3714,#3735));
#3692 = ORIENTED_EDGE('',*,*,#3621,.F.);
#3693 = ORIENTED_EDGE('',*,*,#3694,.T.);
#3694 = EDGE_CURVE('',#3601,#3695,#3697,.T.);
#3695 = VERTEX_POINT('',#3696);
#3696 = CARTESIAN_POINT('',(2.3,26.75,5.));
#3697 = SURFACE_CURVE('',#3698,(#3702,#3708),.PCURVE_S1.);
#3698 = LINE('',#3699,#3700);
#3699 = CARTESIAN_POINT('',(2.3,26.75,2.5));
#3700 = VECTOR('',#3701,1.);
#3701 = DIRECTION('',(-0.,0.,-1.));
#3702 = PCURVE('',#1363,#3703);
#3703 = DEFINITIONAL_REPRESENTATION('',(#3704),#3707);
#3704 = B_SPLINE_CURVE_WITH_KNOTS('',1,(#3705,#3706),.UNSPECIFIED.,.F.,
  .F.,(2,2),(-6.5,-2.5),.PIECEWISE_BEZIER_KNOTS.);
#3705 = CARTESIAN_POINT('',(4.,-1.));
#3706 = CARTESIAN_POINT('',(0.,-1.));
#3707 = ( GEOMETRIC_REPRESENTATION_CONTEXT(2) 
PARAMETRIC_REPRESENTATION_CONTEXT() REPRESENTATION_CONTEXT('2D SPACE',''
  ) );
#3708 = PCURVE('',#2911,#3709);
#3709 = DEFINITIONAL_REPRESENTATION('',(#3710),#3713);
#3710 = B_SPLINE_CURVE_WITH_KNOTS('',1,(#3711,#3712),.UNSPECIFIED.,.F.,
  .F.,(2,2),(-6.5,-2.5),.PIECEWISE_BEZIER_KNOTS.);
#3711 = CARTESIAN_POINT('',(15.05,-9.));
#3712 = CARTESIAN_POINT('',(15.05,-5.));
#3713 = ( GEOMETRIC_REPRESENTATION_CONTEXT(2) 
PARAMETRIC_REPRESENTATION_CONTEXT() REPRESENTATION_CONTEXT('2D SPACE',''
  ) );
#3714 = ORIENTED_EDGE('',*,*,#3715,.T.);
#3715 = EDGE_CURVE('',#3695,#1325,#3716,.T.);
#3716 = SURFACE_CURVE('',#3717,(#3721,#3728),.PCURVE_S1.);
#3717 = LINE('',#3718,#3719);
#3718 = CARTESIAN_POINT('',(2.3,25.75,5.));
#3719 = VECTOR('',#3720,1.);
#3720 = DIRECTION('',(-0.,1.,0.));
#3721 = PCURVE('',#1363,#3722);
#3722 = DEFINITIONAL_REPRESENTATION('',(#3723),#3727);
#3723 = LINE('',#3724,#3725);
#3724 = CARTESIAN_POINT('',(0.,0.));
#3725 = VECTOR('',#3726,1.);
#3726 = DIRECTION('',(0.,-1.));
#3727 = ( GEOMETRIC_REPRESENTATION_CONTEXT(2) 
PARAMETRIC_REPRESENTATION_CONTEXT() REPRESENTATION_CONTEXT('2D SPACE',''
  ) );
#3728 = PCURVE('',#1339,#3729);
#3729 = DEFINITIONAL_REPRESENTATION('',(#3730),#3734);
#3730 = LINE('',#3731,#3732);
#3731 = CARTESIAN_POINT('',(1.,0.));
#3732 = VECTOR('',#3733,1.);
#3733 = DIRECTION('',(0.,1.));
#3734 = ( GEOMETRIC_REPRESENTATION_CONTEXT(2) 
PARAMETRIC_REPRESENTATION_CONTEXT() REPRESENTATION_CONTEXT('2D SPACE',''
  ) );
#3735 = ORIENTED_EDGE('',*,*,#1350,.F.);
#3736 = ADVANCED_FACE('',(#3737),#1339,.T.);
#3737 = FACE_BOUND('',#3738,.T.);
#3738 = EDGE_LOOP('',(#3739,#3740,#3759,#3760));
#3739 = ORIENTED_EDGE('',*,*,#3668,.F.);
#3740 = ORIENTED_EDGE('',*,*,#3741,.T.);
#3741 = EDGE_CURVE('',#3648,#3695,#3742,.T.);
#3742 = SURFACE_CURVE('',#3743,(#3747,#3753),.PCURVE_S1.);
#3743 = LINE('',#3744,#3745);
#3744 = CARTESIAN_POINT('',(-5.725,26.75,5.));
#3745 = VECTOR('',#3746,1.);
#3746 = DIRECTION('',(1.,0.,0.));
#3747 = PCURVE('',#1339,#3748);
#3748 = DEFINITIONAL_REPRESENTATION('',(#3749),#3752);
#3749 = B_SPLINE_CURVE_WITH_KNOTS('',1,(#3750,#3751),.UNSPECIFIED.,.F.,
  .F.,(2,2),(7.025,8.025),.PIECEWISE_BEZIER_KNOTS.);
#3750 = CARTESIAN_POINT('',(0.,1.));
#3751 = CARTESIAN_POINT('',(1.,1.));
#3752 = ( GEOMETRIC_REPRESENTATION_CONTEXT(2) 
PARAMETRIC_REPRESENTATION_CONTEXT() REPRESENTATION_CONTEXT('2D SPACE',''
  ) );
#3753 = PCURVE('',#2911,#3754);
#3754 = DEFINITIONAL_REPRESENTATION('',(#3755),#3758);
#3755 = B_SPLINE_CURVE_WITH_KNOTS('',1,(#3756,#3757),.UNSPECIFIED.,.F.,
  .F.,(2,2),(7.025,8.025),.PIECEWISE_BEZIER_KNOTS.);
#3756 = CARTESIAN_POINT('',(14.05,-5.));
#3757 = CARTESIAN_POINT('',(15.05,-5.));
#3758 = ( GEOMETRIC_REPRESENTATION_CONTEXT(2) 
PARAMETRIC_REPRESENTATION_CONTEXT() REPRESENTATION_CONTEXT('2D SPACE',''
  ) );
#3759 = ORIENTED_EDGE('',*,*,#3715,.T.);
#3760 = ORIENTED_EDGE('',*,*,#1324,.F.);
#3761 = ADVANCED_FACE('',(#3762),#1393,.F.);
#3762 = FACE_BOUND('',#3763,.F.);
#3763 = EDGE_LOOP('',(#3764,#3787,#3808,#3829));
#3764 = ORIENTED_EDGE('',*,*,#3765,.F.);
#3765 = EDGE_CURVE('',#3766,#1377,#3768,.T.);
#3766 = VERTEX_POINT('',#3767);
#3767 = CARTESIAN_POINT('',(3.3,26.75,9.));
#3768 = SURFACE_CURVE('',#3769,(#3773,#3780),.PCURVE_S1.);
#3769 = LINE('',#3770,#3771);
#3770 = CARTESIAN_POINT('',(3.3,25.75,9.));
#3771 = VECTOR('',#3772,1.);
#3772 = DIRECTION('',(-0.,1.,0.));
#3773 = PCURVE('',#1393,#3774);
#3774 = DEFINITIONAL_REPRESENTATION('',(#3775),#3779);
#3775 = LINE('',#3776,#3777);
#3776 = CARTESIAN_POINT('',(0.,0.));
#3777 = VECTOR('',#3778,1.);
#3778 = DIRECTION('',(0.,1.));
#3779 = ( GEOMETRIC_REPRESENTATION_CONTEXT(2) 
PARAMETRIC_REPRESENTATION_CONTEXT() REPRESENTATION_CONTEXT('2D SPACE',''
  ) );
#3780 = PCURVE('',#1419,#3781);
#3781 = DEFINITIONAL_REPRESENTATION('',(#3782),#3786);
#3782 = LINE('',#3783,#3784);
#3783 = CARTESIAN_POINT('',(4.,0.));
#3784 = VECTOR('',#3785,1.);
#3785 = DIRECTION('',(0.,-1.));
#3786 = ( GEOMETRIC_REPRESENTATION_CONTEXT(2) 
PARAMETRIC_REPRESENTATION_CONTEXT() REPRESENTATION_CONTEXT('2D SPACE',''
  ) );
#3787 = ORIENTED_EDGE('',*,*,#3788,.T.);
#3788 = EDGE_CURVE('',#3766,#3789,#3791,.T.);
#3789 = VERTEX_POINT('',#3790);
#3790 = CARTESIAN_POINT('',(4.3,26.75,9.));
#3791 = SURFACE_CURVE('',#3792,(#3796,#3802),.PCURVE_S1.);
#3792 = LINE('',#3793,#3794);
#3793 = CARTESIAN_POINT('',(-4.725,26.75,9.));
#3794 = VECTOR('',#3795,1.);
#3795 = DIRECTION('',(1.,0.,0.));
#3796 = PCURVE('',#1393,#3797);
#3797 = DEFINITIONAL_REPRESENTATION('',(#3798),#3801);
#3798 = B_SPLINE_CURVE_WITH_KNOTS('',1,(#3799,#3800),.UNSPECIFIED.,.F.,
  .F.,(2,2),(8.025,9.025),.PIECEWISE_BEZIER_KNOTS.);
#3799 = CARTESIAN_POINT('',(0.,1.));
#3800 = CARTESIAN_POINT('',(1.,1.));
#3801 = ( GEOMETRIC_REPRESENTATION_CONTEXT(2) 
PARAMETRIC_REPRESENTATION_CONTEXT() REPRESENTATION_CONTEXT('2D SPACE',''
  ) );
#3802 = PCURVE('',#2911,#3803);
#3803 = DEFINITIONAL_REPRESENTATION('',(#3804),#3807);
#3804 = B_SPLINE_CURVE_WITH_KNOTS('',1,(#3805,#3806),.UNSPECIFIED.,.F.,
  .F.,(2,2),(8.025,9.025),.PIECEWISE_BEZIER_KNOTS.);
#3805 = CARTESIAN_POINT('',(16.05,-9.));
#3806 = CARTESIAN_POINT('',(17.05,-9.));
#3807 = ( GEOMETRIC_REPRESENTATION_CONTEXT(2) 
PARAMETRIC_REPRESENTATION_CONTEXT() REPRESENTATION_CONTEXT('2D SPACE',''
  ) );
#3808 = ORIENTED_EDGE('',*,*,#3809,.T.);
#3809 = EDGE_CURVE('',#3789,#1379,#3810,.T.);
#3810 = SURFACE_CURVE('',#3811,(#3815,#3822),.PCURVE_S1.);
#3811 = LINE('',#3812,#3813);
#3812 = CARTESIAN_POINT('',(4.3,25.75,9.));
#3813 = VECTOR('',#3814,1.);
#3814 = DIRECTION('',(-0.,1.,0.));
#3815 = PCURVE('',#1393,#3816);
#3816 = DEFINITIONAL_REPRESENTATION('',(#3817),#3821);
#3817 = LINE('',#3818,#3819);
#3818 = CARTESIAN_POINT('',(1.,0.));
#3819 = VECTOR('',#3820,1.);
#3820 = DIRECTION('',(0.,1.));
#3821 = ( GEOMETRIC_REPRESENTATION_CONTEXT(2) 
PARAMETRIC_REPRESENTATION_CONTEXT() REPRESENTATION_CONTEXT('2D SPACE',''
  ) );
#3822 = PCURVE('',#1469,#3823);
#3823 = DEFINITIONAL_REPRESENTATION('',(#3824),#3828);
#3824 = LINE('',#3825,#3826);
#3825 = CARTESIAN_POINT('',(4.,0.));
#3826 = VECTOR('',#3827,1.);
#3827 = DIRECTION('',(0.,-1.));
#3828 = ( GEOMETRIC_REPRESENTATION_CONTEXT(2) 
PARAMETRIC_REPRESENTATION_CONTEXT() REPRESENTATION_CONTEXT('2D SPACE',''
  ) );
#3829 = ORIENTED_EDGE('',*,*,#1376,.F.);
#3830 = ADVANCED_FACE('',(#3831),#1469,.F.);
#3831 = FACE_BOUND('',#3832,.F.);
#3832 = EDGE_LOOP('',(#3833,#3834,#3855,#3876));
#3833 = ORIENTED_EDGE('',*,*,#3809,.F.);
#3834 = ORIENTED_EDGE('',*,*,#3835,.T.);
#3835 = EDGE_CURVE('',#3789,#3836,#3838,.T.);
#3836 = VERTEX_POINT('',#3837);
#3837 = CARTESIAN_POINT('',(4.3,26.75,5.));
#3838 = SURFACE_CURVE('',#3839,(#3843,#3849),.PCURVE_S1.);
#3839 = LINE('',#3840,#3841);
#3840 = CARTESIAN_POINT('',(4.3,26.75,2.5));
#3841 = VECTOR('',#3842,1.);
#3842 = DIRECTION('',(-0.,0.,-1.));
#3843 = PCURVE('',#1469,#3844);
#3844 = DEFINITIONAL_REPRESENTATION('',(#3845),#3848);
#3845 = B_SPLINE_CURVE_WITH_KNOTS('',1,(#3846,#3847),.UNSPECIFIED.,.F.,
  .F.,(2,2),(-6.5,-2.5),.PIECEWISE_BEZIER_KNOTS.);
#3846 = CARTESIAN_POINT('',(4.,-1.));
#3847 = CARTESIAN_POINT('',(0.,-1.));
#3848 = ( GEOMETRIC_REPRESENTATION_CONTEXT(2) 
PARAMETRIC_REPRESENTATION_CONTEXT() REPRESENTATION_CONTEXT('2D SPACE',''
  ) );
#3849 = PCURVE('',#2911,#3850);
#3850 = DEFINITIONAL_REPRESENTATION('',(#3851),#3854);
#3851 = B_SPLINE_CURVE_WITH_KNOTS('',1,(#3852,#3853),.UNSPECIFIED.,.F.,
  .F.,(2,2),(-6.5,-2.5),.PIECEWISE_BEZIER_KNOTS.);
#3852 = CARTESIAN_POINT('',(17.05,-9.));
#3853 = CARTESIAN_POINT('',(17.05,-5.));
#3854 = ( GEOMETRIC_REPRESENTATION_CONTEXT(2) 
PARAMETRIC_REPRESENTATION_CONTEXT() REPRESENTATION_CONTEXT('2D SPACE',''
  ) );
#3855 = ORIENTED_EDGE('',*,*,#3856,.T.);
#3856 = EDGE_CURVE('',#3836,#1431,#3857,.T.);
#3857 = SURFACE_CURVE('',#3858,(#3862,#3869),.PCURVE_S1.);
#3858 = LINE('',#3859,#3860);
#3859 = CARTESIAN_POINT('',(4.3,25.75,5.));
#3860 = VECTOR('',#3861,1.);
#3861 = DIRECTION('',(-0.,1.,0.));
#3862 = PCURVE('',#1469,#3863);
#3863 = DEFINITIONAL_REPRESENTATION('',(#3864),#3868);
#3864 = LINE('',#3865,#3866);
#3865 = CARTESIAN_POINT('',(0.,0.));
#3866 = VECTOR('',#3867,1.);
#3867 = DIRECTION('',(0.,-1.));
#3868 = ( GEOMETRIC_REPRESENTATION_CONTEXT(2) 
PARAMETRIC_REPRESENTATION_CONTEXT() REPRESENTATION_CONTEXT('2D SPACE',''
  ) );
#3869 = PCURVE('',#1445,#3870);
#3870 = DEFINITIONAL_REPRESENTATION('',(#3871),#3875);
#3871 = LINE('',#3872,#3873);
#3872 = CARTESIAN_POINT('',(1.,0.));
#3873 = VECTOR('',#3874,1.);
#3874 = DIRECTION('',(0.,1.));
#3875 = ( GEOMETRIC_REPRESENTATION_CONTEXT(2) 
PARAMETRIC_REPRESENTATION_CONTEXT() REPRESENTATION_CONTEXT('2D SPACE',''
  ) );
#3876 = ORIENTED_EDGE('',*,*,#1456,.F.);
#3877 = ADVANCED_FACE('',(#3878),#1445,.T.);
#3878 = FACE_BOUND('',#3879,.T.);
#3879 = EDGE_LOOP('',(#3880,#3903,#3922,#3923));
#3880 = ORIENTED_EDGE('',*,*,#3881,.F.);
#3881 = EDGE_CURVE('',#3882,#1405,#3884,.T.);
#3882 = VERTEX_POINT('',#3883);
#3883 = CARTESIAN_POINT('',(3.3,26.75,5.));
#3884 = SURFACE_CURVE('',#3885,(#3889,#3896),.PCURVE_S1.);
#3885 = LINE('',#3886,#3887);
#3886 = CARTESIAN_POINT('',(3.3,25.75,5.));
#3887 = VECTOR('',#3888,1.);
#3888 = DIRECTION('',(-0.,1.,0.));
#3889 = PCURVE('',#1445,#3890);
#3890 = DEFINITIONAL_REPRESENTATION('',(#3891),#3895);
#3891 = LINE('',#3892,#3893);
#3892 = CARTESIAN_POINT('',(0.,0.));
#3893 = VECTOR('',#3894,1.);
#3894 = DIRECTION('',(0.,1.));
#3895 = ( GEOMETRIC_REPRESENTATION_CONTEXT(2) 
PARAMETRIC_REPRESENTATION_CONTEXT() REPRESENTATION_CONTEXT('2D SPACE',''
  ) );
#3896 = PCURVE('',#1419,#3897);
#3897 = DEFINITIONAL_REPRESENTATION('',(#3898),#3902);
#3898 = LINE('',#3899,#3900);
#3899 = CARTESIAN_POINT('',(0.,0.));
#3900 = VECTOR('',#3901,1.);
#3901 = DIRECTION('',(0.,-1.));
#3902 = ( GEOMETRIC_REPRESENTATION_CONTEXT(2) 
PARAMETRIC_REPRESENTATION_CONTEXT() REPRESENTATION_CONTEXT('2D SPACE',''
  ) );
#3903 = ORIENTED_EDGE('',*,*,#3904,.T.);
#3904 = EDGE_CURVE('',#3882,#3836,#3905,.T.);
#3905 = SURFACE_CURVE('',#3906,(#3910,#3916),.PCURVE_S1.);
#3906 = LINE('',#3907,#3908);
#3907 = CARTESIAN_POINT('',(-4.725,26.75,5.));
#3908 = VECTOR('',#3909,1.);
#3909 = DIRECTION('',(1.,0.,0.));
#3910 = PCURVE('',#1445,#3911);
#3911 = DEFINITIONAL_REPRESENTATION('',(#3912),#3915);
#3912 = B_SPLINE_CURVE_WITH_KNOTS('',1,(#3913,#3914),.UNSPECIFIED.,.F.,
  .F.,(2,2),(8.025,9.025),.PIECEWISE_BEZIER_KNOTS.);
#3913 = CARTESIAN_POINT('',(0.,1.));
#3914 = CARTESIAN_POINT('',(1.,1.));
#3915 = ( GEOMETRIC_REPRESENTATION_CONTEXT(2) 
PARAMETRIC_REPRESENTATION_CONTEXT() REPRESENTATION_CONTEXT('2D SPACE',''
  ) );
#3916 = PCURVE('',#2911,#3917);
#3917 = DEFINITIONAL_REPRESENTATION('',(#3918),#3921);
#3918 = B_SPLINE_CURVE_WITH_KNOTS('',1,(#3919,#3920),.UNSPECIFIED.,.F.,
  .F.,(2,2),(8.025,9.025),.PIECEWISE_BEZIER_KNOTS.);
#3919 = CARTESIAN_POINT('',(16.05,-5.));
#3920 = CARTESIAN_POINT('',(17.05,-5.));
#3921 = ( GEOMETRIC_REPRESENTATION_CONTEXT(2) 
PARAMETRIC_REPRESENTATION_CONTEXT() REPRESENTATION_CONTEXT('2D SPACE',''
  ) );
#3922 = ORIENTED_EDGE('',*,*,#3856,.T.);
#3923 = ORIENTED_EDGE('',*,*,#1430,.F.);
#3924 = ADVANCED_FACE('',(#3925),#1419,.T.);
#3925 = FACE_BOUND('',#3926,.T.);
#3926 = EDGE_LOOP('',(#3927,#3928,#3947,#3948));
#3927 = ORIENTED_EDGE('',*,*,#3765,.F.);
#3928 = ORIENTED_EDGE('',*,*,#3929,.T.);
#3929 = EDGE_CURVE('',#3766,#3882,#3930,.T.);
#3930 = SURFACE_CURVE('',#3931,(#3935,#3941),.PCURVE_S1.);
#3931 = LINE('',#3932,#3933);
#3932 = CARTESIAN_POINT('',(3.3,26.75,2.5));
#3933 = VECTOR('',#3934,1.);
#3934 = DIRECTION('',(-0.,0.,-1.));
#3935 = PCURVE('',#1419,#3936);
#3936 = DEFINITIONAL_REPRESENTATION('',(#3937),#3940);
#3937 = B_SPLINE_CURVE_WITH_KNOTS('',1,(#3938,#3939),.UNSPECIFIED.,.F.,
  .F.,(2,2),(-6.5,-2.5),.PIECEWISE_BEZIER_KNOTS.);
#3938 = CARTESIAN_POINT('',(4.,-1.));
#3939 = CARTESIAN_POINT('',(0.,-1.));
#3940 = ( GEOMETRIC_REPRESENTATION_CONTEXT(2) 
PARAMETRIC_REPRESENTATION_CONTEXT() REPRESENTATION_CONTEXT('2D SPACE',''
  ) );
#3941 = PCURVE('',#2911,#3942);
#3942 = DEFINITIONAL_REPRESENTATION('',(#3943),#3946);
#3943 = B_SPLINE_CURVE_WITH_KNOTS('',1,(#3944,#3945),.UNSPECIFIED.,.F.,
  .F.,(2,2),(-6.5,-2.5),.PIECEWISE_BEZIER_KNOTS.);
#3944 = CARTESIAN_POINT('',(16.05,-9.));
#3945 = CARTESIAN_POINT('',(16.05,-5.));
#3946 = ( GEOMETRIC_REPRESENTATION_CONTEXT(2) 
PARAMETRIC_REPRESENTATION_CONTEXT() REPRESENTATION_CONTEXT('2D SPACE',''
  ) );
#3947 = ORIENTED_EDGE('',*,*,#3881,.T.);
#3948 = ORIENTED_EDGE('',*,*,#1404,.F.);
#3949 = ADVANCED_FACE('',(#3950),#1599,.T.);
#3950 = FACE_BOUND('',#3951,.T.);
#3951 = EDGE_LOOP('',(#3952,#3975,#3998,#4019));
#3952 = ORIENTED_EDGE('',*,*,#3953,.T.);
#3953 = EDGE_CURVE('',#1584,#3954,#3956,.T.);
#3954 = VERTEX_POINT('',#3955);
#3955 = CARTESIAN_POINT('',(-20.05,-11.,4.983012701892));
#3956 = SURFACE_CURVE('',#3957,(#3961,#3968),.PCURVE_S1.);
#3957 = LINE('',#3958,#3959);
#3958 = CARTESIAN_POINT('',(-19.3,-11.,4.55));
#3959 = VECTOR('',#3960,1.);
#3960 = DIRECTION('',(-0.866025403784,0.,0.5));
#3961 = PCURVE('',#1599,#3962);
#3962 = DEFINITIONAL_REPRESENTATION('',(#3963),#3967);
#3963 = LINE('',#3964,#3965);
#3964 = CARTESIAN_POINT('',(0.,-4.));
#3965 = VECTOR('',#3966,1.);
#3966 = DIRECTION('',(1.,0.));
#3967 = ( GEOMETRIC_REPRESENTATION_CONTEXT(2) 
PARAMETRIC_REPRESENTATION_CONTEXT() REPRESENTATION_CONTEXT('2D SPACE',''
  ) );
#3968 = PCURVE('',#1681,#3969);
#3969 = DEFINITIONAL_REPRESENTATION('',(#3970),#3974);
#3970 = LINE('',#3971,#3972);
#3971 = CARTESIAN_POINT('',(-0.701052324628,0.221740046448));
#3972 = VECTOR('',#3973,1.);
#3973 = DIRECTION('',(0.5,-0.866025403784));
#3974 = ( GEOMETRIC_REPRESENTATION_CONTEXT(2) 
PARAMETRIC_REPRESENTATION_CONTEXT() REPRESENTATION_CONTEXT('2D SPACE',''
  ) );
#3975 = ORIENTED_EDGE('',*,*,#3976,.T.);
#3976 = EDGE_CURVE('',#3954,#3977,#3979,.T.);
#3977 = VERTEX_POINT('',#3978);
#3978 = CARTESIAN_POINT('',(-20.05,-3.,4.983012701892));
#3979 = SURFACE_CURVE('',#3980,(#3984,#3991),.PCURVE_S1.);
#3980 = LINE('',#3981,#3982);
#3981 = CARTESIAN_POINT('',(-20.05,-11.,4.983012701892));
#3982 = VECTOR('',#3983,1.);
#3983 = DIRECTION('',(0.,1.,0.));
#3984 = PCURVE('',#1599,#3985);
#3985 = DEFINITIONAL_REPRESENTATION('',(#3986),#3990);
#3986 = LINE('',#3987,#3988);
#3987 = CARTESIAN_POINT('',(0.866025403784,-4.));
#3988 = VECTOR('',#3989,1.);
#3989 = DIRECTION('',(0.,1.));
#3990 = ( GEOMETRIC_REPRESENTATION_CONTEXT(2) 
PARAMETRIC_REPRESENTATION_CONTEXT() REPRESENTATION_CONTEXT('2D SPACE',''
  ) );
#3991 = PCURVE('',#1655,#3992);
#3992 = DEFINITIONAL_REPRESENTATION('',(#3993),#3997);
#3993 = LINE('',#3994,#3995);
#3994 = CARTESIAN_POINT('',(0.,-4.));
#3995 = VECTOR('',#3996,1.);
#3996 = DIRECTION('',(0.,1.));
#3997 = ( GEOMETRIC_REPRESENTATION_CONTEXT(2) 
PARAMETRIC_REPRESENTATION_CONTEXT() REPRESENTATION_CONTEXT('2D SPACE',''
  ) );
#3998 = ORIENTED_EDGE('',*,*,#3999,.F.);
#3999 = EDGE_CURVE('',#1582,#3977,#4000,.T.);
#4000 = SURFACE_CURVE('',#4001,(#4005,#4012),.PCURVE_S1.);
#4001 = LINE('',#4002,#4003);
#4002 = CARTESIAN_POINT('',(-19.3,-3.,4.55));
#4003 = VECTOR('',#4004,1.);
#4004 = DIRECTION('',(-0.866025403784,0.,0.5));
#4005 = PCURVE('',#1599,#4006);
#4006 = DEFINITIONAL_REPRESENTATION('',(#4007),#4011);
#4007 = LINE('',#4008,#4009);
#4008 = CARTESIAN_POINT('',(0.,4.));
#4009 = VECTOR('',#4010,1.);
#4010 = DIRECTION('',(1.,0.));
#4011 = ( GEOMETRIC_REPRESENTATION_CONTEXT(2) 
PARAMETRIC_REPRESENTATION_CONTEXT() REPRESENTATION_CONTEXT('2D SPACE',''
  ) );
#4012 = PCURVE('',#1627,#4013);
#4013 = DEFINITIONAL_REPRESENTATION('',(#4014),#4018);
#4014 = LINE('',#4015,#4016);
#4015 = CARTESIAN_POINT('',(-0.701052324628,0.221740046448));
#4016 = VECTOR('',#4017,1.);
#4017 = DIRECTION('',(0.5,-0.866025403784));
#4018 = ( GEOMETRIC_REPRESENTATION_CONTEXT(2) 
PARAMETRIC_REPRESENTATION_CONTEXT() REPRESENTATION_CONTEXT('2D SPACE',''
  ) );
#4019 = ORIENTED_EDGE('',*,*,#1581,.T.);
#4020 = ADVANCED_FACE('',(#4021),#1627,.T.);
#4021 = FACE_BOUND('',#4022,.T.);
#4022 = EDGE_LOOP('',(#4023,#4024,#4045));
#4023 = ORIENTED_EDGE('',*,*,#3999,.T.);
#4024 = ORIENTED_EDGE('',*,*,#4025,.T.);
#4025 = EDGE_CURVE('',#3977,#1612,#4026,.T.);
#4026 = SURFACE_CURVE('',#4027,(#4031,#4038),.PCURVE_S1.);
#4027 = LINE('',#4028,#4029);
#4028 = CARTESIAN_POINT('',(-20.05,-3.,4.983012701892));
#4029 = VECTOR('',#4030,1.);
#4030 = DIRECTION('',(0.575061074059,0.,0.81811048221));
#4031 = PCURVE('',#1627,#4032);
#4032 = DEFINITIONAL_REPRESENTATION('',(#4033),#4037);
#4033 = LINE('',#4034,#4035);
#4034 = CARTESIAN_POINT('',(-0.268039622736,-0.528259953552));
#4035 = VECTOR('',#4036,1.);
#4036 = DIRECTION('',(0.81811048221,0.575061074059));
#4037 = ( GEOMETRIC_REPRESENTATION_CONTEXT(2) 
PARAMETRIC_REPRESENTATION_CONTEXT() REPRESENTATION_CONTEXT('2D SPACE',''
  ) );
#4038 = PCURVE('',#1655,#4039);
#4039 = DEFINITIONAL_REPRESENTATION('',(#4040),#4044);
#4040 = LINE('',#4041,#4042);
#4041 = CARTESIAN_POINT('',(0.,4.));
#4042 = VECTOR('',#4043,1.);
#4043 = DIRECTION('',(1.,0.));
#4044 = ( GEOMETRIC_REPRESENTATION_CONTEXT(2) 
PARAMETRIC_REPRESENTATION_CONTEXT() REPRESENTATION_CONTEXT('2D SPACE',''
  ) );
#4045 = ORIENTED_EDGE('',*,*,#1611,.T.);
#4046 = ADVANCED_FACE('',(#4047),#1681,.F.);
#4047 = FACE_BOUND('',#4048,.F.);
#4048 = EDGE_LOOP('',(#4049,#4050,#4071));
#4049 = ORIENTED_EDGE('',*,*,#3953,.T.);
#4050 = ORIENTED_EDGE('',*,*,#4051,.T.);
#4051 = EDGE_CURVE('',#3954,#1640,#4052,.T.);
#4052 = SURFACE_CURVE('',#4053,(#4057,#4064),.PCURVE_S1.);
#4053 = LINE('',#4054,#4055);
#4054 = CARTESIAN_POINT('',(-20.05,-11.,4.983012701892));
#4055 = VECTOR('',#4056,1.);
#4056 = DIRECTION('',(0.575061074059,0.,0.81811048221));
#4057 = PCURVE('',#1681,#4058);
#4058 = DEFINITIONAL_REPRESENTATION('',(#4059),#4063);
#4059 = LINE('',#4060,#4061);
#4060 = CARTESIAN_POINT('',(-0.268039622736,-0.528259953552));
#4061 = VECTOR('',#4062,1.);
#4062 = DIRECTION('',(0.81811048221,0.575061074059));
#4063 = ( GEOMETRIC_REPRESENTATION_CONTEXT(2) 
PARAMETRIC_REPRESENTATION_CONTEXT() REPRESENTATION_CONTEXT('2D SPACE',''
  ) );
#4064 = PCURVE('',#1655,#4065);
#4065 = DEFINITIONAL_REPRESENTATION('',(#4066),#4070);
#4066 = LINE('',#4067,#4068);
#4067 = CARTESIAN_POINT('',(0.,-4.));
#4068 = VECTOR('',#4069,1.);
#4069 = DIRECTION('',(1.,0.));
#4070 = ( GEOMETRIC_REPRESENTATION_CONTEXT(2) 
PARAMETRIC_REPRESENTATION_CONTEXT() REPRESENTATION_CONTEXT('2D SPACE',''
  ) );
#4071 = ORIENTED_EDGE('',*,*,#1667,.T.);
#4072 = ADVANCED_FACE('',(#4073),#1655,.T.);
#4073 = FACE_BOUND('',#4074,.T.);
#4074 = EDGE_LOOP('',(#4075,#4076,#4077,#4078));
#4075 = ORIENTED_EDGE('',*,*,#3976,.F.);
#4076 = ORIENTED_EDGE('',*,*,#4051,.T.);
#4077 = ORIENTED_EDGE('',*,*,#1639,.F.);
#4078 = ORIENTED_EDGE('',*,*,#4025,.F.);
#4079 = ADVANCED_FACE('',(#4080),#1713,.T.);
#4080 = FACE_BOUND('',#4081,.T.);
#4081 = EDGE_LOOP('',(#4082,#4105,#4128,#4149));
#4082 = ORIENTED_EDGE('',*,*,#4083,.T.);
#4083 = EDGE_CURVE('',#1698,#4084,#4086,.T.);
#4084 = VERTEX_POINT('',#4085);
#4085 = CARTESIAN_POINT('',(-20.05,8.,4.983012701892));
#4086 = SURFACE_CURVE('',#4087,(#4091,#4098),.PCURVE_S1.);
#4087 = LINE('',#4088,#4089);
#4088 = CARTESIAN_POINT('',(-19.3,8.,4.55));
#4089 = VECTOR('',#4090,1.);
#4090 = DIRECTION('',(-0.866025403784,0.,0.5));
#4091 = PCURVE('',#1713,#4092);
#4092 = DEFINITIONAL_REPRESENTATION('',(#4093),#4097);
#4093 = LINE('',#4094,#4095);
#4094 = CARTESIAN_POINT('',(0.,-4.));
#4095 = VECTOR('',#4096,1.);
#4096 = DIRECTION('',(1.,0.));
#4097 = ( GEOMETRIC_REPRESENTATION_CONTEXT(2) 
PARAMETRIC_REPRESENTATION_CONTEXT() REPRESENTATION_CONTEXT('2D SPACE',''
  ) );
#4098 = PCURVE('',#1795,#4099);
#4099 = DEFINITIONAL_REPRESENTATION('',(#4100),#4104);
#4100 = LINE('',#4101,#4102);
#4101 = CARTESIAN_POINT('',(-0.701052324628,0.221740046448));
#4102 = VECTOR('',#4103,1.);
#4103 = DIRECTION('',(0.5,-0.866025403784));
#4104 = ( GEOMETRIC_REPRESENTATION_CONTEXT(2) 
PARAMETRIC_REPRESENTATION_CONTEXT() REPRESENTATION_CONTEXT('2D SPACE',''
  ) );
#4105 = ORIENTED_EDGE('',*,*,#4106,.T.);
#4106 = EDGE_CURVE('',#4084,#4107,#4109,.T.);
#4107 = VERTEX_POINT('',#4108);
#4108 = CARTESIAN_POINT('',(-20.05,16.,4.983012701892));
#4109 = SURFACE_CURVE('',#4110,(#4114,#4121),.PCURVE_S1.);
#4110 = LINE('',#4111,#4112);
#4111 = CARTESIAN_POINT('',(-20.05,8.,4.983012701892));
#4112 = VECTOR('',#4113,1.);
#4113 = DIRECTION('',(0.,1.,0.));
#4114 = PCURVE('',#1713,#4115);
#4115 = DEFINITIONAL_REPRESENTATION('',(#4116),#4120);
#4116 = LINE('',#4117,#4118);
#4117 = CARTESIAN_POINT('',(0.866025403784,-4.));
#4118 = VECTOR('',#4119,1.);
#4119 = DIRECTION('',(0.,1.));
#4120 = ( GEOMETRIC_REPRESENTATION_CONTEXT(2) 
PARAMETRIC_REPRESENTATION_CONTEXT() REPRESENTATION_CONTEXT('2D SPACE',''
  ) );
#4121 = PCURVE('',#1769,#4122);
#4122 = DEFINITIONAL_REPRESENTATION('',(#4123),#4127);
#4123 = LINE('',#4124,#4125);
#4124 = CARTESIAN_POINT('',(0.,-4.));
#4125 = VECTOR('',#4126,1.);
#4126 = DIRECTION('',(0.,1.));
#4127 = ( GEOMETRIC_REPRESENTATION_CONTEXT(2) 
PARAMETRIC_REPRESENTATION_CONTEXT() REPRESENTATION_CONTEXT('2D SPACE',''
  ) );
#4128 = ORIENTED_EDGE('',*,*,#4129,.F.);
#4129 = EDGE_CURVE('',#1696,#4107,#4130,.T.);
#4130 = SURFACE_CURVE('',#4131,(#4135,#4142),.PCURVE_S1.);
#4131 = LINE('',#4132,#4133);
#4132 = CARTESIAN_POINT('',(-19.3,16.,4.55));
#4133 = VECTOR('',#4134,1.);
#4134 = DIRECTION('',(-0.866025403784,0.,0.5));
#4135 = PCURVE('',#1713,#4136);
#4136 = DEFINITIONAL_REPRESENTATION('',(#4137),#4141);
#4137 = LINE('',#4138,#4139);
#4138 = CARTESIAN_POINT('',(0.,4.));
#4139 = VECTOR('',#4140,1.);
#4140 = DIRECTION('',(1.,0.));
#4141 = ( GEOMETRIC_REPRESENTATION_CONTEXT(2) 
PARAMETRIC_REPRESENTATION_CONTEXT() REPRESENTATION_CONTEXT('2D SPACE',''
  ) );
#4142 = PCURVE('',#1741,#4143);
#4143 = DEFINITIONAL_REPRESENTATION('',(#4144),#4148);
#4144 = LINE('',#4145,#4146);
#4145 = CARTESIAN_POINT('',(-0.701052324628,0.221740046448));
#4146 = VECTOR('',#4147,1.);
#4147 = DIRECTION('',(0.5,-0.866025403784));
#4148 = ( GEOMETRIC_REPRESENTATION_CONTEXT(2) 
PARAMETRIC_REPRESENTATION_CONTEXT() REPRESENTATION_CONTEXT('2D SPACE',''
  ) );
#4149 = ORIENTED_EDGE('',*,*,#1695,.T.);
#4150 = ADVANCED_FACE('',(#4151),#1795,.F.);
#4151 = FACE_BOUND('',#4152,.F.);
#4152 = EDGE_LOOP('',(#4153,#4154,#4175));
#4153 = ORIENTED_EDGE('',*,*,#4083,.T.);
#4154 = ORIENTED_EDGE('',*,*,#4155,.T.);
#4155 = EDGE_CURVE('',#4084,#1754,#4156,.T.);
#4156 = SURFACE_CURVE('',#4157,(#4161,#4168),.PCURVE_S1.);
#4157 = LINE('',#4158,#4159);
#4158 = CARTESIAN_POINT('',(-20.05,8.,4.983012701892));
#4159 = VECTOR('',#4160,1.);
#4160 = DIRECTION('',(0.575061074059,0.,0.81811048221));
#4161 = PCURVE('',#1795,#4162);
#4162 = DEFINITIONAL_REPRESENTATION('',(#4163),#4167);
#4163 = LINE('',#4164,#4165);
#4164 = CARTESIAN_POINT('',(-0.268039622736,-0.528259953552));
#4165 = VECTOR('',#4166,1.);
#4166 = DIRECTION('',(0.81811048221,0.575061074059));
#4167 = ( GEOMETRIC_REPRESENTATION_CONTEXT(2) 
PARAMETRIC_REPRESENTATION_CONTEXT() REPRESENTATION_CONTEXT('2D SPACE',''
  ) );
#4168 = PCURVE('',#1769,#4169);
#4169 = DEFINITIONAL_REPRESENTATION('',(#4170),#4174);
#4170 = LINE('',#4171,#4172);
#4171 = CARTESIAN_POINT('',(0.,-4.));
#4172 = VECTOR('',#4173,1.);
#4173 = DIRECTION('',(1.,0.));
#4174 = ( GEOMETRIC_REPRESENTATION_CONTEXT(2) 
PARAMETRIC_REPRESENTATION_CONTEXT() REPRESENTATION_CONTEXT('2D SPACE',''
  ) );
#4175 = ORIENTED_EDGE('',*,*,#1781,.T.);
#4176 = ADVANCED_FACE('',(#4177),#1769,.T.);
#4177 = FACE_BOUND('',#4178,.T.);
#4178 = EDGE_LOOP('',(#4179,#4180,#4181,#4182));
#4179 = ORIENTED_EDGE('',*,*,#4106,.F.);
#4180 = ORIENTED_EDGE('',*,*,#4155,.T.);
#4181 = ORIENTED_EDGE('',*,*,#1753,.F.);
#4182 = ORIENTED_EDGE('',*,*,#4183,.F.);
#4183 = EDGE_CURVE('',#4107,#1726,#4184,.T.);
#4184 = SURFACE_CURVE('',#4185,(#4189,#4196),.PCURVE_S1.);
#4185 = LINE('',#4186,#4187);
#4186 = CARTESIAN_POINT('',(-20.05,16.,4.983012701892));
#4187 = VECTOR('',#4188,1.);
#4188 = DIRECTION('',(0.575061074059,0.,0.81811048221));
#4189 = PCURVE('',#1769,#4190);
#4190 = DEFINITIONAL_REPRESENTATION('',(#4191),#4195);
#4191 = LINE('',#4192,#4193);
#4192 = CARTESIAN_POINT('',(0.,4.));
#4193 = VECTOR('',#4194,1.);
#4194 = DIRECTION('',(1.,0.));
#4195 = ( GEOMETRIC_REPRESENTATION_CONTEXT(2) 
PARAMETRIC_REPRESENTATION_CONTEXT() REPRESENTATION_CONTEXT('2D SPACE',''
  ) );
#4196 = PCURVE('',#1741,#4197);
#4197 = DEFINITIONAL_REPRESENTATION('',(#4198),#4202);
#4198 = LINE('',#4199,#4200);
#4199 = CARTESIAN_POINT('',(-0.268039622736,-0.528259953552));
#4200 = VECTOR('',#4201,1.);
#4201 = DIRECTION('',(0.81811048221,0.575061074059));
#4202 = ( GEOMETRIC_REPRESENTATION_CONTEXT(2) 
PARAMETRIC_REPRESENTATION_CONTEXT() REPRESENTATION_CONTEXT('2D SPACE',''
  ) );
#4203 = ADVANCED_FACE('',(#4204),#1741,.T.);
#4204 = FACE_BOUND('',#4205,.T.);
#4205 = EDGE_LOOP('',(#4206,#4207,#4208));
#4206 = ORIENTED_EDGE('',*,*,#4129,.T.);
#4207 = ORIENTED_EDGE('',*,*,#4183,.T.);
#4208 = ORIENTED_EDGE('',*,*,#1725,.T.);
#4209 = ADVANCED_FACE('',(#4210),#1982,.F.);
#4210 = FACE_BOUND('',#4211,.F.);
#4211 = EDGE_LOOP('',(#4212,#4213,#4214,#4237));
#4212 = ORIENTED_EDGE('',*,*,#2085,.F.);
#4213 = ORIENTED_EDGE('',*,*,#1967,.T.);
#4214 = ORIENTED_EDGE('',*,*,#4215,.T.);
#4215 = EDGE_CURVE('',#1942,#4216,#4218,.T.);
#4216 = VERTEX_POINT('',#4217);
#4217 = CARTESIAN_POINT('',(5.3,-21.35,9.35));
#4218 = SURFACE_CURVE('',#4219,(#4223,#4230),.PCURVE_S1.);
#4219 = LINE('',#4220,#4221);
#4220 = CARTESIAN_POINT('',(5.3,-26.35,9.35));
#4221 = VECTOR('',#4222,1.);
#4222 = DIRECTION('',(-0.,1.,0.));
#4223 = PCURVE('',#1982,#4224);
#4224 = DEFINITIONAL_REPRESENTATION('',(#4225),#4229);
#4225 = LINE('',#4226,#4227);
#4226 = CARTESIAN_POINT('',(9.,0.));
#4227 = VECTOR('',#4228,1.);
#4228 = DIRECTION('',(0.,1.));
#4229 = ( GEOMETRIC_REPRESENTATION_CONTEXT(2) 
PARAMETRIC_REPRESENTATION_CONTEXT() REPRESENTATION_CONTEXT('2D SPACE',''
  ) );
#4230 = PCURVE('',#1956,#4231);
#4231 = DEFINITIONAL_REPRESENTATION('',(#4232),#4236);
#4232 = LINE('',#4233,#4234);
#4233 = CARTESIAN_POINT('',(7.,0.));
#4234 = VECTOR('',#4235,1.);
#4235 = DIRECTION('',(0.,-1.));
#4236 = ( GEOMETRIC_REPRESENTATION_CONTEXT(2) 
PARAMETRIC_REPRESENTATION_CONTEXT() REPRESENTATION_CONTEXT('2D SPACE',''
  ) );
#4237 = ORIENTED_EDGE('',*,*,#4238,.F.);
#4238 = EDGE_CURVE('',#2086,#4216,#4239,.T.);
#4239 = SURFACE_CURVE('',#4240,(#4244,#4250),.PCURVE_S1.);
#4240 = LINE('',#4241,#4242);
#4241 = CARTESIAN_POINT('',(-8.225,-21.35,9.35));
#4242 = VECTOR('',#4243,1.);
#4243 = DIRECTION('',(1.,0.,0.));
#4244 = PCURVE('',#1982,#4245);
#4245 = DEFINITIONAL_REPRESENTATION('',(#4246),#4249);
#4246 = B_SPLINE_CURVE_WITH_KNOTS('',1,(#4247,#4248),.UNSPECIFIED.,.F.,
  .F.,(2,2),(4.525,13.525),.PIECEWISE_BEZIER_KNOTS.);
#4247 = CARTESIAN_POINT('',(0.,5.));
#4248 = CARTESIAN_POINT('',(9.,5.));
#4249 = ( GEOMETRIC_REPRESENTATION_CONTEXT(2) 
PARAMETRIC_REPRESENTATION_CONTEXT() REPRESENTATION_CONTEXT('2D SPACE',''
  ) );
#4250 = PCURVE('',#2172,#4251);
#4251 = DEFINITIONAL_REPRESENTATION('',(#4252),#4255);
#4252 = B_SPLINE_CURVE_WITH_KNOTS('',1,(#4253,#4254),.UNSPECIFIED.,.F.,
  .F.,(2,2),(4.525,13.525),.PIECEWISE_BEZIER_KNOTS.);
#4253 = CARTESIAN_POINT('',(9.05,-9.35));
#4254 = CARTESIAN_POINT('',(18.05,-9.35));
#4255 = ( GEOMETRIC_REPRESENTATION_CONTEXT(2) 
PARAMETRIC_REPRESENTATION_CONTEXT() REPRESENTATION_CONTEXT('2D SPACE',''
  ) );
#4256 = ADVANCED_FACE('',(#4257),#1901,.F.);
#4257 = FACE_BOUND('',#4258,.F.);
#4258 = EDGE_LOOP('',(#4259,#4280,#4299,#4300));
#4259 = ORIENTED_EDGE('',*,*,#4260,.F.);
#4260 = EDGE_CURVE('',#2189,#2536,#4261,.T.);
#4261 = SURFACE_CURVE('',#4262,(#4266,#4273),.PCURVE_S1.);
#4262 = LINE('',#4263,#4264);
#4263 = CARTESIAN_POINT('',(12.749999917905,-23.75,-2.));
#4264 = VECTOR('',#4265,1.);
#4265 = DIRECTION('',(0.,0.,1.));
#4266 = PCURVE('',#1901,#4267);
#4267 = DEFINITIONAL_REPRESENTATION('',(#4268),#4272);
#4268 = LINE('',#4269,#4270);
#4269 = CARTESIAN_POINT('',(-4.55,-73.55));
#4270 = VECTOR('',#4271,1.);
#4271 = DIRECTION('',(1.,0.));
#4272 = ( GEOMETRIC_REPRESENTATION_CONTEXT(2) 
PARAMETRIC_REPRESENTATION_CONTEXT() REPRESENTATION_CONTEXT('2D SPACE',''
  ) );
#4273 = PCURVE('',#2204,#4274);
#4274 = DEFINITIONAL_REPRESENTATION('',(#4275),#4279);
#4275 = LINE('',#4276,#4277);
#4276 = CARTESIAN_POINT('',(-4.712388980385,0.));
#4277 = VECTOR('',#4278,1.);
#4278 = DIRECTION('',(-0.,-1.));
#4279 = ( GEOMETRIC_REPRESENTATION_CONTEXT(2) 
PARAMETRIC_REPRESENTATION_CONTEXT() REPRESENTATION_CONTEXT('2D SPACE',''
  ) );
#4280 = ORIENTED_EDGE('',*,*,#4281,.T.);
#4281 = EDGE_CURVE('',#2189,#1886,#4282,.T.);
#4282 = SURFACE_CURVE('',#4283,(#4287,#4293),.PCURVE_S1.);
#4283 = LINE('',#4284,#4285);
#4284 = CARTESIAN_POINT('',(12.75,-47.3,3.55));
#4285 = VECTOR('',#4286,1.);
#4286 = DIRECTION('',(-0.,1.,0.));
#4287 = PCURVE('',#1901,#4288);
#4288 = DEFINITIONAL_REPRESENTATION('',(#4289),#4292);
#4289 = B_SPLINE_CURVE_WITH_KNOTS('',1,(#4290,#4291),.UNSPECIFIED.,.F.,
  .F.,(2,2),(23.55,76.45),.PIECEWISE_BEZIER_KNOTS.);
#4290 = CARTESIAN_POINT('',(1.,-73.55));
#4291 = CARTESIAN_POINT('',(1.,-126.45));
#4292 = ( GEOMETRIC_REPRESENTATION_CONTEXT(2) 
PARAMETRIC_REPRESENTATION_CONTEXT() REPRESENTATION_CONTEXT('2D SPACE',''
  ) );
#4293 = PCURVE('',#1929,#4294);
#4294 = DEFINITIONAL_REPRESENTATION('',(#4295),#4298);
#4295 = B_SPLINE_CURVE_WITH_KNOTS('',1,(#4296,#4297),.UNSPECIFIED.,.F.,
  .F.,(2,2),(23.55,76.45),.PIECEWISE_BEZIER_KNOTS.);
#4296 = CARTESIAN_POINT('',(12.750000023687,-26.45));
#4297 = CARTESIAN_POINT('',(12.750000023687,26.45));
#4298 = ( GEOMETRIC_REPRESENTATION_CONTEXT(2) 
PARAMETRIC_REPRESENTATION_CONTEXT() REPRESENTATION_CONTEXT('2D SPACE',''
  ) );
#4299 = ORIENTED_EDGE('',*,*,#1885,.T.);
#4300 = ORIENTED_EDGE('',*,*,#2535,.F.);
#4301 = ADVANCED_FACE('',(#4302),#1956,.F.);
#4302 = FACE_BOUND('',#4303,.F.);
#4303 = EDGE_LOOP('',(#4304,#4305,#4306,#4325,#4326,#4349));
#4304 = ORIENTED_EDGE('',*,*,#4215,.F.);
#4305 = ORIENTED_EDGE('',*,*,#1941,.T.);
#4306 = ORIENTED_EDGE('',*,*,#4307,.F.);
#4307 = EDGE_CURVE('',#2262,#1914,#4308,.T.);
#4308 = SURFACE_CURVE('',#4309,(#4313,#4319),.PCURVE_S1.);
#4309 = LINE('',#4310,#4311);
#4310 = CARTESIAN_POINT('',(5.3,-11.825,3.55));
#4311 = VECTOR('',#4312,1.);
#4312 = DIRECTION('',(-0.,1.,0.));
#4313 = PCURVE('',#1956,#4314);
#4314 = DEFINITIONAL_REPRESENTATION('',(#4315),#4318);
#4315 = B_SPLINE_CURVE_WITH_KNOTS('',1,(#4316,#4317),.UNSPECIFIED.,.F.,
  .F.,(2,2),(-11.925,-8.525),.PIECEWISE_BEZIER_KNOTS.);
#4316 = CARTESIAN_POINT('',(1.2,-2.6));
#4317 = CARTESIAN_POINT('',(1.2,-6.));
#4318 = ( GEOMETRIC_REPRESENTATION_CONTEXT(2) 
PARAMETRIC_REPRESENTATION_CONTEXT() REPRESENTATION_CONTEXT('2D SPACE',''
  ) );
#4319 = PCURVE('',#1929,#4320);
#4320 = DEFINITIONAL_REPRESENTATION('',(#4321),#4324);
#4321 = B_SPLINE_CURVE_WITH_KNOTS('',1,(#4322,#4323),.UNSPECIFIED.,.F.,
  .F.,(2,2),(-11.925,-8.525),.PIECEWISE_BEZIER_KNOTS.);
#4322 = CARTESIAN_POINT('',(5.300000023687,-26.45));
#4323 = CARTESIAN_POINT('',(5.300000023687,-23.05));
#4324 = ( GEOMETRIC_REPRESENTATION_CONTEXT(2) 
PARAMETRIC_REPRESENTATION_CONTEXT() REPRESENTATION_CONTEXT('2D SPACE',''
  ) );
#4325 = ORIENTED_EDGE('',*,*,#2261,.T.);
#4326 = ORIENTED_EDGE('',*,*,#4327,.T.);
#4327 = EDGE_CURVE('',#2241,#4328,#4330,.T.);
#4328 = VERTEX_POINT('',#4329);
#4329 = CARTESIAN_POINT('',(5.3,-21.35,2.35));
#4330 = SURFACE_CURVE('',#4331,(#4335,#4342),.PCURVE_S1.);
#4331 = LINE('',#4332,#4333);
#4332 = CARTESIAN_POINT('',(5.3,-26.35,2.35));
#4333 = VECTOR('',#4334,1.);
#4334 = DIRECTION('',(-0.,1.,0.));
#4335 = PCURVE('',#1956,#4336);
#4336 = DEFINITIONAL_REPRESENTATION('',(#4337),#4341);
#4337 = LINE('',#4338,#4339);
#4338 = CARTESIAN_POINT('',(0.,0.));
#4339 = VECTOR('',#4340,1.);
#4340 = DIRECTION('',(0.,-1.));
#4341 = ( GEOMETRIC_REPRESENTATION_CONTEXT(2) 
PARAMETRIC_REPRESENTATION_CONTEXT() REPRESENTATION_CONTEXT('2D SPACE',''
  ) );
#4342 = PCURVE('',#2147,#4343);
#4343 = DEFINITIONAL_REPRESENTATION('',(#4344),#4348);
#4344 = LINE('',#4345,#4346);
#4345 = CARTESIAN_POINT('',(9.,0.));
#4346 = VECTOR('',#4347,1.);
#4347 = DIRECTION('',(0.,1.));
#4348 = ( GEOMETRIC_REPRESENTATION_CONTEXT(2) 
PARAMETRIC_REPRESENTATION_CONTEXT() REPRESENTATION_CONTEXT('2D SPACE',''
  ) );
#4349 = ORIENTED_EDGE('',*,*,#4350,.F.);
#4350 = EDGE_CURVE('',#4216,#4328,#4351,.T.);
#4351 = SURFACE_CURVE('',#4352,(#4356,#4362),.PCURVE_S1.);
#4352 = LINE('',#4353,#4354);
#4353 = CARTESIAN_POINT('',(5.3,-21.35,1.175));
#4354 = VECTOR('',#4355,1.);
#4355 = DIRECTION('',(-0.,0.,-1.));
#4356 = PCURVE('',#1956,#4357);
#4357 = DEFINITIONAL_REPRESENTATION('',(#4358),#4361);
#4358 = B_SPLINE_CURVE_WITH_KNOTS('',1,(#4359,#4360),.UNSPECIFIED.,.F.,
  .F.,(2,2),(-8.175,-1.175),.PIECEWISE_BEZIER_KNOTS.);
#4359 = CARTESIAN_POINT('',(7.,-5.));
#4360 = CARTESIAN_POINT('',(0.,-5.));
#4361 = ( GEOMETRIC_REPRESENTATION_CONTEXT(2) 
PARAMETRIC_REPRESENTATION_CONTEXT() REPRESENTATION_CONTEXT('2D SPACE',''
  ) );
#4362 = PCURVE('',#2172,#4363);
#4363 = DEFINITIONAL_REPRESENTATION('',(#4364),#4367);
#4364 = B_SPLINE_CURVE_WITH_KNOTS('',1,(#4365,#4366),.UNSPECIFIED.,.F.,
  .F.,(2,2),(-8.175,-1.175),.PIECEWISE_BEZIER_KNOTS.);
#4365 = CARTESIAN_POINT('',(18.05,-9.35));
#4366 = CARTESIAN_POINT('',(18.05,-2.35));
#4367 = ( GEOMETRIC_REPRESENTATION_CONTEXT(2) 
PARAMETRIC_REPRESENTATION_CONTEXT() REPRESENTATION_CONTEXT('2D SPACE',''
  ) );
#4368 = ADVANCED_FACE('',(#4369),#1929,.T.);
#4369 = FACE_BOUND('',#4370,.T.);
#4370 = EDGE_LOOP('',(#4371,#4372,#4373,#4374));
#4371 = ORIENTED_EDGE('',*,*,#4307,.F.);
#4372 = ORIENTED_EDGE('',*,*,#2282,.T.);
#4373 = ORIENTED_EDGE('',*,*,#4281,.T.);
#4374 = ORIENTED_EDGE('',*,*,#1913,.F.);
#4375 = ADVANCED_FACE('',(#4376),#2035,.F.);
#4376 = FACE_BOUND('',#4377,.F.);
#4377 = EDGE_LOOP('',(#4378,#4379,#4402,#4428));
#4378 = ORIENTED_EDGE('',*,*,#2014,.F.);
#4379 = ORIENTED_EDGE('',*,*,#4380,.F.);
#4380 = EDGE_CURVE('',#4381,#2015,#4383,.T.);
#4381 = VERTEX_POINT('',#4382);
#4382 = CARTESIAN_POINT('',(-7.15,-21.35,9.));
#4383 = SEAM_CURVE('',#4384,(#4388,#4395),.PCURVE_S1.);
#4384 = LINE('',#4385,#4386);
#4385 = CARTESIAN_POINT('',(-7.15,-18.35,9.));
#4386 = VECTOR('',#4387,1.);
#4387 = DIRECTION('',(0.,-1.,2.22044604925E-16));
#4388 = PCURVE('',#2035,#4389);
#4389 = DEFINITIONAL_REPRESENTATION('',(#4390),#4394);
#4390 = LINE('',#4391,#4392);
#4391 = CARTESIAN_POINT('',(6.28318530718,-0.));
#4392 = VECTOR('',#4393,1.);
#4393 = DIRECTION('',(0.,1.));
#4394 = ( GEOMETRIC_REPRESENTATION_CONTEXT(2) 
PARAMETRIC_REPRESENTATION_CONTEXT() REPRESENTATION_CONTEXT('2D SPACE',''
  ) );
#4395 = PCURVE('',#2035,#4396);
#4396 = DEFINITIONAL_REPRESENTATION('',(#4397),#4401);
#4397 = LINE('',#4398,#4399);
#4398 = CARTESIAN_POINT('',(0.,-0.));
#4399 = VECTOR('',#4400,1.);
#4400 = DIRECTION('',(0.,1.));
#4401 = ( GEOMETRIC_REPRESENTATION_CONTEXT(2) 
PARAMETRIC_REPRESENTATION_CONTEXT() REPRESENTATION_CONTEXT('2D SPACE',''
  ) );
#4402 = ORIENTED_EDGE('',*,*,#4403,.T.);
#4403 = EDGE_CURVE('',#4381,#4381,#4404,.T.);
#4404 = SURFACE_CURVE('',#4405,(#4410,#4417),.PCURVE_S1.);
#4405 = CIRCLE('',#4406,1.);
#4406 = AXIS2_PLACEMENT_3D('',#4407,#4408,#4409);
#4407 = CARTESIAN_POINT('',(-8.15,-21.35,9.));
#4408 = DIRECTION('',(0.,-1.,2.22044604925E-16));
#4409 = DIRECTION('',(1.,0.,0.));
#4410 = PCURVE('',#2035,#4411);
#4411 = DEFINITIONAL_REPRESENTATION('',(#4412),#4416);
#4412 = LINE('',#4413,#4414);
#4413 = CARTESIAN_POINT('',(0.,3.));
#4414 = VECTOR('',#4415,1.);
#4415 = DIRECTION('',(1.,0.));
#4416 = ( GEOMETRIC_REPRESENTATION_CONTEXT(2) 
PARAMETRIC_REPRESENTATION_CONTEXT() REPRESENTATION_CONTEXT('2D SPACE',''
  ) );
#4417 = PCURVE('',#2172,#4418);
#4418 = DEFINITIONAL_REPRESENTATION('',(#4419),#4427);
#4419 = ( BOUNDED_CURVE() B_SPLINE_CURVE(2,(#4420,#4421,#4422,#4423,
#4424,#4425,#4426),.UNSPECIFIED.,.T.,.F.) B_SPLINE_CURVE_WITH_KNOTS((1,2
    ,2,2,2,1),(-2.094395102393,0.,2.094395102393,4.188790204786,
6.28318530718,8.377580409573),.UNSPECIFIED.) CURVE() 
GEOMETRIC_REPRESENTATION_ITEM() RATIONAL_B_SPLINE_CURVE((1.,0.5,1.,0.5,
1.,0.5,1.)) REPRESENTATION_ITEM('') );
#4420 = CARTESIAN_POINT('',(5.6,-9.));
#4421 = CARTESIAN_POINT('',(5.6,-10.73205080756));
#4422 = CARTESIAN_POINT('',(4.1,-9.866025403784));
#4423 = CARTESIAN_POINT('',(2.6,-9.));
#4424 = CARTESIAN_POINT('',(4.1,-8.133974596216));
#4425 = CARTESIAN_POINT('',(5.6,-7.267949192431));
#4426 = CARTESIAN_POINT('',(5.6,-9.));
#4427 = ( GEOMETRIC_REPRESENTATION_CONTEXT(2) 
PARAMETRIC_REPRESENTATION_CONTEXT() REPRESENTATION_CONTEXT('2D SPACE',''
  ) );
#4428 = ORIENTED_EDGE('',*,*,#4380,.T.);
#4429 = ADVANCED_FACE('',(#4430),#2070,.F.);
#4430 = FACE_BOUND('',#4431,.F.);
#4431 = EDGE_LOOP('',(#4432,#4433,#4456,#4482));
#4432 = ORIENTED_EDGE('',*,*,#2049,.F.);
#4433 = ORIENTED_EDGE('',*,*,#4434,.F.);
#4434 = EDGE_CURVE('',#4435,#2050,#4437,.T.);
#4435 = VERTEX_POINT('',#4436);
#4436 = CARTESIAN_POINT('',(9.8,-21.35,9.));
#4437 = SEAM_CURVE('',#4438,(#4442,#4449),.PCURVE_S1.);
#4438 = LINE('',#4439,#4440);
#4439 = CARTESIAN_POINT('',(9.8,-18.35,9.));
#4440 = VECTOR('',#4441,1.);
#4441 = DIRECTION('',(0.,-1.,2.22044604925E-16));
#4442 = PCURVE('',#2070,#4443);
#4443 = DEFINITIONAL_REPRESENTATION('',(#4444),#4448);
#4444 = LINE('',#4445,#4446);
#4445 = CARTESIAN_POINT('',(6.28318530718,-0.));
#4446 = VECTOR('',#4447,1.);
#4447 = DIRECTION('',(0.,1.));
#4448 = ( GEOMETRIC_REPRESENTATION_CONTEXT(2) 
PARAMETRIC_REPRESENTATION_CONTEXT() REPRESENTATION_CONTEXT('2D SPACE',''
  ) );
#4449 = PCURVE('',#2070,#4450);
#4450 = DEFINITIONAL_REPRESENTATION('',(#4451),#4455);
#4451 = LINE('',#4452,#4453);
#4452 = CARTESIAN_POINT('',(0.,-0.));
#4453 = VECTOR('',#4454,1.);
#4454 = DIRECTION('',(0.,1.));
#4455 = ( GEOMETRIC_REPRESENTATION_CONTEXT(2) 
PARAMETRIC_REPRESENTATION_CONTEXT() REPRESENTATION_CONTEXT('2D SPACE',''
  ) );
#4456 = ORIENTED_EDGE('',*,*,#4457,.T.);
#4457 = EDGE_CURVE('',#4435,#4435,#4458,.T.);
#4458 = SURFACE_CURVE('',#4459,(#4464,#4471),.PCURVE_S1.);
#4459 = CIRCLE('',#4460,1.);
#4460 = AXIS2_PLACEMENT_3D('',#4461,#4462,#4463);
#4461 = CARTESIAN_POINT('',(8.8,-21.35,9.));
#4462 = DIRECTION('',(0.,-1.,2.22044604925E-16));
#4463 = DIRECTION('',(1.,0.,0.));
#4464 = PCURVE('',#2070,#4465);
#4465 = DEFINITIONAL_REPRESENTATION('',(#4466),#4470);
#4466 = LINE('',#4467,#4468);
#4467 = CARTESIAN_POINT('',(0.,3.));
#4468 = VECTOR('',#4469,1.);
#4469 = DIRECTION('',(1.,0.));
#4470 = ( GEOMETRIC_REPRESENTATION_CONTEXT(2) 
PARAMETRIC_REPRESENTATION_CONTEXT() REPRESENTATION_CONTEXT('2D SPACE',''
  ) );
#4471 = PCURVE('',#2172,#4472);
#4472 = DEFINITIONAL_REPRESENTATION('',(#4473),#4481);
#4473 = ( BOUNDED_CURVE() B_SPLINE_CURVE(2,(#4474,#4475,#4476,#4477,
#4478,#4479,#4480),.UNSPECIFIED.,.T.,.F.) B_SPLINE_CURVE_WITH_KNOTS((1,2
    ,2,2,2,1),(-2.094395102393,0.,2.094395102393,4.188790204786,
6.28318530718,8.377580409573),.UNSPECIFIED.) CURVE() 
GEOMETRIC_REPRESENTATION_ITEM() RATIONAL_B_SPLINE_CURVE((1.,0.5,1.,0.5,
1.,0.5,1.)) REPRESENTATION_ITEM('') );
#4474 = CARTESIAN_POINT('',(22.55,-9.));
#4475 = CARTESIAN_POINT('',(22.55,-10.73205080756));
#4476 = CARTESIAN_POINT('',(21.05,-9.866025403784));
#4477 = CARTESIAN_POINT('',(19.55,-9.));
#4478 = CARTESIAN_POINT('',(21.05,-8.133974596216));
#4479 = CARTESIAN_POINT('',(22.55,-7.267949192431));
#4480 = CARTESIAN_POINT('',(22.55,-9.));
#4481 = ( GEOMETRIC_REPRESENTATION_CONTEXT(2) 
PARAMETRIC_REPRESENTATION_CONTEXT() REPRESENTATION_CONTEXT('2D SPACE',''
  ) );
#4482 = ORIENTED_EDGE('',*,*,#4434,.T.);
#4483 = ADVANCED_FACE('',(#4484,#4559,#4562,#4565),#2172,.T.);
#4484 = FACE_BOUND('',#4485,.T.);
#4485 = EDGE_LOOP('',(#4486,#4516,#4537,#4538));
#4486 = ORIENTED_EDGE('',*,*,#4487,.F.);
#4487 = EDGE_CURVE('',#4488,#4490,#4492,.T.);
#4488 = VERTEX_POINT('',#4489);
#4489 = CARTESIAN_POINT('',(-10.,-21.35,0.));
#4490 = VERTEX_POINT('',#4491);
#4491 = CARTESIAN_POINT('',(10.,-21.35,0.));
#4492 = SURFACE_CURVE('',#4493,(#4497,#4504),.PCURVE_S1.);
#4493 = LINE('',#4494,#4495);
#4494 = CARTESIAN_POINT('',(4.263256414561E-14,-21.35,0.));
#4495 = VECTOR('',#4496,1.);
#4496 = DIRECTION('',(1.,0.,0.));
#4497 = PCURVE('',#2172,#4498);
#4498 = DEFINITIONAL_REPRESENTATION('',(#4499),#4503);
#4499 = LINE('',#4500,#4501);
#4500 = CARTESIAN_POINT('',(12.75,0.));
#4501 = VECTOR('',#4502,1.);
#4502 = DIRECTION('',(1.,0.));
#4503 = ( GEOMETRIC_REPRESENTATION_CONTEXT(2) 
PARAMETRIC_REPRESENTATION_CONTEXT() REPRESENTATION_CONTEXT('2D SPACE',''
  ) );
#4504 = PCURVE('',#4505,#4510);
#4505 = PLANE('',#4506);
#4506 = AXIS2_PLACEMENT_3D('',#4507,#4508,#4509);
#4507 = CARTESIAN_POINT('',(-3.133570783576E-10,2.7,0.));
#4508 = DIRECTION('',(0.,0.,1.));
#4509 = DIRECTION('',(1.,0.,0.));
#4510 = DEFINITIONAL_REPRESENTATION('',(#4511),#4515);
#4511 = LINE('',#4512,#4513);
#4512 = CARTESIAN_POINT('',(3.133997109217E-10,-24.05));
#4513 = VECTOR('',#4514,1.);
#4514 = DIRECTION('',(1.,0.));
#4515 = ( GEOMETRIC_REPRESENTATION_CONTEXT(2) 
PARAMETRIC_REPRESENTATION_CONTEXT() REPRESENTATION_CONTEXT('2D SPACE',''
  ) );
#4516 = ORIENTED_EDGE('',*,*,#4517,.F.);
#4517 = EDGE_CURVE('',#3094,#4488,#4518,.T.);
#4518 = SURFACE_CURVE('',#4519,(#4523,#4530),.PCURVE_S1.);
#4519 = LINE('',#4520,#4521);
#4520 = CARTESIAN_POINT('',(-10.,-21.35,13.55));
#4521 = VECTOR('',#4522,1.);
#4522 = DIRECTION('',(0.,0.,-1.));
#4523 = PCURVE('',#2172,#4524);
#4524 = DEFINITIONAL_REPRESENTATION('',(#4525),#4529);
#4525 = LINE('',#4526,#4527);
#4526 = CARTESIAN_POINT('',(2.75,-13.55));
#4527 = VECTOR('',#4528,1.);
#4528 = DIRECTION('',(0.,1.));
#4529 = ( GEOMETRIC_REPRESENTATION_CONTEXT(2) 
PARAMETRIC_REPRESENTATION_CONTEXT() REPRESENTATION_CONTEXT('2D SPACE',''
  ) );
#4530 = PCURVE('',#3132,#4531);
#4531 = DEFINITIONAL_REPRESENTATION('',(#4532),#4536);
#4532 = LINE('',#4533,#4534);
#4533 = CARTESIAN_POINT('',(7.75,1.6));
#4534 = VECTOR('',#4535,1.);
#4535 = DIRECTION('',(-1.,0.));
#4536 = ( GEOMETRIC_REPRESENTATION_CONTEXT(2) 
PARAMETRIC_REPRESENTATION_CONTEXT() REPRESENTATION_CONTEXT('2D SPACE',''
  ) );
#4537 = ORIENTED_EDGE('',*,*,#3093,.T.);
#4538 = ORIENTED_EDGE('',*,*,#4539,.F.);
#4539 = EDGE_CURVE('',#4490,#3066,#4540,.T.);
#4540 = SURFACE_CURVE('',#4541,(#4545,#4552),.PCURVE_S1.);
#4541 = LINE('',#4542,#4543);
#4542 = CARTESIAN_POINT('',(10.,-21.35,0.));
#4543 = VECTOR('',#4544,1.);
#4544 = DIRECTION('',(0.,0.,1.));
#4545 = PCURVE('',#2172,#4546);
#4546 = DEFINITIONAL_REPRESENTATION('',(#4547),#4551);
#4547 = LINE('',#4548,#4549);
#4548 = CARTESIAN_POINT('',(22.75,0.));
#4549 = VECTOR('',#4550,1.);
#4550 = DIRECTION('',(0.,-1.));
#4551 = ( GEOMETRIC_REPRESENTATION_CONTEXT(2) 
PARAMETRIC_REPRESENTATION_CONTEXT() REPRESENTATION_CONTEXT('2D SPACE',''
  ) );
#4552 = PCURVE('',#3081,#4553);
#4553 = DEFINITIONAL_REPRESENTATION('',(#4554),#4558);
#4554 = LINE('',#4555,#4556);
#4555 = CARTESIAN_POINT('',(0.,0.));
#4556 = VECTOR('',#4557,1.);
#4557 = DIRECTION('',(1.,0.));
#4558 = ( GEOMETRIC_REPRESENTATION_CONTEXT(2) 
PARAMETRIC_REPRESENTATION_CONTEXT() REPRESENTATION_CONTEXT('2D SPACE',''
  ) );
#4559 = FACE_BOUND('',#4560,.T.);
#4560 = EDGE_LOOP('',(#4561));
#4561 = ORIENTED_EDGE('',*,*,#4403,.T.);
#4562 = FACE_BOUND('',#4563,.T.);
#4563 = EDGE_LOOP('',(#4564));
#4564 = ORIENTED_EDGE('',*,*,#4457,.T.);
#4565 = FACE_BOUND('',#4566,.T.);
#4566 = EDGE_LOOP('',(#4567,#4568,#4569,#4588));
#4567 = ORIENTED_EDGE('',*,*,#4238,.F.);
#4568 = ORIENTED_EDGE('',*,*,#2159,.T.);
#4569 = ORIENTED_EDGE('',*,*,#4570,.T.);
#4570 = EDGE_CURVE('',#2132,#4328,#4571,.T.);
#4571 = SURFACE_CURVE('',#4572,(#4576,#4582),.PCURVE_S1.);
#4572 = LINE('',#4573,#4574);
#4573 = CARTESIAN_POINT('',(-8.225,-21.35,2.35));
#4574 = VECTOR('',#4575,1.);
#4575 = DIRECTION('',(1.,0.,0.));
#4576 = PCURVE('',#2172,#4577);
#4577 = DEFINITIONAL_REPRESENTATION('',(#4578),#4581);
#4578 = B_SPLINE_CURVE_WITH_KNOTS('',1,(#4579,#4580),.UNSPECIFIED.,.F.,
  .F.,(2,2),(4.525,13.525),.PIECEWISE_BEZIER_KNOTS.);
#4579 = CARTESIAN_POINT('',(9.05,-2.35));
#4580 = CARTESIAN_POINT('',(18.05,-2.35));
#4581 = ( GEOMETRIC_REPRESENTATION_CONTEXT(2) 
PARAMETRIC_REPRESENTATION_CONTEXT() REPRESENTATION_CONTEXT('2D SPACE',''
  ) );
#4582 = PCURVE('',#2147,#4583);
#4583 = DEFINITIONAL_REPRESENTATION('',(#4584),#4587);
#4584 = B_SPLINE_CURVE_WITH_KNOTS('',1,(#4585,#4586),.UNSPECIFIED.,.F.,
  .F.,(2,2),(4.525,13.525),.PIECEWISE_BEZIER_KNOTS.);
#4585 = CARTESIAN_POINT('',(0.,5.));
#4586 = CARTESIAN_POINT('',(9.,5.));
#4587 = ( GEOMETRIC_REPRESENTATION_CONTEXT(2) 
PARAMETRIC_REPRESENTATION_CONTEXT() REPRESENTATION_CONTEXT('2D SPACE',''
  ) );
#4588 = ORIENTED_EDGE('',*,*,#4350,.F.);
#4589 = ADVANCED_FACE('',(#4590),#2147,.T.);
#4590 = FACE_BOUND('',#4591,.T.);
#4591 = EDGE_LOOP('',(#4592,#4593,#4594,#4595));
#4592 = ORIENTED_EDGE('',*,*,#2131,.F.);
#4593 = ORIENTED_EDGE('',*,*,#2240,.T.);
#4594 = ORIENTED_EDGE('',*,*,#4327,.T.);
#4595 = ORIENTED_EDGE('',*,*,#4570,.F.);
#4596 = ADVANCED_FACE('',(#4597),#2204,.T.);
#4597 = FACE_BOUND('',#4598,.F.);
#4598 = EDGE_LOOP('',(#4599,#4600,#4601,#4602,#4603,#4626,#4705));
#4599 = ORIENTED_EDGE('',*,*,#2456,.T.);
#4600 = ORIENTED_EDGE('',*,*,#2186,.T.);
#4601 = ORIENTED_EDGE('',*,*,#4260,.T.);
#4602 = ORIENTED_EDGE('',*,*,#2557,.T.);
#4603 = ORIENTED_EDGE('',*,*,#4604,.F.);
#4604 = EDGE_CURVE('',#4605,#2558,#4607,.T.);
#4605 = VERTEX_POINT('',#4606);
#4606 = CARTESIAN_POINT('',(20.749999958953,-15.75,7.833229162597));
#4607 = SURFACE_CURVE('',#4608,(#4612,#4619),.PCURVE_S1.);
#4608 = LINE('',#4609,#4610);
#4609 = CARTESIAN_POINT('',(20.749999958953,-15.75,-2.));
#4610 = VECTOR('',#4611,1.);
#4611 = DIRECTION('',(0.,0.,1.));
#4612 = PCURVE('',#2204,#4613);
#4613 = DEFINITIONAL_REPRESENTATION('',(#4614),#4618);
#4614 = LINE('',#4615,#4616);
#4615 = CARTESIAN_POINT('',(-6.28318530718,0.));
#4616 = VECTOR('',#4617,1.);
#4617 = DIRECTION('',(-0.,-1.));
#4618 = ( GEOMETRIC_REPRESENTATION_CONTEXT(2) 
PARAMETRIC_REPRESENTATION_CONTEXT() REPRESENTATION_CONTEXT('2D SPACE',''
  ) );
#4619 = PCURVE('',#2349,#4620);
#4620 = DEFINITIONAL_REPRESENTATION('',(#4621),#4625);
#4621 = LINE('',#4622,#4623);
#4622 = CARTESIAN_POINT('',(0.,0.));
#4623 = VECTOR('',#4624,1.);
#4624 = DIRECTION('',(0.,-1.));
#4625 = ( GEOMETRIC_REPRESENTATION_CONTEXT(2) 
PARAMETRIC_REPRESENTATION_CONTEXT() REPRESENTATION_CONTEXT('2D SPACE',''
  ) );
#4626 = ORIENTED_EDGE('',*,*,#4627,.T.);
#4627 = EDGE_CURVE('',#4605,#4628,#4630,.T.);
#4628 = VERTEX_POINT('',#4629);
#4629 = CARTESIAN_POINT('',(20.749999958953,-15.75,5.166770837403));
#4630 = SURFACE_CURVE('',#4631,(#4652,#4676),.PCURVE_S1.);
#4631 = B_SPLINE_CURVE_WITH_KNOTS('',7,(#4632,#4633,#4634,#4635,#4636,
    #4637,#4638,#4639,#4640,#4641,#4642,#4643,#4644,#4645,#4646,#4647,
    #4648,#4649,#4650,#4651),.UNSPECIFIED.,.F.,.F.,(8,6,6,8),(0.,
    0.500048407845,0.771162000159,1.),.UNSPECIFIED.);
#4632 = CARTESIAN_POINT('',(20.749999917905,-15.75,7.833229162597));
#4633 = CARTESIAN_POINT('',(20.749999917905,-15.88156843942,
    7.660532093366));
#4634 = CARTESIAN_POINT('',(20.7474755108,-15.98933731875,7.477828934546
    ));
#4635 = CARTESIAN_POINT('',(20.744070573706,-16.07428158068,
    7.288256856237));
#4636 = CARTESIAN_POINT('',(20.740865872065,-16.137303521,7.094087813421
    ));
#4637 = CARTESIAN_POINT('',(20.738511854579,-16.17908728359,
    6.897054887188));
#4638 = CARTESIAN_POINT('',(20.737333640744,-16.2,6.698584500529));
#4639 = CARTESIAN_POINT('',(20.737333640744,-16.2,6.39233250927));
#4640 = CARTESIAN_POINT('',(20.737680140776,-16.19385257392,
    6.284670772276));
#4641 = CARTESIAN_POINT('',(20.738372461092,-16.18155891568,
    6.177243284055));
#4642 = CARTESIAN_POINT('',(20.739383078499,-16.16309022352,
    6.070281624713));
#4643 = CARTESIAN_POINT('',(20.740655389227,-16.13838968577,
    5.964031072683));
#4644 = CARTESIAN_POINT('',(20.742101471807,-16.10737446658,
    5.858761217981));
#4645 = CARTESIAN_POINT('',(20.744864581273,-16.03833855049,
    5.667006584271));
#4646 = CARTESIAN_POINT('',(20.746166522129,-16.00216331569,
    5.580149392155));
#4647 = CARTESIAN_POINT('',(20.747432226954,-15.96134613764,
    5.494385251748));
#4648 = CARTESIAN_POINT('',(20.748570674517,-15.91580919125,
    5.409916905281));
#4649 = CARTESIAN_POINT('',(20.749470948471,-15.86546639695,
    5.326975272277));
#4650 = CARTESIAN_POINT('',(20.749999917905,-15.8102271417,
    5.245825137249));
#4651 = CARTESIAN_POINT('',(20.749999917905,-15.75,5.166770837403));
#4652 = PCURVE('',#2204,#4653);
#4653 = DEFINITIONAL_REPRESENTATION('',(#4654),#4675);
#4654 = B_SPLINE_CURVE_WITH_KNOTS('',7,(#4655,#4656,#4657,#4658,#4659,
    #4660,#4661,#4662,#4663,#4664,#4665,#4666,#4667,#4668,#4669,#4670,
    #4671,#4672,#4673,#4674),.UNSPECIFIED.,.F.,.F.,(8,6,6,8),(0.,
    0.500048407845,0.771162000159,1.),.UNSPECIFIED.);
#4655 = CARTESIAN_POINT('',(-6.28318530718,-9.833229162597));
#4656 = CARTESIAN_POINT('',(-6.266739252251,-9.660532093366));
#4657 = CARTESIAN_POINT('',(-6.253268139343,-9.477828934546));
#4658 = CARTESIAN_POINT('',(-6.242642857104,-9.288256856236));
#4659 = CARTESIAN_POINT('',(-6.234755102461,-9.094087813421));
#4660 = CARTESIAN_POINT('',(-6.229523834077,-8.897054887188));
#4661 = CARTESIAN_POINT('',(-6.226905601779,-8.698584500529));
#4662 = CARTESIAN_POINT('',(-6.226905601779,-8.39233250927));
#4663 = CARTESIAN_POINT('',(-6.227675241095,-8.284670772276));
#4664 = CARTESIAN_POINT('',(-6.229214398696,-8.177243284055));
#4665 = CARTESIAN_POINT('',(-6.231526436961,-8.070281624713));
#4666 = CARTESIAN_POINT('',(-6.234618045341,-7.964031072683));
#4667 = CARTESIAN_POINT('',(-6.238499084024,-7.858761217981));
#4668 = CARTESIAN_POINT('',(-6.247135482729,-7.667006584271));
#4669 = CARTESIAN_POINT('',(-6.2516602718,-7.580149392155));
#4670 = CARTESIAN_POINT('',(-6.256764775739,-7.494385251748));
#4671 = CARTESIAN_POINT('',(-6.262458466962,-7.409916905281));
#4672 = CARTESIAN_POINT('',(-6.268752002056,-7.326975272277));
#4673 = CARTESIAN_POINT('',(-6.275656914466,-7.245825137249));
#4674 = CARTESIAN_POINT('',(-6.28318530718,-7.166770837403));
#4675 = ( GEOMETRIC_REPRESENTATION_CONTEXT(2) 
PARAMETRIC_REPRESENTATION_CONTEXT() REPRESENTATION_CONTEXT('2D SPACE',''
  ) );
#4676 = PCURVE('',#4677,#4682);
#4677 = CYLINDRICAL_SURFACE('',#4678,2.2);
#4678 = AXIS2_PLACEMENT_3D('',#4679,#4680,#4681);
#4679 = CARTESIAN_POINT('',(14.75,-14.,6.5));
#4680 = DIRECTION('',(1.,0.,2.22044604925E-16));
#4681 = DIRECTION('',(2.22044604925E-16,0.,-1.));
#4682 = DEFINITIONAL_REPRESENTATION('',(#4683),#4704);
#4683 = B_SPLINE_CURVE_WITH_KNOTS('',7,(#4684,#4685,#4686,#4687,#4688,
    #4689,#4690,#4691,#4692,#4693,#4694,#4695,#4696,#4697,#4698,#4699,
    #4700,#4701,#4702,#4703),.UNSPECIFIED.,.F.,.F.,(8,6,6,8),(0.,
    0.500048407845,0.771162000159,1.),.UNSPECIFIED.);
#4684 = CARTESIAN_POINT('',(4.061349922898,5.999999917905));
#4685 = CARTESIAN_POINT('',(4.160033962459,5.999999917905));
#4686 = CARTESIAN_POINT('',(4.25578011668,5.9974755108));
#4687 = CARTESIAN_POINT('',(4.349291891512,5.994070573706));
#4688 = CARTESIAN_POINT('',(4.441147550146,5.990865872065));
#4689 = CARTESIAN_POINT('',(4.531909547112,5.988511854579));
#4690 = CARTESIAN_POINT('',(4.622123298326,5.987333640744));
#4691 = CARTESIAN_POINT('',(4.761328748898,5.987333640744));
#4692 = CARTESIAN_POINT('',(4.810265860011,5.987680140776));
#4693 = CARTESIAN_POINT('',(4.859288047332,5.988372461092));
#4694 = CARTESIAN_POINT('',(4.90848130253,5.989383078499));
#4695 = CARTESIAN_POINT('',(4.957931918634,5.990655389227));
#4696 = CARTESIAN_POINT('',(5.007728533334,5.992101471807));
#4697 = CARTESIAN_POINT('',(5.100366410541,5.994864581273));
#4698 = CARTESIAN_POINT('',(5.14308279461,5.996166522129));
#4699 = CARTESIAN_POINT('',(5.186171123091,5.997432226954));
#4700 = CARTESIAN_POINT('',(5.229689262277,5.998570674517));
#4701 = CARTESIAN_POINT('',(5.273696375459,5.999470948471));
#4702 = CARTESIAN_POINT('',(5.318254152244,5.999999917905));
#4703 = CARTESIAN_POINT('',(5.363428037871,5.999999917905));
#4704 = ( GEOMETRIC_REPRESENTATION_CONTEXT(2) 
PARAMETRIC_REPRESENTATION_CONTEXT() REPRESENTATION_CONTEXT('2D SPACE',''
  ) );
#4705 = ORIENTED_EDGE('',*,*,#4706,.F.);
#4706 = EDGE_CURVE('',#2436,#4628,#4707,.T.);
#4707 = SURFACE_CURVE('',#4708,(#4712,#4719),.PCURVE_S1.);
#4708 = LINE('',#4709,#4710);
#4709 = CARTESIAN_POINT('',(20.749999958953,-15.75,-2.));
#4710 = VECTOR('',#4711,1.);
#4711 = DIRECTION('',(0.,0.,1.));
#4712 = PCURVE('',#2204,#4713);
#4713 = DEFINITIONAL_REPRESENTATION('',(#4714),#4718);
#4714 = LINE('',#4715,#4716);
#4715 = CARTESIAN_POINT('',(-6.28318530718,0.));
#4716 = VECTOR('',#4717,1.);
#4717 = DIRECTION('',(-0.,-1.));
#4718 = ( GEOMETRIC_REPRESENTATION_CONTEXT(2) 
PARAMETRIC_REPRESENTATION_CONTEXT() REPRESENTATION_CONTEXT('2D SPACE',''
  ) );
#4719 = PCURVE('',#2349,#4720);
#4720 = DEFINITIONAL_REPRESENTATION('',(#4721),#4725);
#4721 = LINE('',#4722,#4723);
#4722 = CARTESIAN_POINT('',(0.,0.));
#4723 = VECTOR('',#4724,1.);
#4724 = DIRECTION('',(0.,-1.));
#4725 = ( GEOMETRIC_REPRESENTATION_CONTEXT(2) 
PARAMETRIC_REPRESENTATION_CONTEXT() REPRESENTATION_CONTEXT('2D SPACE',''
  ) );
#4726 = ADVANCED_FACE('',(#4727,#4788,#4823),#2349,.F.);
#4727 = FACE_BOUND('',#4728,.F.);
#4728 = EDGE_LOOP('',(#4729,#4730,#4731,#4759,#4785,#4786,#4787));
#4729 = ORIENTED_EDGE('',*,*,#2509,.T.);
#4730 = ORIENTED_EDGE('',*,*,#4706,.T.);
#4731 = ORIENTED_EDGE('',*,*,#4732,.T.);
#4732 = EDGE_CURVE('',#4628,#4733,#4735,.T.);
#4733 = VERTEX_POINT('',#4734);
#4734 = CARTESIAN_POINT('',(20.75,-14.,4.3));
#4735 = SURFACE_CURVE('',#4736,(#4741,#4752),.PCURVE_S1.);
#4736 = CIRCLE('',#4737,2.2);
#4737 = AXIS2_PLACEMENT_3D('',#4738,#4739,#4740);
#4738 = CARTESIAN_POINT('',(20.75,-14.,6.5));
#4739 = DIRECTION('',(1.,0.,2.22044604925E-16));
#4740 = DIRECTION('',(2.22044604925E-16,0.,-1.));
#4741 = PCURVE('',#2349,#4742);
#4742 = DEFINITIONAL_REPRESENTATION('',(#4743),#4751);
#4743 = ( BOUNDED_CURVE() B_SPLINE_CURVE(2,(#4744,#4745,#4746,#4747,
#4748,#4749,#4750),.UNSPECIFIED.,.T.,.F.) B_SPLINE_CURVE_WITH_KNOTS((1,2
    ,2,2,2,1),(-2.094395102393,0.,2.094395102393,4.188790204786,
6.28318530718,8.377580409573),.UNSPECIFIED.) CURVE() 
GEOMETRIC_REPRESENTATION_ITEM() RATIONAL_B_SPLINE_CURVE((1.,0.5,1.,0.5,
1.,0.5,1.)) REPRESENTATION_ITEM('') );
#4744 = CARTESIAN_POINT('',(1.75,-6.3));
#4745 = CARTESIAN_POINT('',(5.560511776652,-6.3));
#4746 = CARTESIAN_POINT('',(3.655255888326,-9.6));
#4747 = CARTESIAN_POINT('',(1.75,-12.9));
#4748 = CARTESIAN_POINT('',(-0.155255888326,-9.6));
#4749 = CARTESIAN_POINT('',(-2.060511776652,-6.3));
#4750 = CARTESIAN_POINT('',(1.75,-6.3));
#4751 = ( GEOMETRIC_REPRESENTATION_CONTEXT(2) 
PARAMETRIC_REPRESENTATION_CONTEXT() REPRESENTATION_CONTEXT('2D SPACE',''
  ) );
#4752 = PCURVE('',#4677,#4753);
#4753 = DEFINITIONAL_REPRESENTATION('',(#4754),#4758);
#4754 = LINE('',#4755,#4756);
#4755 = CARTESIAN_POINT('',(0.,6.));
#4756 = VECTOR('',#4757,1.);
#4757 = DIRECTION('',(1.,0.));
#4758 = ( GEOMETRIC_REPRESENTATION_CONTEXT(2) 
PARAMETRIC_REPRESENTATION_CONTEXT() REPRESENTATION_CONTEXT('2D SPACE',''
  ) );
#4759 = ORIENTED_EDGE('',*,*,#4760,.T.);
#4760 = EDGE_CURVE('',#4733,#4605,#4761,.T.);
#4761 = SURFACE_CURVE('',#4762,(#4767,#4778),.PCURVE_S1.);
#4762 = CIRCLE('',#4763,2.2);
#4763 = AXIS2_PLACEMENT_3D('',#4764,#4765,#4766);
#4764 = CARTESIAN_POINT('',(20.75,-14.,6.5));
#4765 = DIRECTION('',(1.,0.,2.22044604925E-16));
#4766 = DIRECTION('',(2.22044604925E-16,0.,-1.));
#4767 = PCURVE('',#2349,#4768);
#4768 = DEFINITIONAL_REPRESENTATION('',(#4769),#4777);
#4769 = ( BOUNDED_CURVE() B_SPLINE_CURVE(2,(#4770,#4771,#4772,#4773,
#4774,#4775,#4776),.UNSPECIFIED.,.T.,.F.) B_SPLINE_CURVE_WITH_KNOTS((1,2
    ,2,2,2,1),(-2.094395102393,0.,2.094395102393,4.188790204786,
6.28318530718,8.377580409573),.UNSPECIFIED.) CURVE() 
GEOMETRIC_REPRESENTATION_ITEM() RATIONAL_B_SPLINE_CURVE((1.,0.5,1.,0.5,
1.,0.5,1.)) REPRESENTATION_ITEM('') );
#4770 = CARTESIAN_POINT('',(1.75,-6.3));
#4771 = CARTESIAN_POINT('',(5.560511776652,-6.3));
#4772 = CARTESIAN_POINT('',(3.655255888326,-9.6));
#4773 = CARTESIAN_POINT('',(1.75,-12.9));
#4774 = CARTESIAN_POINT('',(-0.155255888326,-9.6));
#4775 = CARTESIAN_POINT('',(-2.060511776652,-6.3));
#4776 = CARTESIAN_POINT('',(1.75,-6.3));
#4777 = ( GEOMETRIC_REPRESENTATION_CONTEXT(2) 
PARAMETRIC_REPRESENTATION_CONTEXT() REPRESENTATION_CONTEXT('2D SPACE',''
  ) );
#4778 = PCURVE('',#4677,#4779);
#4779 = DEFINITIONAL_REPRESENTATION('',(#4780),#4784);
#4780 = LINE('',#4781,#4782);
#4781 = CARTESIAN_POINT('',(0.,6.));
#4782 = VECTOR('',#4783,1.);
#4783 = DIRECTION('',(1.,0.));
#4784 = ( GEOMETRIC_REPRESENTATION_CONTEXT(2) 
PARAMETRIC_REPRESENTATION_CONTEXT() REPRESENTATION_CONTEXT('2D SPACE',''
  ) );
#4785 = ORIENTED_EDGE('',*,*,#4604,.T.);
#4786 = ORIENTED_EDGE('',*,*,#2581,.T.);
#4787 = ORIENTED_EDGE('',*,*,#2331,.F.);
#4788 = FACE_BOUND('',#4789,.F.);
#4789 = EDGE_LOOP('',(#4790));
#4790 = ORIENTED_EDGE('',*,*,#4791,.T.);
#4791 = EDGE_CURVE('',#4792,#4792,#4794,.T.);
#4792 = VERTEX_POINT('',#4793);
#4793 = CARTESIAN_POINT('',(20.75,-3.,4.3));
#4794 = SURFACE_CURVE('',#4795,(#4800,#4811),.PCURVE_S1.);
#4795 = CIRCLE('',#4796,2.2);
#4796 = AXIS2_PLACEMENT_3D('',#4797,#4798,#4799);
#4797 = CARTESIAN_POINT('',(20.75,-3.,6.5));
#4798 = DIRECTION('',(1.,0.,2.22044604925E-16));
#4799 = DIRECTION('',(2.22044604925E-16,0.,-1.));
#4800 = PCURVE('',#2349,#4801);
#4801 = DEFINITIONAL_REPRESENTATION('',(#4802),#4810);
#4802 = ( BOUNDED_CURVE() B_SPLINE_CURVE(2,(#4803,#4804,#4805,#4806,
#4807,#4808,#4809),.UNSPECIFIED.,.T.,.F.) B_SPLINE_CURVE_WITH_KNOTS((1,2
    ,2,2,2,1),(-2.094395102393,0.,2.094395102393,4.188790204786,
6.28318530718,8.377580409573),.UNSPECIFIED.) CURVE() 
GEOMETRIC_REPRESENTATION_ITEM() RATIONAL_B_SPLINE_CURVE((1.,0.5,1.,0.5,
1.,0.5,1.)) REPRESENTATION_ITEM('') );
#4803 = CARTESIAN_POINT('',(12.75,-6.3));
#4804 = CARTESIAN_POINT('',(16.560511776652,-6.3));
#4805 = CARTESIAN_POINT('',(14.655255888326,-9.6));
#4806 = CARTESIAN_POINT('',(12.75,-12.9));
#4807 = CARTESIAN_POINT('',(10.844744111674,-9.6));
#4808 = CARTESIAN_POINT('',(8.939488223348,-6.3));
#4809 = CARTESIAN_POINT('',(12.75,-6.3));
#4810 = ( GEOMETRIC_REPRESENTATION_CONTEXT(2) 
PARAMETRIC_REPRESENTATION_CONTEXT() REPRESENTATION_CONTEXT('2D SPACE',''
  ) );
#4811 = PCURVE('',#4812,#4817);
#4812 = CYLINDRICAL_SURFACE('',#4813,2.2);
#4813 = AXIS2_PLACEMENT_3D('',#4814,#4815,#4816);
#4814 = CARTESIAN_POINT('',(14.75,-3.,6.5));
#4815 = DIRECTION('',(1.,0.,2.22044604925E-16));
#4816 = DIRECTION('',(2.22044604925E-16,0.,-1.));
#4817 = DEFINITIONAL_REPRESENTATION('',(#4818),#4822);
#4818 = LINE('',#4819,#4820);
#4819 = CARTESIAN_POINT('',(0.,6.));
#4820 = VECTOR('',#4821,1.);
#4821 = DIRECTION('',(1.,0.));
#4822 = ( GEOMETRIC_REPRESENTATION_CONTEXT(2) 
PARAMETRIC_REPRESENTATION_CONTEXT() REPRESENTATION_CONTEXT('2D SPACE',''
  ) );
#4823 = FACE_BOUND('',#4824,.F.);
#4824 = EDGE_LOOP('',(#4825,#4853,#4879,#4905));
#4825 = ORIENTED_EDGE('',*,*,#4826,.F.);
#4826 = EDGE_CURVE('',#4827,#4829,#4831,.T.);
#4827 = VERTEX_POINT('',#4828);
#4828 = CARTESIAN_POINT('',(20.75,4.4,8.1));
#4829 = VERTEX_POINT('',#4830);
#4830 = CARTESIAN_POINT('',(20.75,16.6,8.1));
#4831 = SURFACE_CURVE('',#4832,(#4836,#4842),.PCURVE_S1.);
#4832 = LINE('',#4833,#4834);
#4833 = CARTESIAN_POINT('',(20.75,-5.675,8.1));
#4834 = VECTOR('',#4835,1.);
#4835 = DIRECTION('',(0.,1.,-0.));
#4836 = PCURVE('',#2349,#4837);
#4837 = DEFINITIONAL_REPRESENTATION('',(#4838),#4841);
#4838 = B_SPLINE_CURVE_WITH_KNOTS('',1,(#4839,#4840),.UNSPECIFIED.,.F.,
  .F.,(2,2),(10.075,22.275),.PIECEWISE_BEZIER_KNOTS.);
#4839 = CARTESIAN_POINT('',(20.15,-10.1));
#4840 = CARTESIAN_POINT('',(32.35,-10.1));
#4841 = ( GEOMETRIC_REPRESENTATION_CONTEXT(2) 
PARAMETRIC_REPRESENTATION_CONTEXT() REPRESENTATION_CONTEXT('2D SPACE',''
  ) );
#4842 = PCURVE('',#4843,#4848);
#4843 = PLANE('',#4844);
#4844 = AXIS2_PLACEMENT_3D('',#4845,#4846,#4847);
#4845 = CARTESIAN_POINT('',(17.55,4.4,8.1));
#4846 = DIRECTION('',(0.,0.,1.));
#4847 = DIRECTION('',(1.,0.,-0.));
#4848 = DEFINITIONAL_REPRESENTATION('',(#4849),#4852);
#4849 = B_SPLINE_CURVE_WITH_KNOTS('',1,(#4850,#4851),.UNSPECIFIED.,.F.,
  .F.,(2,2),(10.075,22.275),.PIECEWISE_BEZIER_KNOTS.);
#4850 = CARTESIAN_POINT('',(3.2,0.));
#4851 = CARTESIAN_POINT('',(3.2,12.2));
#4852 = ( GEOMETRIC_REPRESENTATION_CONTEXT(2) 
PARAMETRIC_REPRESENTATION_CONTEXT() REPRESENTATION_CONTEXT('2D SPACE',''
  ) );
#4853 = ORIENTED_EDGE('',*,*,#4854,.T.);
#4854 = EDGE_CURVE('',#4827,#4855,#4857,.T.);
#4855 = VERTEX_POINT('',#4856);
#4856 = CARTESIAN_POINT('',(20.75,4.4,5.3));
#4857 = SURFACE_CURVE('',#4858,(#4862,#4868),.PCURVE_S1.);
#4858 = LINE('',#4859,#4860);
#4859 = CARTESIAN_POINT('',(20.75,4.4,1.65));
#4860 = VECTOR('',#4861,1.);
#4861 = DIRECTION('',(0.,0.,-1.));
#4862 = PCURVE('',#2349,#4863);
#4863 = DEFINITIONAL_REPRESENTATION('',(#4864),#4867);
#4864 = B_SPLINE_CURVE_WITH_KNOTS('',1,(#4865,#4866),.UNSPECIFIED.,.F.,
  .F.,(2,2),(-6.45,-3.65),.PIECEWISE_BEZIER_KNOTS.);
#4865 = CARTESIAN_POINT('',(20.15,-10.1));
#4866 = CARTESIAN_POINT('',(20.15,-7.3));
#4867 = ( GEOMETRIC_REPRESENTATION_CONTEXT(2) 
PARAMETRIC_REPRESENTATION_CONTEXT() REPRESENTATION_CONTEXT('2D SPACE',''
  ) );
#4868 = PCURVE('',#4869,#4874);
#4869 = PLANE('',#4870);
#4870 = AXIS2_PLACEMENT_3D('',#4871,#4872,#4873);
#4871 = CARTESIAN_POINT('',(17.55,4.4,5.3));
#4872 = DIRECTION('',(-0.,1.,0.));
#4873 = DIRECTION('',(0.,0.,1.));
#4874 = DEFINITIONAL_REPRESENTATION('',(#4875),#4878);
#4875 = B_SPLINE_CURVE_WITH_KNOTS('',1,(#4876,#4877),.UNSPECIFIED.,.F.,
  .F.,(2,2),(-6.45,-3.65),.PIECEWISE_BEZIER_KNOTS.);
#4876 = CARTESIAN_POINT('',(2.8,3.2));
#4877 = CARTESIAN_POINT('',(0.,3.2));
#4878 = ( GEOMETRIC_REPRESENTATION_CONTEXT(2) 
PARAMETRIC_REPRESENTATION_CONTEXT() REPRESENTATION_CONTEXT('2D SPACE',''
  ) );
#4879 = ORIENTED_EDGE('',*,*,#4880,.T.);
#4880 = EDGE_CURVE('',#4855,#4881,#4883,.T.);
#4881 = VERTEX_POINT('',#4882);
#4882 = CARTESIAN_POINT('',(20.75,16.6,5.3));
#4883 = SURFACE_CURVE('',#4884,(#4888,#4894),.PCURVE_S1.);
#4884 = LINE('',#4885,#4886);
#4885 = CARTESIAN_POINT('',(20.75,-5.675,5.3));
#4886 = VECTOR('',#4887,1.);
#4887 = DIRECTION('',(0.,1.,-0.));
#4888 = PCURVE('',#2349,#4889);
#4889 = DEFINITIONAL_REPRESENTATION('',(#4890),#4893);
#4890 = B_SPLINE_CURVE_WITH_KNOTS('',1,(#4891,#4892),.UNSPECIFIED.,.F.,
  .F.,(2,2),(10.075,22.275),.PIECEWISE_BEZIER_KNOTS.);
#4891 = CARTESIAN_POINT('',(20.15,-7.3));
#4892 = CARTESIAN_POINT('',(32.35,-7.3));
#4893 = ( GEOMETRIC_REPRESENTATION_CONTEXT(2) 
PARAMETRIC_REPRESENTATION_CONTEXT() REPRESENTATION_CONTEXT('2D SPACE',''
  ) );
#4894 = PCURVE('',#4895,#4900);
#4895 = PLANE('',#4896);
#4896 = AXIS2_PLACEMENT_3D('',#4897,#4898,#4899);
#4897 = CARTESIAN_POINT('',(17.55,4.4,5.3));
#4898 = DIRECTION('',(0.,0.,1.));
#4899 = DIRECTION('',(1.,0.,-0.));
#4900 = DEFINITIONAL_REPRESENTATION('',(#4901),#4904);
#4901 = B_SPLINE_CURVE_WITH_KNOTS('',1,(#4902,#4903),.UNSPECIFIED.,.F.,
  .F.,(2,2),(10.075,22.275),.PIECEWISE_BEZIER_KNOTS.);
#4902 = CARTESIAN_POINT('',(3.2,0.));
#4903 = CARTESIAN_POINT('',(3.2,12.2));
#4904 = ( GEOMETRIC_REPRESENTATION_CONTEXT(2) 
PARAMETRIC_REPRESENTATION_CONTEXT() REPRESENTATION_CONTEXT('2D SPACE',''
  ) );
#4905 = ORIENTED_EDGE('',*,*,#4906,.F.);
#4906 = EDGE_CURVE('',#4829,#4881,#4907,.T.);
#4907 = SURFACE_CURVE('',#4908,(#4912,#4918),.PCURVE_S1.);
#4908 = LINE('',#4909,#4910);
#4909 = CARTESIAN_POINT('',(20.75,16.6,1.65));
#4910 = VECTOR('',#4911,1.);
#4911 = DIRECTION('',(0.,0.,-1.));
#4912 = PCURVE('',#2349,#4913);
#4913 = DEFINITIONAL_REPRESENTATION('',(#4914),#4917);
#4914 = B_SPLINE_CURVE_WITH_KNOTS('',1,(#4915,#4916),.UNSPECIFIED.,.F.,
  .F.,(2,2),(-6.45,-3.65),.PIECEWISE_BEZIER_KNOTS.);
#4915 = CARTESIAN_POINT('',(32.35,-10.1));
#4916 = CARTESIAN_POINT('',(32.35,-7.3));
#4917 = ( GEOMETRIC_REPRESENTATION_CONTEXT(2) 
PARAMETRIC_REPRESENTATION_CONTEXT() REPRESENTATION_CONTEXT('2D SPACE',''
  ) );
#4918 = PCURVE('',#4919,#4924);
#4919 = PLANE('',#4920);
#4920 = AXIS2_PLACEMENT_3D('',#4921,#4922,#4923);
#4921 = CARTESIAN_POINT('',(17.55,16.6,5.3));
#4922 = DIRECTION('',(-0.,1.,0.));
#4923 = DIRECTION('',(0.,0.,1.));
#4924 = DEFINITIONAL_REPRESENTATION('',(#4925),#4928);
#4925 = B_SPLINE_CURVE_WITH_KNOTS('',1,(#4926,#4927),.UNSPECIFIED.,.F.,
  .F.,(2,2),(-6.45,-3.65),.PIECEWISE_BEZIER_KNOTS.);
#4926 = CARTESIAN_POINT('',(2.8,3.2));
#4927 = CARTESIAN_POINT('',(0.,3.2));
#4928 = ( GEOMETRIC_REPRESENTATION_CONTEXT(2) 
PARAMETRIC_REPRESENTATION_CONTEXT() REPRESENTATION_CONTEXT('2D SPACE',''
  ) );
#4929 = ADVANCED_FACE('',(#4930),#2630,.F.);
#4930 = FACE_BOUND('',#4931,.T.);
#4931 = EDGE_LOOP('',(#4932,#4958,#4977,#4978));
#4932 = ORIENTED_EDGE('',*,*,#4933,.F.);
#4933 = EDGE_CURVE('',#4934,#4936,#4938,.T.);
#4934 = VERTEX_POINT('',#4935);
#4935 = CARTESIAN_POINT('',(-17.31042761152,-19.,0.));
#4936 = VERTEX_POINT('',#4937);
#4937 = CARTESIAN_POINT('',(-16.,-20.31042761152,0.));
#4938 = SURFACE_CURVE('',#4939,(#4944,#4951),.PCURVE_S1.);
#4939 = CIRCLE('',#4940,5.6);
#4940 = AXIS2_PLACEMENT_3D('',#4941,#4942,#4943);
#4941 = CARTESIAN_POINT('',(-12.75,-15.75,0.));
#4942 = DIRECTION('',(0.,0.,1.));
#4943 = DIRECTION('',(1.,0.,0.));
#4944 = PCURVE('',#2630,#4945);
#4945 = DEFINITIONAL_REPRESENTATION('',(#4946),#4950);
#4946 = LINE('',#4947,#4948);
#4947 = CARTESIAN_POINT('',(-0.,0.));
#4948 = VECTOR('',#4949,1.);
#4949 = DIRECTION('',(-1.,0.));
#4950 = ( GEOMETRIC_REPRESENTATION_CONTEXT(2) 
PARAMETRIC_REPRESENTATION_CONTEXT() REPRESENTATION_CONTEXT('2D SPACE',''
  ) );
#4951 = PCURVE('',#4505,#4952);
#4952 = DEFINITIONAL_REPRESENTATION('',(#4953),#4957);
#4953 = CIRCLE('',#4954,5.6);
#4954 = AXIS2_PLACEMENT_2D('',#4955,#4956);
#4955 = CARTESIAN_POINT('',(-12.74999999968,-18.45));
#4956 = DIRECTION('',(1.,0.));
#4957 = ( GEOMETRIC_REPRESENTATION_CONTEXT(2) 
PARAMETRIC_REPRESENTATION_CONTEXT() REPRESENTATION_CONTEXT('2D SPACE',''
  ) );
#4958 = ORIENTED_EDGE('',*,*,#4959,.F.);
#4959 = EDGE_CURVE('',#2612,#4934,#4960,.T.);
#4960 = SURFACE_CURVE('',#4961,(#4965,#4971),.PCURVE_S1.);
#4961 = LINE('',#4962,#4963);
#4962 = CARTESIAN_POINT('',(-17.31042761152,-19.,0.));
#4963 = VECTOR('',#4964,1.);
#4964 = DIRECTION('',(-0.,-0.,-1.));
#4965 = PCURVE('',#2630,#4966);
#4966 = DEFINITIONAL_REPRESENTATION('',(#4967),#4970);
#4967 = B_SPLINE_CURVE_WITH_KNOTS('',1,(#4968,#4969),.UNSPECIFIED.,.F.,
  .F.,(2,2),(-13.5500024,2.4E-06),.PIECEWISE_BEZIER_KNOTS.);
#4968 = CARTESIAN_POINT('',(-3.760759831131,-13.5500024));
#4969 = CARTESIAN_POINT('',(-3.760759831131,2.4E-06));
#4970 = ( GEOMETRIC_REPRESENTATION_CONTEXT(2) 
PARAMETRIC_REPRESENTATION_CONTEXT() REPRESENTATION_CONTEXT('2D SPACE',''
  ) );
#4971 = PCURVE('',#2658,#4972);
#4972 = DEFINITIONAL_REPRESENTATION('',(#4973),#4976);
#4973 = B_SPLINE_CURVE_WITH_KNOTS('',1,(#4974,#4975),.UNSPECIFIED.,.F.,
  .F.,(2,2),(-13.5500024,2.4E-06),.PIECEWISE_BEZIER_KNOTS.);
#4974 = CARTESIAN_POINT('',(13.5500024,1.039572388471));
#4975 = CARTESIAN_POINT('',(-2.4E-06,1.039572388471));
#4976 = ( GEOMETRIC_REPRESENTATION_CONTEXT(2) 
PARAMETRIC_REPRESENTATION_CONTEXT() REPRESENTATION_CONTEXT('2D SPACE',''
  ) );
#4977 = ORIENTED_EDGE('',*,*,#2611,.T.);
#4978 = ORIENTED_EDGE('',*,*,#4979,.T.);
#4979 = EDGE_CURVE('',#2614,#4936,#4980,.T.);
#4980 = SURFACE_CURVE('',#4981,(#4985,#4991),.PCURVE_S1.);
#4981 = LINE('',#4982,#4983);
#4982 = CARTESIAN_POINT('',(-16.,-20.31042761152,0.));
#4983 = VECTOR('',#4984,1.);
#4984 = DIRECTION('',(-0.,-0.,-1.));
#4985 = PCURVE('',#2630,#4986);
#4986 = DEFINITIONAL_REPRESENTATION('',(#4987),#4990);
#4987 = B_SPLINE_CURVE_WITH_KNOTS('',1,(#4988,#4989),.UNSPECIFIED.,.F.,
  .F.,(2,2),(-13.5500024,2.4E-06),.PIECEWISE_BEZIER_KNOTS.);
#4988 = CARTESIAN_POINT('',(-4.093221802844,-13.5500024));
#4989 = CARTESIAN_POINT('',(-4.093221802844,2.4E-06));
#4990 = ( GEOMETRIC_REPRESENTATION_CONTEXT(2) 
PARAMETRIC_REPRESENTATION_CONTEXT() REPRESENTATION_CONTEXT('2D SPACE',''
  ) );
#4991 = PCURVE('',#3186,#4992);
#4992 = DEFINITIONAL_REPRESENTATION('',(#4993),#4996);
#4993 = B_SPLINE_CURVE_WITH_KNOTS('',1,(#4994,#4995),.UNSPECIFIED.,.F.,
  .F.,(2,2),(-13.5500024,2.4E-06),.PIECEWISE_BEZIER_KNOTS.);
#4994 = CARTESIAN_POINT('',(7.7500024,0.560427611529));
#4995 = CARTESIAN_POINT('',(-5.8000024,0.560427611529));
#4996 = ( GEOMETRIC_REPRESENTATION_CONTEXT(2) 
PARAMETRIC_REPRESENTATION_CONTEXT() REPRESENTATION_CONTEXT('2D SPACE',''
  ) );
#4997 = ADVANCED_FACE('',(#4998),#2658,.F.);
#4998 = FACE_BOUND('',#4999,.F.);
#4999 = EDGE_LOOP('',(#5000,#5030,#5051,#5052,#5053,#5076,#5104,#5127));
#5000 = ORIENTED_EDGE('',*,*,#5001,.F.);
#5001 = EDGE_CURVE('',#5002,#5004,#5006,.T.);
#5002 = VERTEX_POINT('',#5003);
#5003 = CARTESIAN_POINT('',(-16.5,-19.,0.));
#5004 = VERTEX_POINT('',#5005);
#5005 = CARTESIAN_POINT('',(-16.5,-19.,5.8));
#5006 = SURFACE_CURVE('',#5007,(#5011,#5018),.PCURVE_S1.);
#5007 = LINE('',#5008,#5009);
#5008 = CARTESIAN_POINT('',(-16.5,-19.,0.));
#5009 = VECTOR('',#5010,1.);
#5010 = DIRECTION('',(0.,0.,1.));
#5011 = PCURVE('',#2658,#5012);
#5012 = DEFINITIONAL_REPRESENTATION('',(#5013),#5017);
#5013 = LINE('',#5014,#5015);
#5014 = CARTESIAN_POINT('',(0.,1.85));
#5015 = VECTOR('',#5016,1.);
#5016 = DIRECTION('',(1.,0.));
#5017 = ( GEOMETRIC_REPRESENTATION_CONTEXT(2) 
PARAMETRIC_REPRESENTATION_CONTEXT() REPRESENTATION_CONTEXT('2D SPACE',''
  ) );
#5018 = PCURVE('',#5019,#5024);
#5019 = PLANE('',#5020);
#5020 = AXIS2_PLACEMENT_3D('',#5021,#5022,#5023);
#5021 = CARTESIAN_POINT('',(-16.5,-19.,0.));
#5022 = DIRECTION('',(1.,0.,-0.));
#5023 = DIRECTION('',(0.,0.,1.));
#5024 = DEFINITIONAL_REPRESENTATION('',(#5025),#5029);
#5025 = LINE('',#5026,#5027);
#5026 = CARTESIAN_POINT('',(0.,0.));
#5027 = VECTOR('',#5028,1.);
#5028 = DIRECTION('',(1.,0.));
#5029 = ( GEOMETRIC_REPRESENTATION_CONTEXT(2) 
PARAMETRIC_REPRESENTATION_CONTEXT() REPRESENTATION_CONTEXT('2D SPACE',''
  ) );
#5030 = ORIENTED_EDGE('',*,*,#5031,.F.);
#5031 = EDGE_CURVE('',#4934,#5002,#5032,.T.);
#5032 = SURFACE_CURVE('',#5033,(#5037,#5044),.PCURVE_S1.);
#5033 = LINE('',#5034,#5035);
#5034 = CARTESIAN_POINT('',(-18.35,-19.,0.));
#5035 = VECTOR('',#5036,1.);
#5036 = DIRECTION('',(1.,0.,-0.));
#5037 = PCURVE('',#2658,#5038);
#5038 = DEFINITIONAL_REPRESENTATION('',(#5039),#5043);
#5039 = LINE('',#5040,#5041);
#5040 = CARTESIAN_POINT('',(0.,0.));
#5041 = VECTOR('',#5042,1.);
#5042 = DIRECTION('',(0.,1.));
#5043 = ( GEOMETRIC_REPRESENTATION_CONTEXT(2) 
PARAMETRIC_REPRESENTATION_CONTEXT() REPRESENTATION_CONTEXT('2D SPACE',''
  ) );
#5044 = PCURVE('',#4505,#5045);
#5045 = DEFINITIONAL_REPRESENTATION('',(#5046),#5050);
#5046 = LINE('',#5047,#5048);
#5047 = CARTESIAN_POINT('',(-18.34999999968,-21.7));
#5048 = VECTOR('',#5049,1.);
#5049 = DIRECTION('',(1.,0.));
#5050 = ( GEOMETRIC_REPRESENTATION_CONTEXT(2) 
PARAMETRIC_REPRESENTATION_CONTEXT() REPRESENTATION_CONTEXT('2D SPACE',''
  ) );
#5051 = ORIENTED_EDGE('',*,*,#4959,.F.);
#5052 = ORIENTED_EDGE('',*,*,#2642,.T.);
#5053 = ORIENTED_EDGE('',*,*,#5054,.F.);
#5054 = EDGE_CURVE('',#5055,#2643,#5057,.T.);
#5055 = VERTEX_POINT('',#5056);
#5056 = CARTESIAN_POINT('',(-16.75,-19.,7.5));
#5057 = SURFACE_CURVE('',#5058,(#5062,#5069),.PCURVE_S1.);
#5058 = LINE('',#5059,#5060);
#5059 = CARTESIAN_POINT('',(-16.75,-19.,7.5));
#5060 = VECTOR('',#5061,1.);
#5061 = DIRECTION('',(0.,0.,1.));
#5062 = PCURVE('',#2658,#5063);
#5063 = DEFINITIONAL_REPRESENTATION('',(#5064),#5068);
#5064 = LINE('',#5065,#5066);
#5065 = CARTESIAN_POINT('',(7.5,1.6));
#5066 = VECTOR('',#5067,1.);
#5067 = DIRECTION('',(1.,0.));
#5068 = ( GEOMETRIC_REPRESENTATION_CONTEXT(2) 
PARAMETRIC_REPRESENTATION_CONTEXT() REPRESENTATION_CONTEXT('2D SPACE',''
  ) );
#5069 = PCURVE('',#2686,#5070);
#5070 = DEFINITIONAL_REPRESENTATION('',(#5071),#5075);
#5071 = LINE('',#5072,#5073);
#5072 = CARTESIAN_POINT('',(0.,0.));
#5073 = VECTOR('',#5074,1.);
#5074 = DIRECTION('',(1.,0.));
#5075 = ( GEOMETRIC_REPRESENTATION_CONTEXT(2) 
PARAMETRIC_REPRESENTATION_CONTEXT() REPRESENTATION_CONTEXT('2D SPACE',''
  ) );
#5076 = ORIENTED_EDGE('',*,*,#5077,.F.);
#5077 = EDGE_CURVE('',#5078,#5055,#5080,.T.);
#5078 = VERTEX_POINT('',#5079);
#5079 = CARTESIAN_POINT('',(-16.,-19.,7.5));
#5080 = SURFACE_CURVE('',#5081,(#5085,#5092),.PCURVE_S1.);
#5081 = LINE('',#5082,#5083);
#5082 = CARTESIAN_POINT('',(-13.5,-19.,7.5));
#5083 = VECTOR('',#5084,1.);
#5084 = DIRECTION('',(-1.,0.,-1.831295710722E-16));
#5085 = PCURVE('',#2658,#5086);
#5086 = DEFINITIONAL_REPRESENTATION('',(#5087),#5091);
#5087 = LINE('',#5088,#5089);
#5088 = CARTESIAN_POINT('',(7.5,4.85));
#5089 = VECTOR('',#5090,1.);
#5090 = DIRECTION('',(-1.831295710722E-16,-1.));
#5091 = ( GEOMETRIC_REPRESENTATION_CONTEXT(2) 
PARAMETRIC_REPRESENTATION_CONTEXT() REPRESENTATION_CONTEXT('2D SPACE',''
  ) );
#5092 = PCURVE('',#5093,#5098);
#5093 = PLANE('',#5094);
#5094 = AXIS2_PLACEMENT_3D('',#5095,#5096,#5097);
#5095 = CARTESIAN_POINT('',(-18.35,-19.,7.5));
#5096 = DIRECTION('',(0.,0.,1.));
#5097 = DIRECTION('',(1.,0.,-0.));
#5098 = DEFINITIONAL_REPRESENTATION('',(#5099),#5103);
#5099 = LINE('',#5100,#5101);
#5100 = CARTESIAN_POINT('',(4.85,0.));
#5101 = VECTOR('',#5102,1.);
#5102 = DIRECTION('',(-1.,0.));
#5103 = ( GEOMETRIC_REPRESENTATION_CONTEXT(2) 
PARAMETRIC_REPRESENTATION_CONTEXT() REPRESENTATION_CONTEXT('2D SPACE',''
  ) );
#5104 = ORIENTED_EDGE('',*,*,#5105,.T.);
#5105 = EDGE_CURVE('',#5078,#5106,#5108,.T.);
#5106 = VERTEX_POINT('',#5107);
#5107 = CARTESIAN_POINT('',(-16.,-19.,5.8));
#5108 = SURFACE_CURVE('',#5109,(#5113,#5120),.PCURVE_S1.);
#5109 = LINE('',#5110,#5111);
#5110 = CARTESIAN_POINT('',(-16.,-19.,2.9));
#5111 = VECTOR('',#5112,1.);
#5112 = DIRECTION('',(-0.,0.,-1.));
#5113 = PCURVE('',#2658,#5114);
#5114 = DEFINITIONAL_REPRESENTATION('',(#5115),#5119);
#5115 = LINE('',#5116,#5117);
#5116 = CARTESIAN_POINT('',(2.9,2.35));
#5117 = VECTOR('',#5118,1.);
#5118 = DIRECTION('',(-1.,0.));
#5119 = ( GEOMETRIC_REPRESENTATION_CONTEXT(2) 
PARAMETRIC_REPRESENTATION_CONTEXT() REPRESENTATION_CONTEXT('2D SPACE',''
  ) );
#5120 = PCURVE('',#3186,#5121);
#5121 = DEFINITIONAL_REPRESENTATION('',(#5122),#5126);
#5122 = LINE('',#5123,#5124);
#5123 = CARTESIAN_POINT('',(-2.9,-0.75));
#5124 = VECTOR('',#5125,1.);
#5125 = DIRECTION('',(-1.,-0.));
#5126 = ( GEOMETRIC_REPRESENTATION_CONTEXT(2) 
PARAMETRIC_REPRESENTATION_CONTEXT() REPRESENTATION_CONTEXT('2D SPACE',''
  ) );
#5127 = ORIENTED_EDGE('',*,*,#5128,.F.);
#5128 = EDGE_CURVE('',#5004,#5106,#5129,.T.);
#5129 = SURFACE_CURVE('',#5130,(#5134,#5141),.PCURVE_S1.);
#5130 = LINE('',#5131,#5132);
#5131 = CARTESIAN_POINT('',(-16.5,-19.,5.8));
#5132 = VECTOR('',#5133,1.);
#5133 = DIRECTION('',(1.,0.,-0.));
#5134 = PCURVE('',#2658,#5135);
#5135 = DEFINITIONAL_REPRESENTATION('',(#5136),#5140);
#5136 = LINE('',#5137,#5138);
#5137 = CARTESIAN_POINT('',(5.8,1.85));
#5138 = VECTOR('',#5139,1.);
#5139 = DIRECTION('',(0.,1.));
#5140 = ( GEOMETRIC_REPRESENTATION_CONTEXT(2) 
PARAMETRIC_REPRESENTATION_CONTEXT() REPRESENTATION_CONTEXT('2D SPACE',''
  ) );
#5141 = PCURVE('',#5142,#5147);
#5142 = PLANE('',#5143);
#5143 = AXIS2_PLACEMENT_3D('',#5144,#5145,#5146);
#5144 = CARTESIAN_POINT('',(-16.5,-19.,5.8));
#5145 = DIRECTION('',(0.,0.,1.));
#5146 = DIRECTION('',(1.,0.,-0.));
#5147 = DEFINITIONAL_REPRESENTATION('',(#5148),#5152);
#5148 = LINE('',#5149,#5150);
#5149 = CARTESIAN_POINT('',(0.,0.));
#5150 = VECTOR('',#5151,1.);
#5151 = DIRECTION('',(1.,0.));
#5152 = ( GEOMETRIC_REPRESENTATION_CONTEXT(2) 
PARAMETRIC_REPRESENTATION_CONTEXT() REPRESENTATION_CONTEXT('2D SPACE',''
  ) );
#5153 = ADVANCED_FACE('',(#5154),#2686,.T.);
#5154 = FACE_BOUND('',#5155,.T.);
#5155 = EDGE_LOOP('',(#5156,#5157,#5180,#5201));
#5156 = ORIENTED_EDGE('',*,*,#5054,.F.);
#5157 = ORIENTED_EDGE('',*,*,#5158,.T.);
#5158 = EDGE_CURVE('',#5055,#5159,#5161,.T.);
#5159 = VERTEX_POINT('',#5160);
#5160 = CARTESIAN_POINT('',(-16.75,-8.,7.5));
#5161 = SURFACE_CURVE('',#5162,(#5166,#5173),.PCURVE_S1.);
#5162 = LINE('',#5163,#5164);
#5163 = CARTESIAN_POINT('',(-16.75,-19.,7.5));
#5164 = VECTOR('',#5165,1.);
#5165 = DIRECTION('',(-0.,1.,0.));
#5166 = PCURVE('',#2686,#5167);
#5167 = DEFINITIONAL_REPRESENTATION('',(#5168),#5172);
#5168 = LINE('',#5169,#5170);
#5169 = CARTESIAN_POINT('',(0.,0.));
#5170 = VECTOR('',#5171,1.);
#5171 = DIRECTION('',(0.,-1.));
#5172 = ( GEOMETRIC_REPRESENTATION_CONTEXT(2) 
PARAMETRIC_REPRESENTATION_CONTEXT() REPRESENTATION_CONTEXT('2D SPACE',''
  ) );
#5173 = PCURVE('',#5093,#5174);
#5174 = DEFINITIONAL_REPRESENTATION('',(#5175),#5179);
#5175 = LINE('',#5176,#5177);
#5176 = CARTESIAN_POINT('',(1.6,0.));
#5177 = VECTOR('',#5178,1.);
#5178 = DIRECTION('',(0.,1.));
#5179 = ( GEOMETRIC_REPRESENTATION_CONTEXT(2) 
PARAMETRIC_REPRESENTATION_CONTEXT() REPRESENTATION_CONTEXT('2D SPACE',''
  ) );
#5180 = ORIENTED_EDGE('',*,*,#5181,.T.);
#5181 = EDGE_CURVE('',#5159,#2671,#5182,.T.);
#5182 = SURFACE_CURVE('',#5183,(#5187,#5194),.PCURVE_S1.);
#5183 = LINE('',#5184,#5185);
#5184 = CARTESIAN_POINT('',(-16.75,-8.,7.5));
#5185 = VECTOR('',#5186,1.);
#5186 = DIRECTION('',(0.,0.,1.));
#5187 = PCURVE('',#2686,#5188);
#5188 = DEFINITIONAL_REPRESENTATION('',(#5189),#5193);
#5189 = LINE('',#5190,#5191);
#5190 = CARTESIAN_POINT('',(0.,-11.));
#5191 = VECTOR('',#5192,1.);
#5192 = DIRECTION('',(1.,0.));
#5193 = ( GEOMETRIC_REPRESENTATION_CONTEXT(2) 
PARAMETRIC_REPRESENTATION_CONTEXT() REPRESENTATION_CONTEXT('2D SPACE',''
  ) );
#5194 = PCURVE('',#2714,#5195);
#5195 = DEFINITIONAL_REPRESENTATION('',(#5196),#5200);
#5196 = LINE('',#5197,#5198);
#5197 = CARTESIAN_POINT('',(7.5,1.6));
#5198 = VECTOR('',#5199,1.);
#5199 = DIRECTION('',(1.,0.));
#5200 = ( GEOMETRIC_REPRESENTATION_CONTEXT(2) 
PARAMETRIC_REPRESENTATION_CONTEXT() REPRESENTATION_CONTEXT('2D SPACE',''
  ) );
#5201 = ORIENTED_EDGE('',*,*,#2670,.F.);
#5202 = ADVANCED_FACE('',(#5203),#2714,.T.);
#5203 = FACE_BOUND('',#5204,.T.);
#5204 = EDGE_LOOP('',(#5205,#5230,#5251,#5252,#5253,#5276,#5304,#5331,
    #5354));
#5205 = ORIENTED_EDGE('',*,*,#5206,.F.);
#5206 = EDGE_CURVE('',#5207,#5209,#5211,.T.);
#5207 = VERTEX_POINT('',#5208);
#5208 = CARTESIAN_POINT('',(-18.35,-8.,0.));
#5209 = VERTEX_POINT('',#5210);
#5210 = CARTESIAN_POINT('',(-16.5,-8.,0.));
#5211 = SURFACE_CURVE('',#5212,(#5216,#5223),.PCURVE_S1.);
#5212 = LINE('',#5213,#5214);
#5213 = CARTESIAN_POINT('',(-18.35,-8.,0.));
#5214 = VECTOR('',#5215,1.);
#5215 = DIRECTION('',(1.,0.,-0.));
#5216 = PCURVE('',#2714,#5217);
#5217 = DEFINITIONAL_REPRESENTATION('',(#5218),#5222);
#5218 = LINE('',#5219,#5220);
#5219 = CARTESIAN_POINT('',(0.,0.));
#5220 = VECTOR('',#5221,1.);
#5221 = DIRECTION('',(0.,1.));
#5222 = ( GEOMETRIC_REPRESENTATION_CONTEXT(2) 
PARAMETRIC_REPRESENTATION_CONTEXT() REPRESENTATION_CONTEXT('2D SPACE',''
  ) );
#5223 = PCURVE('',#4505,#5224);
#5224 = DEFINITIONAL_REPRESENTATION('',(#5225),#5229);
#5225 = LINE('',#5226,#5227);
#5226 = CARTESIAN_POINT('',(-18.34999999968,-10.7));
#5227 = VECTOR('',#5228,1.);
#5228 = DIRECTION('',(1.,0.));
#5229 = ( GEOMETRIC_REPRESENTATION_CONTEXT(2) 
PARAMETRIC_REPRESENTATION_CONTEXT() REPRESENTATION_CONTEXT('2D SPACE',''
  ) );
#5230 = ORIENTED_EDGE('',*,*,#5231,.F.);
#5231 = EDGE_CURVE('',#2699,#5207,#5232,.T.);
#5232 = SURFACE_CURVE('',#5233,(#5237,#5244),.PCURVE_S1.);
#5233 = LINE('',#5234,#5235);
#5234 = CARTESIAN_POINT('',(-18.35,-8.,13.55));
#5235 = VECTOR('',#5236,1.);
#5236 = DIRECTION('',(0.,0.,-1.));
#5237 = PCURVE('',#2714,#5238);
#5238 = DEFINITIONAL_REPRESENTATION('',(#5239),#5243);
#5239 = LINE('',#5240,#5241);
#5240 = CARTESIAN_POINT('',(13.55,0.));
#5241 = VECTOR('',#5242,1.);
#5242 = DIRECTION('',(-1.,0.));
#5243 = ( GEOMETRIC_REPRESENTATION_CONTEXT(2) 
PARAMETRIC_REPRESENTATION_CONTEXT() REPRESENTATION_CONTEXT('2D SPACE',''
  ) );
#5244 = PCURVE('',#2742,#5245);
#5245 = DEFINITIONAL_REPRESENTATION('',(#5246),#5250);
#5246 = LINE('',#5247,#5248);
#5247 = CARTESIAN_POINT('',(7.75,-13.55));
#5248 = VECTOR('',#5249,1.);
#5249 = DIRECTION('',(0.,1.));
#5250 = ( GEOMETRIC_REPRESENTATION_CONTEXT(2) 
PARAMETRIC_REPRESENTATION_CONTEXT() REPRESENTATION_CONTEXT('2D SPACE',''
  ) );
#5251 = ORIENTED_EDGE('',*,*,#2698,.T.);
#5252 = ORIENTED_EDGE('',*,*,#5181,.F.);
#5253 = ORIENTED_EDGE('',*,*,#5254,.F.);
#5254 = EDGE_CURVE('',#5255,#5159,#5257,.T.);
#5255 = VERTEX_POINT('',#5256);
#5256 = CARTESIAN_POINT('',(-13.5,-8.,7.5));
#5257 = SURFACE_CURVE('',#5258,(#5262,#5269),.PCURVE_S1.);
#5258 = LINE('',#5259,#5260);
#5259 = CARTESIAN_POINT('',(-13.5,-8.,7.5));
#5260 = VECTOR('',#5261,1.);
#5261 = DIRECTION('',(-1.,0.,-1.831295710722E-16));
#5262 = PCURVE('',#2714,#5263);
#5263 = DEFINITIONAL_REPRESENTATION('',(#5264),#5268);
#5264 = LINE('',#5265,#5266);
#5265 = CARTESIAN_POINT('',(7.5,4.85));
#5266 = VECTOR('',#5267,1.);
#5267 = DIRECTION('',(-1.831295710722E-16,-1.));
#5268 = ( GEOMETRIC_REPRESENTATION_CONTEXT(2) 
PARAMETRIC_REPRESENTATION_CONTEXT() REPRESENTATION_CONTEXT('2D SPACE',''
  ) );
#5269 = PCURVE('',#5093,#5270);
#5270 = DEFINITIONAL_REPRESENTATION('',(#5271),#5275);
#5271 = LINE('',#5272,#5273);
#5272 = CARTESIAN_POINT('',(4.85,11.));
#5273 = VECTOR('',#5274,1.);
#5274 = DIRECTION('',(-1.,0.));
#5275 = ( GEOMETRIC_REPRESENTATION_CONTEXT(2) 
PARAMETRIC_REPRESENTATION_CONTEXT() REPRESENTATION_CONTEXT('2D SPACE',''
  ) );
#5276 = ORIENTED_EDGE('',*,*,#5277,.F.);
#5277 = EDGE_CURVE('',#5278,#5255,#5280,.T.);
#5278 = VERTEX_POINT('',#5279);
#5279 = CARTESIAN_POINT('',(-13.5,-8.,6.9));
#5280 = SURFACE_CURVE('',#5281,(#5285,#5292),.PCURVE_S1.);
#5281 = LINE('',#5282,#5283);
#5282 = CARTESIAN_POINT('',(-13.5,-8.,5.8));
#5283 = VECTOR('',#5284,1.);
#5284 = DIRECTION('',(0.,0.,1.));
#5285 = PCURVE('',#2714,#5286);
#5286 = DEFINITIONAL_REPRESENTATION('',(#5287),#5291);
#5287 = LINE('',#5288,#5289);
#5288 = CARTESIAN_POINT('',(5.8,4.85));
#5289 = VECTOR('',#5290,1.);
#5290 = DIRECTION('',(1.,0.));
#5291 = ( GEOMETRIC_REPRESENTATION_CONTEXT(2) 
PARAMETRIC_REPRESENTATION_CONTEXT() REPRESENTATION_CONTEXT('2D SPACE',''
  ) );
#5292 = PCURVE('',#5293,#5298);
#5293 = PLANE('',#5294);
#5294 = AXIS2_PLACEMENT_3D('',#5295,#5296,#5297);
#5295 = CARTESIAN_POINT('',(-13.5,-19.,5.8));
#5296 = DIRECTION('',(1.,0.,-0.));
#5297 = DIRECTION('',(0.,0.,1.));
#5298 = DEFINITIONAL_REPRESENTATION('',(#5299),#5303);
#5299 = LINE('',#5300,#5301);
#5300 = CARTESIAN_POINT('',(0.,-11.));
#5301 = VECTOR('',#5302,1.);
#5302 = DIRECTION('',(1.,0.));
#5303 = ( GEOMETRIC_REPRESENTATION_CONTEXT(2) 
PARAMETRIC_REPRESENTATION_CONTEXT() REPRESENTATION_CONTEXT('2D SPACE',''
  ) );
#5304 = ORIENTED_EDGE('',*,*,#5305,.F.);
#5305 = EDGE_CURVE('',#5306,#5278,#5308,.T.);
#5306 = VERTEX_POINT('',#5307);
#5307 = CARTESIAN_POINT('',(-14.6,-8.,5.8));
#5308 = SURFACE_CURVE('',#5309,(#5313,#5320),.PCURVE_S1.);
#5309 = LINE('',#5310,#5311);
#5310 = CARTESIAN_POINT('',(-15.075,-8.,5.325));
#5311 = VECTOR('',#5312,1.);
#5312 = DIRECTION('',(0.707106781187,0.,0.707106781187));
#5313 = PCURVE('',#2714,#5314);
#5314 = DEFINITIONAL_REPRESENTATION('',(#5315),#5319);
#5315 = LINE('',#5316,#5317);
#5316 = CARTESIAN_POINT('',(5.325,3.275));
#5317 = VECTOR('',#5318,1.);
#5318 = DIRECTION('',(0.707106781187,0.707106781187));
#5319 = ( GEOMETRIC_REPRESENTATION_CONTEXT(2) 
PARAMETRIC_REPRESENTATION_CONTEXT() REPRESENTATION_CONTEXT('2D SPACE',''
  ) );
#5320 = PCURVE('',#5321,#5326);
#5321 = PLANE('',#5322);
#5322 = AXIS2_PLACEMENT_3D('',#5323,#5324,#5325);
#5323 = CARTESIAN_POINT('',(-14.6,-13.5,5.8));
#5324 = DIRECTION('',(-0.707106781187,0.,0.707106781187));
#5325 = DIRECTION('',(0.707106781187,0.,0.707106781187));
#5326 = DEFINITIONAL_REPRESENTATION('',(#5327),#5330);
#5327 = B_SPLINE_CURVE_WITH_KNOTS('',1,(#5328,#5329),.UNSPECIFIED.,.F.,
  .F.,(2,2),(0.671751442127,2.227386360738),.PIECEWISE_BEZIER_KNOTS.);
#5328 = CARTESIAN_POINT('',(2.22044604925E-16,5.5));
#5329 = CARTESIAN_POINT('',(1.55563491861,5.5));
#5330 = ( GEOMETRIC_REPRESENTATION_CONTEXT(2) 
PARAMETRIC_REPRESENTATION_CONTEXT() REPRESENTATION_CONTEXT('2D SPACE',''
  ) );
#5331 = ORIENTED_EDGE('',*,*,#5332,.F.);
#5332 = EDGE_CURVE('',#5333,#5306,#5335,.T.);
#5333 = VERTEX_POINT('',#5334);
#5334 = CARTESIAN_POINT('',(-16.5,-8.,5.8));
#5335 = SURFACE_CURVE('',#5336,(#5340,#5347),.PCURVE_S1.);
#5336 = LINE('',#5337,#5338);
#5337 = CARTESIAN_POINT('',(-16.5,-8.,5.8));
#5338 = VECTOR('',#5339,1.);
#5339 = DIRECTION('',(1.,0.,-0.));
#5340 = PCURVE('',#2714,#5341);
#5341 = DEFINITIONAL_REPRESENTATION('',(#5342),#5346);
#5342 = LINE('',#5343,#5344);
#5343 = CARTESIAN_POINT('',(5.8,1.85));
#5344 = VECTOR('',#5345,1.);
#5345 = DIRECTION('',(0.,1.));
#5346 = ( GEOMETRIC_REPRESENTATION_CONTEXT(2) 
PARAMETRIC_REPRESENTATION_CONTEXT() REPRESENTATION_CONTEXT('2D SPACE',''
  ) );
#5347 = PCURVE('',#5142,#5348);
#5348 = DEFINITIONAL_REPRESENTATION('',(#5349),#5353);
#5349 = LINE('',#5350,#5351);
#5350 = CARTESIAN_POINT('',(0.,11.));
#5351 = VECTOR('',#5352,1.);
#5352 = DIRECTION('',(1.,0.));
#5353 = ( GEOMETRIC_REPRESENTATION_CONTEXT(2) 
PARAMETRIC_REPRESENTATION_CONTEXT() REPRESENTATION_CONTEXT('2D SPACE',''
  ) );
#5354 = ORIENTED_EDGE('',*,*,#5355,.F.);
#5355 = EDGE_CURVE('',#5209,#5333,#5356,.T.);
#5356 = SURFACE_CURVE('',#5357,(#5361,#5368),.PCURVE_S1.);
#5357 = LINE('',#5358,#5359);
#5358 = CARTESIAN_POINT('',(-16.5,-8.,0.));
#5359 = VECTOR('',#5360,1.);
#5360 = DIRECTION('',(0.,0.,1.));
#5361 = PCURVE('',#2714,#5362);
#5362 = DEFINITIONAL_REPRESENTATION('',(#5363),#5367);
#5363 = LINE('',#5364,#5365);
#5364 = CARTESIAN_POINT('',(0.,1.85));
#5365 = VECTOR('',#5366,1.);
#5366 = DIRECTION('',(1.,0.));
#5367 = ( GEOMETRIC_REPRESENTATION_CONTEXT(2) 
PARAMETRIC_REPRESENTATION_CONTEXT() REPRESENTATION_CONTEXT('2D SPACE',''
  ) );
#5368 = PCURVE('',#5019,#5369);
#5369 = DEFINITIONAL_REPRESENTATION('',(#5370),#5374);
#5370 = LINE('',#5371,#5372);
#5371 = CARTESIAN_POINT('',(0.,-11.));
#5372 = VECTOR('',#5373,1.);
#5373 = DIRECTION('',(1.,0.));
#5374 = ( GEOMETRIC_REPRESENTATION_CONTEXT(2) 
PARAMETRIC_REPRESENTATION_CONTEXT() REPRESENTATION_CONTEXT('2D SPACE',''
  ) );
#5375 = ADVANCED_FACE('',(#5376),#2742,.F.);
#5376 = FACE_BOUND('',#5377,.F.);
#5377 = EDGE_LOOP('',(#5378,#5401,#5402,#5403));
#5378 = ORIENTED_EDGE('',*,*,#5379,.F.);
#5379 = EDGE_CURVE('',#5207,#5380,#5382,.T.);
#5380 = VERTEX_POINT('',#5381);
#5381 = CARTESIAN_POINT('',(-18.35,2.,0.));
#5382 = SURFACE_CURVE('',#5383,(#5387,#5394),.PCURVE_S1.);
#5383 = LINE('',#5384,#5385);
#5384 = CARTESIAN_POINT('',(-18.35,2.7,0.));
#5385 = VECTOR('',#5386,1.);
#5386 = DIRECTION('',(0.,1.,0.));
#5387 = PCURVE('',#2742,#5388);
#5388 = DEFINITIONAL_REPRESENTATION('',(#5389),#5393);
#5389 = LINE('',#5390,#5391);
#5390 = CARTESIAN_POINT('',(18.45,0.));
#5391 = VECTOR('',#5392,1.);
#5392 = DIRECTION('',(1.,0.));
#5393 = ( GEOMETRIC_REPRESENTATION_CONTEXT(2) 
PARAMETRIC_REPRESENTATION_CONTEXT() REPRESENTATION_CONTEXT('2D SPACE',''
  ) );
#5394 = PCURVE('',#4505,#5395);
#5395 = DEFINITIONAL_REPRESENTATION('',(#5396),#5400);
#5396 = LINE('',#5397,#5398);
#5397 = CARTESIAN_POINT('',(-18.34999999968,7.569135783512E-16));
#5398 = VECTOR('',#5399,1.);
#5399 = DIRECTION('',(0.,1.));
#5400 = ( GEOMETRIC_REPRESENTATION_CONTEXT(2) 
PARAMETRIC_REPRESENTATION_CONTEXT() REPRESENTATION_CONTEXT('2D SPACE',''
  ) );
#5401 = ORIENTED_EDGE('',*,*,#5231,.F.);
#5402 = ORIENTED_EDGE('',*,*,#2726,.T.);
#5403 = ORIENTED_EDGE('',*,*,#5404,.F.);
#5404 = EDGE_CURVE('',#5380,#2727,#5405,.T.);
#5405 = SURFACE_CURVE('',#5406,(#5410,#5417),.PCURVE_S1.);
#5406 = LINE('',#5407,#5408);
#5407 = CARTESIAN_POINT('',(-18.35,2.,0.));
#5408 = VECTOR('',#5409,1.);
#5409 = DIRECTION('',(0.,0.,1.));
#5410 = PCURVE('',#2742,#5411);
#5411 = DEFINITIONAL_REPRESENTATION('',(#5412),#5416);
#5412 = LINE('',#5413,#5414);
#5413 = CARTESIAN_POINT('',(17.75,0.));
#5414 = VECTOR('',#5415,1.);
#5415 = DIRECTION('',(0.,-1.));
#5416 = ( GEOMETRIC_REPRESENTATION_CONTEXT(2) 
PARAMETRIC_REPRESENTATION_CONTEXT() REPRESENTATION_CONTEXT('2D SPACE',''
  ) );
#5417 = PCURVE('',#2770,#5418);
#5418 = DEFINITIONAL_REPRESENTATION('',(#5419),#5423);
#5419 = LINE('',#5420,#5421);
#5420 = CARTESIAN_POINT('',(0.,0.));
#5421 = VECTOR('',#5422,1.);
#5422 = DIRECTION('',(1.,0.));
#5423 = ( GEOMETRIC_REPRESENTATION_CONTEXT(2) 
PARAMETRIC_REPRESENTATION_CONTEXT() REPRESENTATION_CONTEXT('2D SPACE',''
  ) );
#5424 = ADVANCED_FACE('',(#5425),#2770,.F.);
#5425 = FACE_BOUND('',#5426,.F.);
#5426 = EDGE_LOOP('',(#5427,#5450,#5451,#5452,#5475,#5503,#5531,#5558,
    #5586));
#5427 = ORIENTED_EDGE('',*,*,#5428,.F.);
#5428 = EDGE_CURVE('',#5380,#5429,#5431,.T.);
#5429 = VERTEX_POINT('',#5430);
#5430 = CARTESIAN_POINT('',(-16.5,2.,0.));
#5431 = SURFACE_CURVE('',#5432,(#5436,#5443),.PCURVE_S1.);
#5432 = LINE('',#5433,#5434);
#5433 = CARTESIAN_POINT('',(-18.35,2.,0.));
#5434 = VECTOR('',#5435,1.);
#5435 = DIRECTION('',(1.,0.,-0.));
#5436 = PCURVE('',#2770,#5437);
#5437 = DEFINITIONAL_REPRESENTATION('',(#5438),#5442);
#5438 = LINE('',#5439,#5440);
#5439 = CARTESIAN_POINT('',(0.,0.));
#5440 = VECTOR('',#5441,1.);
#5441 = DIRECTION('',(0.,1.));
#5442 = ( GEOMETRIC_REPRESENTATION_CONTEXT(2) 
PARAMETRIC_REPRESENTATION_CONTEXT() REPRESENTATION_CONTEXT('2D SPACE',''
  ) );
#5443 = PCURVE('',#4505,#5444);
#5444 = DEFINITIONAL_REPRESENTATION('',(#5445),#5449);
#5445 = LINE('',#5446,#5447);
#5446 = CARTESIAN_POINT('',(-18.34999999968,-0.7));
#5447 = VECTOR('',#5448,1.);
#5448 = DIRECTION('',(1.,0.));
#5449 = ( GEOMETRIC_REPRESENTATION_CONTEXT(2) 
PARAMETRIC_REPRESENTATION_CONTEXT() REPRESENTATION_CONTEXT('2D SPACE',''
  ) );
#5450 = ORIENTED_EDGE('',*,*,#5404,.T.);
#5451 = ORIENTED_EDGE('',*,*,#2754,.T.);
#5452 = ORIENTED_EDGE('',*,*,#5453,.F.);
#5453 = EDGE_CURVE('',#5454,#2755,#5456,.T.);
#5454 = VERTEX_POINT('',#5455);
#5455 = CARTESIAN_POINT('',(-16.75,2.,7.5));
#5456 = SURFACE_CURVE('',#5457,(#5461,#5468),.PCURVE_S1.);
#5457 = LINE('',#5458,#5459);
#5458 = CARTESIAN_POINT('',(-16.75,2.,7.5));
#5459 = VECTOR('',#5460,1.);
#5460 = DIRECTION('',(0.,0.,1.));
#5461 = PCURVE('',#2770,#5462);
#5462 = DEFINITIONAL_REPRESENTATION('',(#5463),#5467);
#5463 = LINE('',#5464,#5465);
#5464 = CARTESIAN_POINT('',(7.5,1.6));
#5465 = VECTOR('',#5466,1.);
#5466 = DIRECTION('',(1.,0.));
#5467 = ( GEOMETRIC_REPRESENTATION_CONTEXT(2) 
PARAMETRIC_REPRESENTATION_CONTEXT() REPRESENTATION_CONTEXT('2D SPACE',''
  ) );
#5468 = PCURVE('',#2798,#5469);
#5469 = DEFINITIONAL_REPRESENTATION('',(#5470),#5474);
#5470 = LINE('',#5471,#5472);
#5471 = CARTESIAN_POINT('',(0.,0.));
#5472 = VECTOR('',#5473,1.);
#5473 = DIRECTION('',(1.,0.));
#5474 = ( GEOMETRIC_REPRESENTATION_CONTEXT(2) 
PARAMETRIC_REPRESENTATION_CONTEXT() REPRESENTATION_CONTEXT('2D SPACE',''
  ) );
#5475 = ORIENTED_EDGE('',*,*,#5476,.F.);
#5476 = EDGE_CURVE('',#5477,#5454,#5479,.T.);
#5477 = VERTEX_POINT('',#5478);
#5478 = CARTESIAN_POINT('',(-13.5,2.,7.5));
#5479 = SURFACE_CURVE('',#5480,(#5484,#5491),.PCURVE_S1.);
#5480 = LINE('',#5481,#5482);
#5481 = CARTESIAN_POINT('',(-13.5,2.,7.5));
#5482 = VECTOR('',#5483,1.);
#5483 = DIRECTION('',(-1.,0.,-1.831295710722E-16));
#5484 = PCURVE('',#2770,#5485);
#5485 = DEFINITIONAL_REPRESENTATION('',(#5486),#5490);
#5486 = LINE('',#5487,#5488);
#5487 = CARTESIAN_POINT('',(7.5,4.85));
#5488 = VECTOR('',#5489,1.);
#5489 = DIRECTION('',(-1.831295710722E-16,-1.));
#5490 = ( GEOMETRIC_REPRESENTATION_CONTEXT(2) 
PARAMETRIC_REPRESENTATION_CONTEXT() REPRESENTATION_CONTEXT('2D SPACE',''
  ) );
#5491 = PCURVE('',#5492,#5497);
#5492 = PLANE('',#5493);
#5493 = AXIS2_PLACEMENT_3D('',#5494,#5495,#5496);
#5494 = CARTESIAN_POINT('',(-18.35,2.,7.5));
#5495 = DIRECTION('',(0.,0.,1.));
#5496 = DIRECTION('',(1.,0.,-0.));
#5497 = DEFINITIONAL_REPRESENTATION('',(#5498),#5502);
#5498 = LINE('',#5499,#5500);
#5499 = CARTESIAN_POINT('',(4.85,0.));
#5500 = VECTOR('',#5501,1.);
#5501 = DIRECTION('',(-1.,0.));
#5502 = ( GEOMETRIC_REPRESENTATION_CONTEXT(2) 
PARAMETRIC_REPRESENTATION_CONTEXT() REPRESENTATION_CONTEXT('2D SPACE',''
  ) );
#5503 = ORIENTED_EDGE('',*,*,#5504,.F.);
#5504 = EDGE_CURVE('',#5505,#5477,#5507,.T.);
#5505 = VERTEX_POINT('',#5506);
#5506 = CARTESIAN_POINT('',(-13.5,2.,6.9));
#5507 = SURFACE_CURVE('',#5508,(#5512,#5519),.PCURVE_S1.);
#5508 = LINE('',#5509,#5510);
#5509 = CARTESIAN_POINT('',(-13.5,2.,5.8));
#5510 = VECTOR('',#5511,1.);
#5511 = DIRECTION('',(0.,0.,1.));
#5512 = PCURVE('',#2770,#5513);
#5513 = DEFINITIONAL_REPRESENTATION('',(#5514),#5518);
#5514 = LINE('',#5515,#5516);
#5515 = CARTESIAN_POINT('',(5.8,4.85));
#5516 = VECTOR('',#5517,1.);
#5517 = DIRECTION('',(1.,0.));
#5518 = ( GEOMETRIC_REPRESENTATION_CONTEXT(2) 
PARAMETRIC_REPRESENTATION_CONTEXT() REPRESENTATION_CONTEXT('2D SPACE',''
  ) );
#5519 = PCURVE('',#5520,#5525);
#5520 = PLANE('',#5521);
#5521 = AXIS2_PLACEMENT_3D('',#5522,#5523,#5524);
#5522 = CARTESIAN_POINT('',(-13.5,2.,5.8));
#5523 = DIRECTION('',(1.,0.,-0.));
#5524 = DIRECTION('',(0.,0.,1.));
#5525 = DEFINITIONAL_REPRESENTATION('',(#5526),#5530);
#5526 = LINE('',#5527,#5528);
#5527 = CARTESIAN_POINT('',(0.,0.));
#5528 = VECTOR('',#5529,1.);
#5529 = DIRECTION('',(1.,0.));
#5530 = ( GEOMETRIC_REPRESENTATION_CONTEXT(2) 
PARAMETRIC_REPRESENTATION_CONTEXT() REPRESENTATION_CONTEXT('2D SPACE',''
  ) );
#5531 = ORIENTED_EDGE('',*,*,#5532,.F.);
#5532 = EDGE_CURVE('',#5533,#5505,#5535,.T.);
#5533 = VERTEX_POINT('',#5534);
#5534 = CARTESIAN_POINT('',(-14.6,2.,5.8));
#5535 = SURFACE_CURVE('',#5536,(#5540,#5547),.PCURVE_S1.);
#5536 = LINE('',#5537,#5538);
#5537 = CARTESIAN_POINT('',(-15.075,2.,5.325));
#5538 = VECTOR('',#5539,1.);
#5539 = DIRECTION('',(0.707106781187,0.,0.707106781187));
#5540 = PCURVE('',#2770,#5541);
#5541 = DEFINITIONAL_REPRESENTATION('',(#5542),#5546);
#5542 = LINE('',#5543,#5544);
#5543 = CARTESIAN_POINT('',(5.325,3.275));
#5544 = VECTOR('',#5545,1.);
#5545 = DIRECTION('',(0.707106781187,0.707106781187));
#5546 = ( GEOMETRIC_REPRESENTATION_CONTEXT(2) 
PARAMETRIC_REPRESENTATION_CONTEXT() REPRESENTATION_CONTEXT('2D SPACE',''
  ) );
#5547 = PCURVE('',#5548,#5553);
#5548 = PLANE('',#5549);
#5549 = AXIS2_PLACEMENT_3D('',#5550,#5551,#5552);
#5550 = CARTESIAN_POINT('',(-14.6,7.5,5.8));
#5551 = DIRECTION('',(-0.707106781187,0.,0.707106781187));
#5552 = DIRECTION('',(0.707106781187,0.,0.707106781187));
#5553 = DEFINITIONAL_REPRESENTATION('',(#5554),#5557);
#5554 = B_SPLINE_CURVE_WITH_KNOTS('',1,(#5555,#5556),.UNSPECIFIED.,.F.,
  .F.,(2,2),(0.671751442127,2.227386360738),.PIECEWISE_BEZIER_KNOTS.);
#5555 = CARTESIAN_POINT('',(2.22044604925E-16,-5.5));
#5556 = CARTESIAN_POINT('',(1.55563491861,-5.5));
#5557 = ( GEOMETRIC_REPRESENTATION_CONTEXT(2) 
PARAMETRIC_REPRESENTATION_CONTEXT() REPRESENTATION_CONTEXT('2D SPACE',''
  ) );
#5558 = ORIENTED_EDGE('',*,*,#5559,.F.);
#5559 = EDGE_CURVE('',#5560,#5533,#5562,.T.);
#5560 = VERTEX_POINT('',#5561);
#5561 = CARTESIAN_POINT('',(-16.5,2.,5.8));
#5562 = SURFACE_CURVE('',#5563,(#5567,#5574),.PCURVE_S1.);
#5563 = LINE('',#5564,#5565);
#5564 = CARTESIAN_POINT('',(-16.5,2.,5.8));
#5565 = VECTOR('',#5566,1.);
#5566 = DIRECTION('',(1.,0.,-0.));
#5567 = PCURVE('',#2770,#5568);
#5568 = DEFINITIONAL_REPRESENTATION('',(#5569),#5573);
#5569 = LINE('',#5570,#5571);
#5570 = CARTESIAN_POINT('',(5.8,1.85));
#5571 = VECTOR('',#5572,1.);
#5572 = DIRECTION('',(0.,1.));
#5573 = ( GEOMETRIC_REPRESENTATION_CONTEXT(2) 
PARAMETRIC_REPRESENTATION_CONTEXT() REPRESENTATION_CONTEXT('2D SPACE',''
  ) );
#5574 = PCURVE('',#5575,#5580);
#5575 = PLANE('',#5576);
#5576 = AXIS2_PLACEMENT_3D('',#5577,#5578,#5579);
#5577 = CARTESIAN_POINT('',(-16.5,2.,5.8));
#5578 = DIRECTION('',(0.,0.,1.));
#5579 = DIRECTION('',(1.,0.,-0.));
#5580 = DEFINITIONAL_REPRESENTATION('',(#5581),#5585);
#5581 = LINE('',#5582,#5583);
#5582 = CARTESIAN_POINT('',(0.,0.));
#5583 = VECTOR('',#5584,1.);
#5584 = DIRECTION('',(1.,0.));
#5585 = ( GEOMETRIC_REPRESENTATION_CONTEXT(2) 
PARAMETRIC_REPRESENTATION_CONTEXT() REPRESENTATION_CONTEXT('2D SPACE',''
  ) );
#5586 = ORIENTED_EDGE('',*,*,#5587,.F.);
#5587 = EDGE_CURVE('',#5429,#5560,#5588,.T.);
#5588 = SURFACE_CURVE('',#5589,(#5593,#5600),.PCURVE_S1.);
#5589 = LINE('',#5590,#5591);
#5590 = CARTESIAN_POINT('',(-16.5,2.,0.));
#5591 = VECTOR('',#5592,1.);
#5592 = DIRECTION('',(0.,0.,1.));
#5593 = PCURVE('',#2770,#5594);
#5594 = DEFINITIONAL_REPRESENTATION('',(#5595),#5599);
#5595 = LINE('',#5596,#5597);
#5596 = CARTESIAN_POINT('',(0.,1.85));
#5597 = VECTOR('',#5598,1.);
#5598 = DIRECTION('',(1.,0.));
#5599 = ( GEOMETRIC_REPRESENTATION_CONTEXT(2) 
PARAMETRIC_REPRESENTATION_CONTEXT() REPRESENTATION_CONTEXT('2D SPACE',''
  ) );
#5600 = PCURVE('',#5601,#5606);
#5601 = PLANE('',#5602);
#5602 = AXIS2_PLACEMENT_3D('',#5603,#5604,#5605);
#5603 = CARTESIAN_POINT('',(-16.5,2.,0.));
#5604 = DIRECTION('',(1.,0.,-0.));
#5605 = DIRECTION('',(0.,0.,1.));
#5606 = DEFINITIONAL_REPRESENTATION('',(#5607),#5611);
#5607 = LINE('',#5608,#5609);
#5608 = CARTESIAN_POINT('',(0.,0.));
#5609 = VECTOR('',#5610,1.);
#5610 = DIRECTION('',(1.,0.));
#5611 = ( GEOMETRIC_REPRESENTATION_CONTEXT(2) 
PARAMETRIC_REPRESENTATION_CONTEXT() REPRESENTATION_CONTEXT('2D SPACE',''
  ) );
#5612 = ADVANCED_FACE('',(#5613),#2798,.T.);
#5613 = FACE_BOUND('',#5614,.T.);
#5614 = EDGE_LOOP('',(#5615,#5616,#5639,#5660));
#5615 = ORIENTED_EDGE('',*,*,#5453,.F.);
#5616 = ORIENTED_EDGE('',*,*,#5617,.T.);
#5617 = EDGE_CURVE('',#5454,#5618,#5620,.T.);
#5618 = VERTEX_POINT('',#5619);
#5619 = CARTESIAN_POINT('',(-16.75,13.,7.5));
#5620 = SURFACE_CURVE('',#5621,(#5625,#5632),.PCURVE_S1.);
#5621 = LINE('',#5622,#5623);
#5622 = CARTESIAN_POINT('',(-16.75,2.,7.5));
#5623 = VECTOR('',#5624,1.);
#5624 = DIRECTION('',(-0.,1.,0.));
#5625 = PCURVE('',#2798,#5626);
#5626 = DEFINITIONAL_REPRESENTATION('',(#5627),#5631);
#5627 = LINE('',#5628,#5629);
#5628 = CARTESIAN_POINT('',(0.,0.));
#5629 = VECTOR('',#5630,1.);
#5630 = DIRECTION('',(0.,-1.));
#5631 = ( GEOMETRIC_REPRESENTATION_CONTEXT(2) 
PARAMETRIC_REPRESENTATION_CONTEXT() REPRESENTATION_CONTEXT('2D SPACE',''
  ) );
#5632 = PCURVE('',#5492,#5633);
#5633 = DEFINITIONAL_REPRESENTATION('',(#5634),#5638);
#5634 = LINE('',#5635,#5636);
#5635 = CARTESIAN_POINT('',(1.6,0.));
#5636 = VECTOR('',#5637,1.);
#5637 = DIRECTION('',(0.,1.));
#5638 = ( GEOMETRIC_REPRESENTATION_CONTEXT(2) 
PARAMETRIC_REPRESENTATION_CONTEXT() REPRESENTATION_CONTEXT('2D SPACE',''
  ) );
#5639 = ORIENTED_EDGE('',*,*,#5640,.T.);
#5640 = EDGE_CURVE('',#5618,#2783,#5641,.T.);
#5641 = SURFACE_CURVE('',#5642,(#5646,#5653),.PCURVE_S1.);
#5642 = LINE('',#5643,#5644);
#5643 = CARTESIAN_POINT('',(-16.75,13.,7.5));
#5644 = VECTOR('',#5645,1.);
#5645 = DIRECTION('',(0.,0.,1.));
#5646 = PCURVE('',#2798,#5647);
#5647 = DEFINITIONAL_REPRESENTATION('',(#5648),#5652);
#5648 = LINE('',#5649,#5650);
#5649 = CARTESIAN_POINT('',(0.,-11.));
#5650 = VECTOR('',#5651,1.);
#5651 = DIRECTION('',(1.,0.));
#5652 = ( GEOMETRIC_REPRESENTATION_CONTEXT(2) 
PARAMETRIC_REPRESENTATION_CONTEXT() REPRESENTATION_CONTEXT('2D SPACE',''
  ) );
#5653 = PCURVE('',#2826,#5654);
#5654 = DEFINITIONAL_REPRESENTATION('',(#5655),#5659);
#5655 = LINE('',#5656,#5657);
#5656 = CARTESIAN_POINT('',(7.5,1.6));
#5657 = VECTOR('',#5658,1.);
#5658 = DIRECTION('',(1.,0.));
#5659 = ( GEOMETRIC_REPRESENTATION_CONTEXT(2) 
PARAMETRIC_REPRESENTATION_CONTEXT() REPRESENTATION_CONTEXT('2D SPACE',''
  ) );
#5660 = ORIENTED_EDGE('',*,*,#2782,.F.);
#5661 = ADVANCED_FACE('',(#5662),#2826,.T.);
#5662 = FACE_BOUND('',#5663,.T.);
#5663 = EDGE_LOOP('',(#5664,#5689,#5710,#5711,#5712,#5735,#5758,#5780,
    #5803));
#5664 = ORIENTED_EDGE('',*,*,#5665,.F.);
#5665 = EDGE_CURVE('',#5666,#5668,#5670,.T.);
#5666 = VERTEX_POINT('',#5667);
#5667 = CARTESIAN_POINT('',(-18.35,13.,0.));
#5668 = VERTEX_POINT('',#5669);
#5669 = CARTESIAN_POINT('',(-16.5,13.,0.));
#5670 = SURFACE_CURVE('',#5671,(#5675,#5682),.PCURVE_S1.);
#5671 = LINE('',#5672,#5673);
#5672 = CARTESIAN_POINT('',(-18.35,13.,0.));
#5673 = VECTOR('',#5674,1.);
#5674 = DIRECTION('',(1.,0.,-0.));
#5675 = PCURVE('',#2826,#5676);
#5676 = DEFINITIONAL_REPRESENTATION('',(#5677),#5681);
#5677 = LINE('',#5678,#5679);
#5678 = CARTESIAN_POINT('',(0.,0.));
#5679 = VECTOR('',#5680,1.);
#5680 = DIRECTION('',(0.,1.));
#5681 = ( GEOMETRIC_REPRESENTATION_CONTEXT(2) 
PARAMETRIC_REPRESENTATION_CONTEXT() REPRESENTATION_CONTEXT('2D SPACE',''
  ) );
#5682 = PCURVE('',#4505,#5683);
#5683 = DEFINITIONAL_REPRESENTATION('',(#5684),#5688);
#5684 = LINE('',#5685,#5686);
#5685 = CARTESIAN_POINT('',(-18.34999999968,10.3));
#5686 = VECTOR('',#5687,1.);
#5687 = DIRECTION('',(1.,0.));
#5688 = ( GEOMETRIC_REPRESENTATION_CONTEXT(2) 
PARAMETRIC_REPRESENTATION_CONTEXT() REPRESENTATION_CONTEXT('2D SPACE',''
  ) );
#5689 = ORIENTED_EDGE('',*,*,#5690,.F.);
#5690 = EDGE_CURVE('',#2811,#5666,#5691,.T.);
#5691 = SURFACE_CURVE('',#5692,(#5696,#5703),.PCURVE_S1.);
#5692 = LINE('',#5693,#5694);
#5693 = CARTESIAN_POINT('',(-18.35,13.,13.55));
#5694 = VECTOR('',#5695,1.);
#5695 = DIRECTION('',(0.,0.,-1.));
#5696 = PCURVE('',#2826,#5697);
#5697 = DEFINITIONAL_REPRESENTATION('',(#5698),#5702);
#5698 = LINE('',#5699,#5700);
#5699 = CARTESIAN_POINT('',(13.55,0.));
#5700 = VECTOR('',#5701,1.);
#5701 = DIRECTION('',(-1.,0.));
#5702 = ( GEOMETRIC_REPRESENTATION_CONTEXT(2) 
PARAMETRIC_REPRESENTATION_CONTEXT() REPRESENTATION_CONTEXT('2D SPACE',''
  ) );
#5703 = PCURVE('',#2854,#5704);
#5704 = DEFINITIONAL_REPRESENTATION('',(#5705),#5709);
#5705 = LINE('',#5706,#5707);
#5706 = CARTESIAN_POINT('',(28.75,-13.55));
#5707 = VECTOR('',#5708,1.);
#5708 = DIRECTION('',(0.,1.));
#5709 = ( GEOMETRIC_REPRESENTATION_CONTEXT(2) 
PARAMETRIC_REPRESENTATION_CONTEXT() REPRESENTATION_CONTEXT('2D SPACE',''
  ) );
#5710 = ORIENTED_EDGE('',*,*,#2810,.T.);
#5711 = ORIENTED_EDGE('',*,*,#5640,.F.);
#5712 = ORIENTED_EDGE('',*,*,#5713,.F.);
#5713 = EDGE_CURVE('',#5714,#5618,#5716,.T.);
#5714 = VERTEX_POINT('',#5715);
#5715 = CARTESIAN_POINT('',(-13.5,13.,7.5));
#5716 = SURFACE_CURVE('',#5717,(#5721,#5728),.PCURVE_S1.);
#5717 = LINE('',#5718,#5719);
#5718 = CARTESIAN_POINT('',(-13.5,13.,7.5));
#5719 = VECTOR('',#5720,1.);
#5720 = DIRECTION('',(-1.,0.,-1.831295710722E-16));
#5721 = PCURVE('',#2826,#5722);
#5722 = DEFINITIONAL_REPRESENTATION('',(#5723),#5727);
#5723 = LINE('',#5724,#5725);
#5724 = CARTESIAN_POINT('',(7.5,4.85));
#5725 = VECTOR('',#5726,1.);
#5726 = DIRECTION('',(-1.831295710722E-16,-1.));
#5727 = ( GEOMETRIC_REPRESENTATION_CONTEXT(2) 
PARAMETRIC_REPRESENTATION_CONTEXT() REPRESENTATION_CONTEXT('2D SPACE',''
  ) );
#5728 = PCURVE('',#5492,#5729);
#5729 = DEFINITIONAL_REPRESENTATION('',(#5730),#5734);
#5730 = LINE('',#5731,#5732);
#5731 = CARTESIAN_POINT('',(4.85,11.));
#5732 = VECTOR('',#5733,1.);
#5733 = DIRECTION('',(-1.,0.));
#5734 = ( GEOMETRIC_REPRESENTATION_CONTEXT(2) 
PARAMETRIC_REPRESENTATION_CONTEXT() REPRESENTATION_CONTEXT('2D SPACE',''
  ) );
#5735 = ORIENTED_EDGE('',*,*,#5736,.F.);
#5736 = EDGE_CURVE('',#5737,#5714,#5739,.T.);
#5737 = VERTEX_POINT('',#5738);
#5738 = CARTESIAN_POINT('',(-13.5,13.,6.9));
#5739 = SURFACE_CURVE('',#5740,(#5744,#5751),.PCURVE_S1.);
#5740 = LINE('',#5741,#5742);
#5741 = CARTESIAN_POINT('',(-13.5,13.,5.8));
#5742 = VECTOR('',#5743,1.);
#5743 = DIRECTION('',(0.,0.,1.));
#5744 = PCURVE('',#2826,#5745);
#5745 = DEFINITIONAL_REPRESENTATION('',(#5746),#5750);
#5746 = LINE('',#5747,#5748);
#5747 = CARTESIAN_POINT('',(5.8,4.85));
#5748 = VECTOR('',#5749,1.);
#5749 = DIRECTION('',(1.,0.));
#5750 = ( GEOMETRIC_REPRESENTATION_CONTEXT(2) 
PARAMETRIC_REPRESENTATION_CONTEXT() REPRESENTATION_CONTEXT('2D SPACE',''
  ) );
#5751 = PCURVE('',#5520,#5752);
#5752 = DEFINITIONAL_REPRESENTATION('',(#5753),#5757);
#5753 = LINE('',#5754,#5755);
#5754 = CARTESIAN_POINT('',(0.,-11.));
#5755 = VECTOR('',#5756,1.);
#5756 = DIRECTION('',(1.,0.));
#5757 = ( GEOMETRIC_REPRESENTATION_CONTEXT(2) 
PARAMETRIC_REPRESENTATION_CONTEXT() REPRESENTATION_CONTEXT('2D SPACE',''
  ) );
#5758 = ORIENTED_EDGE('',*,*,#5759,.F.);
#5759 = EDGE_CURVE('',#5760,#5737,#5762,.T.);
#5760 = VERTEX_POINT('',#5761);
#5761 = CARTESIAN_POINT('',(-14.6,13.,5.8));
#5762 = SURFACE_CURVE('',#5763,(#5767,#5774),.PCURVE_S1.);
#5763 = LINE('',#5764,#5765);
#5764 = CARTESIAN_POINT('',(-15.075,13.,5.325));
#5765 = VECTOR('',#5766,1.);
#5766 = DIRECTION('',(0.707106781187,0.,0.707106781187));
#5767 = PCURVE('',#2826,#5768);
#5768 = DEFINITIONAL_REPRESENTATION('',(#5769),#5773);
#5769 = LINE('',#5770,#5771);
#5770 = CARTESIAN_POINT('',(5.325,3.275));
#5771 = VECTOR('',#5772,1.);
#5772 = DIRECTION('',(0.707106781187,0.707106781187));
#5773 = ( GEOMETRIC_REPRESENTATION_CONTEXT(2) 
PARAMETRIC_REPRESENTATION_CONTEXT() REPRESENTATION_CONTEXT('2D SPACE',''
  ) );
#5774 = PCURVE('',#5548,#5775);
#5775 = DEFINITIONAL_REPRESENTATION('',(#5776),#5779);
#5776 = B_SPLINE_CURVE_WITH_KNOTS('',1,(#5777,#5778),.UNSPECIFIED.,.F.,
  .F.,(2,2),(0.671751442127,2.227386360738),.PIECEWISE_BEZIER_KNOTS.);
#5777 = CARTESIAN_POINT('',(2.22044604925E-16,5.5));
#5778 = CARTESIAN_POINT('',(1.55563491861,5.5));
#5779 = ( GEOMETRIC_REPRESENTATION_CONTEXT(2) 
PARAMETRIC_REPRESENTATION_CONTEXT() REPRESENTATION_CONTEXT('2D SPACE',''
  ) );
#5780 = ORIENTED_EDGE('',*,*,#5781,.F.);
#5781 = EDGE_CURVE('',#5782,#5760,#5784,.T.);
#5782 = VERTEX_POINT('',#5783);
#5783 = CARTESIAN_POINT('',(-16.5,13.,5.8));
#5784 = SURFACE_CURVE('',#5785,(#5789,#5796),.PCURVE_S1.);
#5785 = LINE('',#5786,#5787);
#5786 = CARTESIAN_POINT('',(-16.5,13.,5.8));
#5787 = VECTOR('',#5788,1.);
#5788 = DIRECTION('',(1.,0.,-0.));
#5789 = PCURVE('',#2826,#5790);
#5790 = DEFINITIONAL_REPRESENTATION('',(#5791),#5795);
#5791 = LINE('',#5792,#5793);
#5792 = CARTESIAN_POINT('',(5.8,1.85));
#5793 = VECTOR('',#5794,1.);
#5794 = DIRECTION('',(0.,1.));
#5795 = ( GEOMETRIC_REPRESENTATION_CONTEXT(2) 
PARAMETRIC_REPRESENTATION_CONTEXT() REPRESENTATION_CONTEXT('2D SPACE',''
  ) );
#5796 = PCURVE('',#5575,#5797);
#5797 = DEFINITIONAL_REPRESENTATION('',(#5798),#5802);
#5798 = LINE('',#5799,#5800);
#5799 = CARTESIAN_POINT('',(0.,11.));
#5800 = VECTOR('',#5801,1.);
#5801 = DIRECTION('',(1.,0.));
#5802 = ( GEOMETRIC_REPRESENTATION_CONTEXT(2) 
PARAMETRIC_REPRESENTATION_CONTEXT() REPRESENTATION_CONTEXT('2D SPACE',''
  ) );
#5803 = ORIENTED_EDGE('',*,*,#5804,.F.);
#5804 = EDGE_CURVE('',#5668,#5782,#5805,.T.);
#5805 = SURFACE_CURVE('',#5806,(#5810,#5817),.PCURVE_S1.);
#5806 = LINE('',#5807,#5808);
#5807 = CARTESIAN_POINT('',(-16.5,13.,0.));
#5808 = VECTOR('',#5809,1.);
#5809 = DIRECTION('',(0.,0.,1.));
#5810 = PCURVE('',#2826,#5811);
#5811 = DEFINITIONAL_REPRESENTATION('',(#5812),#5816);
#5812 = LINE('',#5813,#5814);
#5813 = CARTESIAN_POINT('',(0.,1.85));
#5814 = VECTOR('',#5815,1.);
#5815 = DIRECTION('',(1.,0.));
#5816 = ( GEOMETRIC_REPRESENTATION_CONTEXT(2) 
PARAMETRIC_REPRESENTATION_CONTEXT() REPRESENTATION_CONTEXT('2D SPACE',''
  ) );
#5817 = PCURVE('',#5601,#5818);
#5818 = DEFINITIONAL_REPRESENTATION('',(#5819),#5823);
#5819 = LINE('',#5820,#5821);
#5820 = CARTESIAN_POINT('',(0.,-11.));
#5821 = VECTOR('',#5822,1.);
#5822 = DIRECTION('',(1.,0.));
#5823 = ( GEOMETRIC_REPRESENTATION_CONTEXT(2) 
PARAMETRIC_REPRESENTATION_CONTEXT() REPRESENTATION_CONTEXT('2D SPACE',''
  ) );
#5824 = ADVANCED_FACE('',(#5825),#2854,.F.);
#5825 = FACE_BOUND('',#5826,.F.);
#5826 = EDGE_LOOP('',(#5827,#5850,#5851,#5852));
#5827 = ORIENTED_EDGE('',*,*,#5828,.F.);
#5828 = EDGE_CURVE('',#5666,#5829,#5831,.T.);
#5829 = VERTEX_POINT('',#5830);
#5830 = CARTESIAN_POINT('',(-18.35,21.15,0.));
#5831 = SURFACE_CURVE('',#5832,(#5836,#5843),.PCURVE_S1.);
#5832 = LINE('',#5833,#5834);
#5833 = CARTESIAN_POINT('',(-18.35,2.7,0.));
#5834 = VECTOR('',#5835,1.);
#5835 = DIRECTION('',(0.,1.,0.));
#5836 = PCURVE('',#2854,#5837);
#5837 = DEFINITIONAL_REPRESENTATION('',(#5838),#5842);
#5838 = LINE('',#5839,#5840);
#5839 = CARTESIAN_POINT('',(18.45,0.));
#5840 = VECTOR('',#5841,1.);
#5841 = DIRECTION('',(1.,0.));
#5842 = ( GEOMETRIC_REPRESENTATION_CONTEXT(2) 
PARAMETRIC_REPRESENTATION_CONTEXT() REPRESENTATION_CONTEXT('2D SPACE',''
  ) );
#5843 = PCURVE('',#4505,#5844);
#5844 = DEFINITIONAL_REPRESENTATION('',(#5845),#5849);
#5845 = LINE('',#5846,#5847);
#5846 = CARTESIAN_POINT('',(-18.34999999968,7.569135783512E-16));
#5847 = VECTOR('',#5848,1.);
#5848 = DIRECTION('',(0.,1.));
#5849 = ( GEOMETRIC_REPRESENTATION_CONTEXT(2) 
PARAMETRIC_REPRESENTATION_CONTEXT() REPRESENTATION_CONTEXT('2D SPACE',''
  ) );
#5850 = ORIENTED_EDGE('',*,*,#5690,.F.);
#5851 = ORIENTED_EDGE('',*,*,#2838,.T.);
#5852 = ORIENTED_EDGE('',*,*,#5853,.F.);
#5853 = EDGE_CURVE('',#5829,#2839,#5854,.T.);
#5854 = SURFACE_CURVE('',#5855,(#5859,#5866),.PCURVE_S1.);
#5855 = LINE('',#5856,#5857);
#5856 = CARTESIAN_POINT('',(-18.35,21.15,0.));
#5857 = VECTOR('',#5858,1.);
#5858 = DIRECTION('',(0.,0.,1.));
#5859 = PCURVE('',#2854,#5860);
#5860 = DEFINITIONAL_REPRESENTATION('',(#5861),#5865);
#5861 = LINE('',#5862,#5863);
#5862 = CARTESIAN_POINT('',(36.9,0.));
#5863 = VECTOR('',#5864,1.);
#5864 = DIRECTION('',(0.,-1.));
#5865 = ( GEOMETRIC_REPRESENTATION_CONTEXT(2) 
PARAMETRIC_REPRESENTATION_CONTEXT() REPRESENTATION_CONTEXT('2D SPACE',''
  ) );
#5866 = PCURVE('',#2883,#5867);
#5867 = DEFINITIONAL_REPRESENTATION('',(#5868),#5872);
#5868 = LINE('',#5869,#5870);
#5869 = CARTESIAN_POINT('',(-3.14159265359,0.));
#5870 = VECTOR('',#5871,1.);
#5871 = DIRECTION('',(-0.,-1.));
#5872 = ( GEOMETRIC_REPRESENTATION_CONTEXT(2) 
PARAMETRIC_REPRESENTATION_CONTEXT() REPRESENTATION_CONTEXT('2D SPACE',''
  ) );
#5873 = ADVANCED_FACE('',(#5874),#2883,.F.);
#5874 = FACE_BOUND('',#5875,.T.);
#5875 = EDGE_LOOP('',(#5876,#5899,#5900,#5901));
#5876 = ORIENTED_EDGE('',*,*,#5877,.T.);
#5877 = EDGE_CURVE('',#5878,#2867,#5880,.T.);
#5878 = VERTEX_POINT('',#5879);
#5879 = CARTESIAN_POINT('',(-12.75,26.75,0.));
#5880 = SURFACE_CURVE('',#5881,(#5885,#5892),.PCURVE_S1.);
#5881 = LINE('',#5882,#5883);
#5882 = CARTESIAN_POINT('',(-12.75,26.75,0.));
#5883 = VECTOR('',#5884,1.);
#5884 = DIRECTION('',(0.,0.,1.));
#5885 = PCURVE('',#2883,#5886);
#5886 = DEFINITIONAL_REPRESENTATION('',(#5887),#5891);
#5887 = LINE('',#5888,#5889);
#5888 = CARTESIAN_POINT('',(-1.570796326795,0.));
#5889 = VECTOR('',#5890,1.);
#5890 = DIRECTION('',(-0.,-1.));
#5891 = ( GEOMETRIC_REPRESENTATION_CONTEXT(2) 
PARAMETRIC_REPRESENTATION_CONTEXT() REPRESENTATION_CONTEXT('2D SPACE',''
  ) );
#5892 = PCURVE('',#2911,#5893);
#5893 = DEFINITIONAL_REPRESENTATION('',(#5894),#5898);
#5894 = LINE('',#5895,#5896);
#5895 = CARTESIAN_POINT('',(-1.7763568394E-15,0.));
#5896 = VECTOR('',#5897,1.);
#5897 = DIRECTION('',(0.,-1.));
#5898 = ( GEOMETRIC_REPRESENTATION_CONTEXT(2) 
PARAMETRIC_REPRESENTATION_CONTEXT() REPRESENTATION_CONTEXT('2D SPACE',''
  ) );
#5899 = ORIENTED_EDGE('',*,*,#2866,.T.);
#5900 = ORIENTED_EDGE('',*,*,#5853,.F.);
#5901 = ORIENTED_EDGE('',*,*,#5902,.F.);
#5902 = EDGE_CURVE('',#5878,#5829,#5903,.T.);
#5903 = SURFACE_CURVE('',#5904,(#5909,#5916),.PCURVE_S1.);
#5904 = CIRCLE('',#5905,5.6);
#5905 = AXIS2_PLACEMENT_3D('',#5906,#5907,#5908);
#5906 = CARTESIAN_POINT('',(-12.75,21.15,0.));
#5907 = DIRECTION('',(0.,0.,1.));
#5908 = DIRECTION('',(1.,0.,0.));
#5909 = PCURVE('',#2883,#5910);
#5910 = DEFINITIONAL_REPRESENTATION('',(#5911),#5915);
#5911 = LINE('',#5912,#5913);
#5912 = CARTESIAN_POINT('',(-0.,0.));
#5913 = VECTOR('',#5914,1.);
#5914 = DIRECTION('',(-1.,0.));
#5915 = ( GEOMETRIC_REPRESENTATION_CONTEXT(2) 
PARAMETRIC_REPRESENTATION_CONTEXT() REPRESENTATION_CONTEXT('2D SPACE',''
  ) );
#5916 = PCURVE('',#4505,#5917);
#5917 = DEFINITIONAL_REPRESENTATION('',(#5918),#5922);
#5918 = CIRCLE('',#5919,5.6);
#5919 = AXIS2_PLACEMENT_2D('',#5920,#5921);
#5920 = CARTESIAN_POINT('',(-12.74999999968,18.45));
#5921 = DIRECTION('',(1.,0.));
#5922 = ( GEOMETRIC_REPRESENTATION_CONTEXT(2) 
PARAMETRIC_REPRESENTATION_CONTEXT() REPRESENTATION_CONTEXT('2D SPACE',''
  ) );
#5923 = ADVANCED_FACE('',(#5924,#5972,#5978,#5984,#5990),#2911,.F.);
#5924 = FACE_BOUND('',#5925,.F.);
#5925 = EDGE_LOOP('',(#5926,#5927,#5928,#5951));
#5926 = ORIENTED_EDGE('',*,*,#5877,.T.);
#5927 = ORIENTED_EDGE('',*,*,#2895,.T.);
#5928 = ORIENTED_EDGE('',*,*,#5929,.F.);
#5929 = EDGE_CURVE('',#5930,#2896,#5932,.T.);
#5930 = VERTEX_POINT('',#5931);
#5931 = CARTESIAN_POINT('',(12.749999998834,26.75,0.));
#5932 = SURFACE_CURVE('',#5933,(#5937,#5944),.PCURVE_S1.);
#5933 = LINE('',#5934,#5935);
#5934 = CARTESIAN_POINT('',(12.749999998834,26.75,0.));
#5935 = VECTOR('',#5936,1.);
#5936 = DIRECTION('',(0.,0.,1.));
#5937 = PCURVE('',#2911,#5938);
#5938 = DEFINITIONAL_REPRESENTATION('',(#5939),#5943);
#5939 = LINE('',#5940,#5941);
#5940 = CARTESIAN_POINT('',(25.499999998834,0.));
#5941 = VECTOR('',#5942,1.);
#5942 = DIRECTION('',(0.,-1.));
#5943 = ( GEOMETRIC_REPRESENTATION_CONTEXT(2) 
PARAMETRIC_REPRESENTATION_CONTEXT() REPRESENTATION_CONTEXT('2D SPACE',''
  ) );
#5944 = PCURVE('',#2940,#5945);
#5945 = DEFINITIONAL_REPRESENTATION('',(#5946),#5950);
#5946 = LINE('',#5947,#5948);
#5947 = CARTESIAN_POINT('',(-1.570796326795,0.));
#5948 = VECTOR('',#5949,1.);
#5949 = DIRECTION('',(-0.,-1.));
#5950 = ( GEOMETRIC_REPRESENTATION_CONTEXT(2) 
PARAMETRIC_REPRESENTATION_CONTEXT() REPRESENTATION_CONTEXT('2D SPACE',''
  ) );
#5951 = ORIENTED_EDGE('',*,*,#5952,.F.);
#5952 = EDGE_CURVE('',#5878,#5930,#5953,.T.);
#5953 = SURFACE_CURVE('',#5954,(#5958,#5965),.PCURVE_S1.);
#5954 = LINE('',#5955,#5956);
#5955 = CARTESIAN_POINT('',(4.263256414561E-14,26.75,0.));
#5956 = VECTOR('',#5957,1.);
#5957 = DIRECTION('',(1.,0.,0.));
#5958 = PCURVE('',#2911,#5959);
#5959 = DEFINITIONAL_REPRESENTATION('',(#5960),#5964);
#5960 = LINE('',#5961,#5962);
#5961 = CARTESIAN_POINT('',(12.75,0.));
#5962 = VECTOR('',#5963,1.);
#5963 = DIRECTION('',(1.,0.));
#5964 = ( GEOMETRIC_REPRESENTATION_CONTEXT(2) 
PARAMETRIC_REPRESENTATION_CONTEXT() REPRESENTATION_CONTEXT('2D SPACE',''
  ) );
#5965 = PCURVE('',#4505,#5966);
#5966 = DEFINITIONAL_REPRESENTATION('',(#5967),#5971);
#5967 = LINE('',#5968,#5969);
#5968 = CARTESIAN_POINT('',(3.133997109217E-10,24.05));
#5969 = VECTOR('',#5970,1.);
#5970 = DIRECTION('',(1.,0.));
#5971 = ( GEOMETRIC_REPRESENTATION_CONTEXT(2) 
PARAMETRIC_REPRESENTATION_CONTEXT() REPRESENTATION_CONTEXT('2D SPACE',''
  ) );
#5972 = FACE_BOUND('',#5973,.F.);
#5973 = EDGE_LOOP('',(#5974,#5975,#5976,#5977));
#5974 = ORIENTED_EDGE('',*,*,#3224,.F.);
#5975 = ORIENTED_EDGE('',*,*,#3271,.T.);
#5976 = ORIENTED_EDGE('',*,*,#3365,.T.);
#5977 = ORIENTED_EDGE('',*,*,#3318,.F.);
#5978 = FACE_BOUND('',#5979,.F.);
#5979 = EDGE_LOOP('',(#5980,#5981,#5982,#5983));
#5980 = ORIENTED_EDGE('',*,*,#3412,.F.);
#5981 = ORIENTED_EDGE('',*,*,#3459,.T.);
#5982 = ORIENTED_EDGE('',*,*,#3553,.T.);
#5983 = ORIENTED_EDGE('',*,*,#3506,.F.);
#5984 = FACE_BOUND('',#5985,.F.);
#5985 = EDGE_LOOP('',(#5986,#5987,#5988,#5989));
#5986 = ORIENTED_EDGE('',*,*,#3600,.F.);
#5987 = ORIENTED_EDGE('',*,*,#3647,.T.);
#5988 = ORIENTED_EDGE('',*,*,#3741,.T.);
#5989 = ORIENTED_EDGE('',*,*,#3694,.F.);
#5990 = FACE_BOUND('',#5991,.F.);
#5991 = EDGE_LOOP('',(#5992,#5993,#5994,#5995));
#5992 = ORIENTED_EDGE('',*,*,#3788,.F.);
#5993 = ORIENTED_EDGE('',*,*,#3929,.T.);
#5994 = ORIENTED_EDGE('',*,*,#3904,.T.);
#5995 = ORIENTED_EDGE('',*,*,#3835,.F.);
#5996 = ADVANCED_FACE('',(#5997),#2940,.F.);
#5997 = FACE_BOUND('',#5998,.T.);
#5998 = EDGE_LOOP('',(#5999,#6022,#6023,#6024));
#5999 = ORIENTED_EDGE('',*,*,#6000,.T.);
#6000 = EDGE_CURVE('',#6001,#2924,#6003,.T.);
#6001 = VERTEX_POINT('',#6002);
#6002 = CARTESIAN_POINT('',(18.349999999417,21.15,0.));
#6003 = SURFACE_CURVE('',#6004,(#6008,#6015),.PCURVE_S1.);
#6004 = LINE('',#6005,#6006);
#6005 = CARTESIAN_POINT('',(18.349999999417,21.15,0.));
#6006 = VECTOR('',#6007,1.);
#6007 = DIRECTION('',(0.,0.,1.));
#6008 = PCURVE('',#2940,#6009);
#6009 = DEFINITIONAL_REPRESENTATION('',(#6010),#6014);
#6010 = LINE('',#6011,#6012);
#6011 = CARTESIAN_POINT('',(-0.,0.));
#6012 = VECTOR('',#6013,1.);
#6013 = DIRECTION('',(-0.,-1.));
#6014 = ( GEOMETRIC_REPRESENTATION_CONTEXT(2) 
PARAMETRIC_REPRESENTATION_CONTEXT() REPRESENTATION_CONTEXT('2D SPACE',''
  ) );
#6015 = PCURVE('',#2968,#6016);
#6016 = DEFINITIONAL_REPRESENTATION('',(#6017),#6021);
#6017 = LINE('',#6018,#6019);
#6018 = CARTESIAN_POINT('',(36.9,0.));
#6019 = VECTOR('',#6020,1.);
#6020 = DIRECTION('',(0.,-1.));
#6021 = ( GEOMETRIC_REPRESENTATION_CONTEXT(2) 
PARAMETRIC_REPRESENTATION_CONTEXT() REPRESENTATION_CONTEXT('2D SPACE',''
  ) );
#6022 = ORIENTED_EDGE('',*,*,#2923,.T.);
#6023 = ORIENTED_EDGE('',*,*,#5929,.F.);
#6024 = ORIENTED_EDGE('',*,*,#6025,.F.);
#6025 = EDGE_CURVE('',#6001,#5930,#6026,.T.);
#6026 = SURFACE_CURVE('',#6027,(#6032,#6039),.PCURVE_S1.);
#6027 = CIRCLE('',#6028,5.6);
#6028 = AXIS2_PLACEMENT_3D('',#6029,#6030,#6031);
#6029 = CARTESIAN_POINT('',(12.749999998834,21.15,0.));
#6030 = DIRECTION('',(0.,0.,1.));
#6031 = DIRECTION('',(1.,0.,0.));
#6032 = PCURVE('',#2940,#6033);
#6033 = DEFINITIONAL_REPRESENTATION('',(#6034),#6038);
#6034 = LINE('',#6035,#6036);
#6035 = CARTESIAN_POINT('',(-0.,0.));
#6036 = VECTOR('',#6037,1.);
#6037 = DIRECTION('',(-1.,0.));
#6038 = ( GEOMETRIC_REPRESENTATION_CONTEXT(2) 
PARAMETRIC_REPRESENTATION_CONTEXT() REPRESENTATION_CONTEXT('2D SPACE',''
  ) );
#6039 = PCURVE('',#4505,#6040);
#6040 = DEFINITIONAL_REPRESENTATION('',(#6041),#6045);
#6041 = CIRCLE('',#6042,5.6);
#6042 = AXIS2_PLACEMENT_2D('',#6043,#6044);
#6043 = CARTESIAN_POINT('',(12.749999999147,18.45));
#6044 = DIRECTION('',(1.,0.));
#6045 = ( GEOMETRIC_REPRESENTATION_CONTEXT(2) 
PARAMETRIC_REPRESENTATION_CONTEXT() REPRESENTATION_CONTEXT('2D SPACE',''
  ) );
#6046 = ADVANCED_FACE('',(#6047,#6258),#2968,.T.);
#6047 = FACE_BOUND('',#6048,.T.);
#6048 = EDGE_LOOP('',(#6049,#6079,#6100,#6101,#6102,#6125,#6153,#6181,
    #6209,#6232));
#6049 = ORIENTED_EDGE('',*,*,#6050,.F.);
#6050 = EDGE_CURVE('',#6051,#6053,#6055,.T.);
#6051 = VERTEX_POINT('',#6052);
#6052 = CARTESIAN_POINT('',(18.349999999709,-15.75,10.5));
#6053 = VERTEX_POINT('',#6054);
#6054 = CARTESIAN_POINT('',(18.35,-10.,10.5));
#6055 = SURFACE_CURVE('',#6056,(#6060,#6067),.PCURVE_S1.);
#6056 = LINE('',#6057,#6058);
#6057 = CARTESIAN_POINT('',(18.35,-18.,10.5));
#6058 = VECTOR('',#6059,1.);
#6059 = DIRECTION('',(-0.,1.,0.));
#6060 = PCURVE('',#2968,#6061);
#6061 = DEFINITIONAL_REPRESENTATION('',(#6062),#6066);
#6062 = LINE('',#6063,#6064);
#6063 = CARTESIAN_POINT('',(-2.25,-10.5));
#6064 = VECTOR('',#6065,1.);
#6065 = DIRECTION('',(1.,0.));
#6066 = ( GEOMETRIC_REPRESENTATION_CONTEXT(2) 
PARAMETRIC_REPRESENTATION_CONTEXT() REPRESENTATION_CONTEXT('2D SPACE',''
  ) );
#6067 = PCURVE('',#6068,#6073);
#6068 = PLANE('',#6069);
#6069 = AXIS2_PLACEMENT_3D('',#6070,#6071,#6072);
#6070 = CARTESIAN_POINT('',(17.05,-18.,10.5));
#6071 = DIRECTION('',(0.,0.,1.));
#6072 = DIRECTION('',(1.,0.,-0.));
#6073 = DEFINITIONAL_REPRESENTATION('',(#6074),#6078);
#6074 = LINE('',#6075,#6076);
#6075 = CARTESIAN_POINT('',(1.3,0.));
#6076 = VECTOR('',#6077,1.);
#6077 = DIRECTION('',(0.,1.));
#6078 = ( GEOMETRIC_REPRESENTATION_CONTEXT(2) 
PARAMETRIC_REPRESENTATION_CONTEXT() REPRESENTATION_CONTEXT('2D SPACE',''
  ) );
#6079 = ORIENTED_EDGE('',*,*,#6080,.T.);
#6080 = EDGE_CURVE('',#6051,#2953,#6081,.T.);
#6081 = SURFACE_CURVE('',#6082,(#6086,#6093),.PCURVE_S1.);
#6082 = LINE('',#6083,#6084);
#6083 = CARTESIAN_POINT('',(18.349999999417,-15.75,0.));
#6084 = VECTOR('',#6085,1.);
#6085 = DIRECTION('',(0.,0.,1.));
#6086 = PCURVE('',#2968,#6087);
#6087 = DEFINITIONAL_REPRESENTATION('',(#6088),#6092);
#6088 = LINE('',#6089,#6090);
#6089 = CARTESIAN_POINT('',(0.,0.));
#6090 = VECTOR('',#6091,1.);
#6091 = DIRECTION('',(0.,-1.));
#6092 = ( GEOMETRIC_REPRESENTATION_CONTEXT(2) 
PARAMETRIC_REPRESENTATION_CONTEXT() REPRESENTATION_CONTEXT('2D SPACE',''
  ) );
#6093 = PCURVE('',#2997,#6094);
#6094 = DEFINITIONAL_REPRESENTATION('',(#6095),#6099);
#6095 = LINE('',#6096,#6097);
#6096 = CARTESIAN_POINT('',(-6.28318530718,0.));
#6097 = VECTOR('',#6098,1.);
#6098 = DIRECTION('',(-0.,-1.));
#6099 = ( GEOMETRIC_REPRESENTATION_CONTEXT(2) 
PARAMETRIC_REPRESENTATION_CONTEXT() REPRESENTATION_CONTEXT('2D SPACE',''
  ) );
#6100 = ORIENTED_EDGE('',*,*,#2952,.T.);
#6101 = ORIENTED_EDGE('',*,*,#6000,.F.);
#6102 = ORIENTED_EDGE('',*,*,#6103,.F.);
#6103 = EDGE_CURVE('',#6104,#6001,#6106,.T.);
#6104 = VERTEX_POINT('',#6105);
#6105 = CARTESIAN_POINT('',(18.35,1.,0.));
#6106 = SURFACE_CURVE('',#6107,(#6111,#6118),.PCURVE_S1.);
#6107 = LINE('',#6108,#6109);
#6108 = CARTESIAN_POINT('',(18.35,2.7,0.));
#6109 = VECTOR('',#6110,1.);
#6110 = DIRECTION('',(0.,1.,0.));
#6111 = PCURVE('',#2968,#6112);
#6112 = DEFINITIONAL_REPRESENTATION('',(#6113),#6117);
#6113 = LINE('',#6114,#6115);
#6114 = CARTESIAN_POINT('',(18.45,0.));
#6115 = VECTOR('',#6116,1.);
#6116 = DIRECTION('',(1.,0.));
#6117 = ( GEOMETRIC_REPRESENTATION_CONTEXT(2) 
PARAMETRIC_REPRESENTATION_CONTEXT() REPRESENTATION_CONTEXT('2D SPACE',''
  ) );
#6118 = PCURVE('',#4505,#6119);
#6119 = DEFINITIONAL_REPRESENTATION('',(#6120),#6124);
#6120 = LINE('',#6121,#6122);
#6121 = CARTESIAN_POINT('',(18.350000000313,7.569135783512E-16));
#6122 = VECTOR('',#6123,1.);
#6123 = DIRECTION('',(0.,1.));
#6124 = ( GEOMETRIC_REPRESENTATION_CONTEXT(2) 
PARAMETRIC_REPRESENTATION_CONTEXT() REPRESENTATION_CONTEXT('2D SPACE',''
  ) );
#6125 = ORIENTED_EDGE('',*,*,#6126,.T.);
#6126 = EDGE_CURVE('',#6104,#6127,#6129,.T.);
#6127 = VERTEX_POINT('',#6128);
#6128 = CARTESIAN_POINT('',(18.35,1.,10.5));
#6129 = SURFACE_CURVE('',#6130,(#6134,#6141),.PCURVE_S1.);
#6130 = LINE('',#6131,#6132);
#6131 = CARTESIAN_POINT('',(18.35,1.,0.));
#6132 = VECTOR('',#6133,1.);
#6133 = DIRECTION('',(0.,0.,1.));
#6134 = PCURVE('',#2968,#6135);
#6135 = DEFINITIONAL_REPRESENTATION('',(#6136),#6140);
#6136 = LINE('',#6137,#6138);
#6137 = CARTESIAN_POINT('',(16.75,0.));
#6138 = VECTOR('',#6139,1.);
#6139 = DIRECTION('',(0.,-1.));
#6140 = ( GEOMETRIC_REPRESENTATION_CONTEXT(2) 
PARAMETRIC_REPRESENTATION_CONTEXT() REPRESENTATION_CONTEXT('2D SPACE',''
  ) );
#6141 = PCURVE('',#6142,#6147);
#6142 = PLANE('',#6143);
#6143 = AXIS2_PLACEMENT_3D('',#6144,#6145,#6146);
#6144 = CARTESIAN_POINT('',(17.05,1.,0.));
#6145 = DIRECTION('',(-0.,1.,0.));
#6146 = DIRECTION('',(0.,0.,1.));
#6147 = DEFINITIONAL_REPRESENTATION('',(#6148),#6152);
#6148 = LINE('',#6149,#6150);
#6149 = CARTESIAN_POINT('',(0.,1.3));
#6150 = VECTOR('',#6151,1.);
#6151 = DIRECTION('',(1.,0.));
#6152 = ( GEOMETRIC_REPRESENTATION_CONTEXT(2) 
PARAMETRIC_REPRESENTATION_CONTEXT() REPRESENTATION_CONTEXT('2D SPACE',''
  ) );
#6153 = ORIENTED_EDGE('',*,*,#6154,.F.);
#6154 = EDGE_CURVE('',#6155,#6127,#6157,.T.);
#6155 = VERTEX_POINT('',#6156);
#6156 = CARTESIAN_POINT('',(18.35,-7.,10.5));
#6157 = SURFACE_CURVE('',#6158,(#6162,#6169),.PCURVE_S1.);
#6158 = LINE('',#6159,#6160);
#6159 = CARTESIAN_POINT('',(18.35,-7.,10.5));
#6160 = VECTOR('',#6161,1.);
#6161 = DIRECTION('',(-0.,1.,0.));
#6162 = PCURVE('',#2968,#6163);
#6163 = DEFINITIONAL_REPRESENTATION('',(#6164),#6168);
#6164 = LINE('',#6165,#6166);
#6165 = CARTESIAN_POINT('',(8.75,-10.5));
#6166 = VECTOR('',#6167,1.);
#6167 = DIRECTION('',(1.,0.));
#6168 = ( GEOMETRIC_REPRESENTATION_CONTEXT(2) 
PARAMETRIC_REPRESENTATION_CONTEXT() REPRESENTATION_CONTEXT('2D SPACE',''
  ) );
#6169 = PCURVE('',#6170,#6175);
#6170 = PLANE('',#6171);
#6171 = AXIS2_PLACEMENT_3D('',#6172,#6173,#6174);
#6172 = CARTESIAN_POINT('',(17.05,-7.,10.5));
#6173 = DIRECTION('',(0.,0.,1.));
#6174 = DIRECTION('',(1.,0.,-0.));
#6175 = DEFINITIONAL_REPRESENTATION('',(#6176),#6180);
#6176 = LINE('',#6177,#6178);
#6177 = CARTESIAN_POINT('',(1.3,0.));
#6178 = VECTOR('',#6179,1.);
#6179 = DIRECTION('',(0.,1.));
#6180 = ( GEOMETRIC_REPRESENTATION_CONTEXT(2) 
PARAMETRIC_REPRESENTATION_CONTEXT() REPRESENTATION_CONTEXT('2D SPACE',''
  ) );
#6181 = ORIENTED_EDGE('',*,*,#6182,.F.);
#6182 = EDGE_CURVE('',#6183,#6155,#6185,.T.);
#6183 = VERTEX_POINT('',#6184);
#6184 = CARTESIAN_POINT('',(18.35,-7.,0.));
#6185 = SURFACE_CURVE('',#6186,(#6190,#6197),.PCURVE_S1.);
#6186 = LINE('',#6187,#6188);
#6187 = CARTESIAN_POINT('',(18.35,-7.,0.));
#6188 = VECTOR('',#6189,1.);
#6189 = DIRECTION('',(0.,0.,1.));
#6190 = PCURVE('',#2968,#6191);
#6191 = DEFINITIONAL_REPRESENTATION('',(#6192),#6196);
#6192 = LINE('',#6193,#6194);
#6193 = CARTESIAN_POINT('',(8.75,0.));
#6194 = VECTOR('',#6195,1.);
#6195 = DIRECTION('',(0.,-1.));
#6196 = ( GEOMETRIC_REPRESENTATION_CONTEXT(2) 
PARAMETRIC_REPRESENTATION_CONTEXT() REPRESENTATION_CONTEXT('2D SPACE',''
  ) );
#6197 = PCURVE('',#6198,#6203);
#6198 = PLANE('',#6199);
#6199 = AXIS2_PLACEMENT_3D('',#6200,#6201,#6202);
#6200 = CARTESIAN_POINT('',(17.05,-7.,0.));
#6201 = DIRECTION('',(-0.,1.,0.));
#6202 = DIRECTION('',(0.,0.,1.));
#6203 = DEFINITIONAL_REPRESENTATION('',(#6204),#6208);
#6204 = LINE('',#6205,#6206);
#6205 = CARTESIAN_POINT('',(0.,1.3));
#6206 = VECTOR('',#6207,1.);
#6207 = DIRECTION('',(1.,0.));
#6208 = ( GEOMETRIC_REPRESENTATION_CONTEXT(2) 
PARAMETRIC_REPRESENTATION_CONTEXT() REPRESENTATION_CONTEXT('2D SPACE',''
  ) );
#6209 = ORIENTED_EDGE('',*,*,#6210,.F.);
#6210 = EDGE_CURVE('',#6211,#6183,#6213,.T.);
#6211 = VERTEX_POINT('',#6212);
#6212 = CARTESIAN_POINT('',(18.35,-10.,0.));
#6213 = SURFACE_CURVE('',#6214,(#6218,#6225),.PCURVE_S1.);
#6214 = LINE('',#6215,#6216);
#6215 = CARTESIAN_POINT('',(18.35,2.7,0.));
#6216 = VECTOR('',#6217,1.);
#6217 = DIRECTION('',(0.,1.,0.));
#6218 = PCURVE('',#2968,#6219);
#6219 = DEFINITIONAL_REPRESENTATION('',(#6220),#6224);
#6220 = LINE('',#6221,#6222);
#6221 = CARTESIAN_POINT('',(18.45,0.));
#6222 = VECTOR('',#6223,1.);
#6223 = DIRECTION('',(1.,0.));
#6224 = ( GEOMETRIC_REPRESENTATION_CONTEXT(2) 
PARAMETRIC_REPRESENTATION_CONTEXT() REPRESENTATION_CONTEXT('2D SPACE',''
  ) );
#6225 = PCURVE('',#4505,#6226);
#6226 = DEFINITIONAL_REPRESENTATION('',(#6227),#6231);
#6227 = LINE('',#6228,#6229);
#6228 = CARTESIAN_POINT('',(18.350000000313,7.569135783512E-16));
#6229 = VECTOR('',#6230,1.);
#6230 = DIRECTION('',(0.,1.));
#6231 = ( GEOMETRIC_REPRESENTATION_CONTEXT(2) 
PARAMETRIC_REPRESENTATION_CONTEXT() REPRESENTATION_CONTEXT('2D SPACE',''
  ) );
#6232 = ORIENTED_EDGE('',*,*,#6233,.T.);
#6233 = EDGE_CURVE('',#6211,#6053,#6234,.T.);
#6234 = SURFACE_CURVE('',#6235,(#6239,#6246),.PCURVE_S1.);
#6235 = LINE('',#6236,#6237);
#6236 = CARTESIAN_POINT('',(18.35,-10.,0.));
#6237 = VECTOR('',#6238,1.);
#6238 = DIRECTION('',(0.,0.,1.));
#6239 = PCURVE('',#2968,#6240);
#6240 = DEFINITIONAL_REPRESENTATION('',(#6241),#6245);
#6241 = LINE('',#6242,#6243);
#6242 = CARTESIAN_POINT('',(5.75,0.));
#6243 = VECTOR('',#6244,1.);
#6244 = DIRECTION('',(0.,-1.));
#6245 = ( GEOMETRIC_REPRESENTATION_CONTEXT(2) 
PARAMETRIC_REPRESENTATION_CONTEXT() REPRESENTATION_CONTEXT('2D SPACE',''
  ) );
#6246 = PCURVE('',#6247,#6252);
#6247 = PLANE('',#6248);
#6248 = AXIS2_PLACEMENT_3D('',#6249,#6250,#6251);
#6249 = CARTESIAN_POINT('',(17.05,-10.,0.));
#6250 = DIRECTION('',(-0.,1.,0.));
#6251 = DIRECTION('',(0.,0.,1.));
#6252 = DEFINITIONAL_REPRESENTATION('',(#6253),#6257);
#6253 = LINE('',#6254,#6255);
#6254 = CARTESIAN_POINT('',(0.,1.3));
#6255 = VECTOR('',#6256,1.);
#6256 = DIRECTION('',(1.,0.));
#6257 = ( GEOMETRIC_REPRESENTATION_CONTEXT(2) 
PARAMETRIC_REPRESENTATION_CONTEXT() REPRESENTATION_CONTEXT('2D SPACE',''
  ) );
#6258 = FACE_BOUND('',#6259,.T.);
#6259 = EDGE_LOOP('',(#6260,#6283,#6304,#6325));
#6260 = ORIENTED_EDGE('',*,*,#6261,.F.);
#6261 = EDGE_CURVE('',#6262,#6264,#6266,.T.);
#6262 = VERTEX_POINT('',#6263);
#6263 = CARTESIAN_POINT('',(18.35,4.4,8.1));
#6264 = VERTEX_POINT('',#6265);
#6265 = CARTESIAN_POINT('',(18.35,16.6,8.1));
#6266 = SURFACE_CURVE('',#6267,(#6271,#6277),.PCURVE_S1.);
#6267 = LINE('',#6268,#6269);
#6268 = CARTESIAN_POINT('',(18.35,-5.675,8.1));
#6269 = VECTOR('',#6270,1.);
#6270 = DIRECTION('',(0.,1.,-0.));
#6271 = PCURVE('',#2968,#6272);
#6272 = DEFINITIONAL_REPRESENTATION('',(#6273),#6276);
#6273 = B_SPLINE_CURVE_WITH_KNOTS('',1,(#6274,#6275),.UNSPECIFIED.,.F.,
  .F.,(2,2),(10.075,22.275),.PIECEWISE_BEZIER_KNOTS.);
#6274 = CARTESIAN_POINT('',(20.15,-8.1));
#6275 = CARTESIAN_POINT('',(32.35,-8.1));
#6276 = ( GEOMETRIC_REPRESENTATION_CONTEXT(2) 
PARAMETRIC_REPRESENTATION_CONTEXT() REPRESENTATION_CONTEXT('2D SPACE',''
  ) );
#6277 = PCURVE('',#4843,#6278);
#6278 = DEFINITIONAL_REPRESENTATION('',(#6279),#6282);
#6279 = B_SPLINE_CURVE_WITH_KNOTS('',1,(#6280,#6281),.UNSPECIFIED.,.F.,
  .F.,(2,2),(10.075,22.275),.PIECEWISE_BEZIER_KNOTS.);
#6280 = CARTESIAN_POINT('',(0.8,0.));
#6281 = CARTESIAN_POINT('',(0.8,12.2));
#6282 = ( GEOMETRIC_REPRESENTATION_CONTEXT(2) 
PARAMETRIC_REPRESENTATION_CONTEXT() REPRESENTATION_CONTEXT('2D SPACE',''
  ) );
#6283 = ORIENTED_EDGE('',*,*,#6284,.T.);
#6284 = EDGE_CURVE('',#6262,#6285,#6287,.T.);
#6285 = VERTEX_POINT('',#6286);
#6286 = CARTESIAN_POINT('',(18.35,4.4,5.3));
#6287 = SURFACE_CURVE('',#6288,(#6292,#6298),.PCURVE_S1.);
#6288 = LINE('',#6289,#6290);
#6289 = CARTESIAN_POINT('',(18.35,4.4,2.65));
#6290 = VECTOR('',#6291,1.);
#6291 = DIRECTION('',(0.,0.,-1.));
#6292 = PCURVE('',#2968,#6293);
#6293 = DEFINITIONAL_REPRESENTATION('',(#6294),#6297);
#6294 = B_SPLINE_CURVE_WITH_KNOTS('',1,(#6295,#6296),.UNSPECIFIED.,.F.,
  .F.,(2,2),(-5.45,-2.65),.PIECEWISE_BEZIER_KNOTS.);
#6295 = CARTESIAN_POINT('',(20.15,-8.1));
#6296 = CARTESIAN_POINT('',(20.15,-5.3));
#6297 = ( GEOMETRIC_REPRESENTATION_CONTEXT(2) 
PARAMETRIC_REPRESENTATION_CONTEXT() REPRESENTATION_CONTEXT('2D SPACE',''
  ) );
#6298 = PCURVE('',#4869,#6299);
#6299 = DEFINITIONAL_REPRESENTATION('',(#6300),#6303);
#6300 = B_SPLINE_CURVE_WITH_KNOTS('',1,(#6301,#6302),.UNSPECIFIED.,.F.,
  .F.,(2,2),(-5.45,-2.65),.PIECEWISE_BEZIER_KNOTS.);
#6301 = CARTESIAN_POINT('',(2.8,0.8));
#6302 = CARTESIAN_POINT('',(0.,0.8));
#6303 = ( GEOMETRIC_REPRESENTATION_CONTEXT(2) 
PARAMETRIC_REPRESENTATION_CONTEXT() REPRESENTATION_CONTEXT('2D SPACE',''
  ) );
#6304 = ORIENTED_EDGE('',*,*,#6305,.T.);
#6305 = EDGE_CURVE('',#6285,#6306,#6308,.T.);
#6306 = VERTEX_POINT('',#6307);
#6307 = CARTESIAN_POINT('',(18.35,16.6,5.3));
#6308 = SURFACE_CURVE('',#6309,(#6313,#6319),.PCURVE_S1.);
#6309 = LINE('',#6310,#6311);
#6310 = CARTESIAN_POINT('',(18.35,-5.675,5.3));
#6311 = VECTOR('',#6312,1.);
#6312 = DIRECTION('',(0.,1.,-0.));
#6313 = PCURVE('',#2968,#6314);
#6314 = DEFINITIONAL_REPRESENTATION('',(#6315),#6318);
#6315 = B_SPLINE_CURVE_WITH_KNOTS('',1,(#6316,#6317),.UNSPECIFIED.,.F.,
  .F.,(2,2),(10.075,22.275),.PIECEWISE_BEZIER_KNOTS.);
#6316 = CARTESIAN_POINT('',(20.15,-5.3));
#6317 = CARTESIAN_POINT('',(32.35,-5.3));
#6318 = ( GEOMETRIC_REPRESENTATION_CONTEXT(2) 
PARAMETRIC_REPRESENTATION_CONTEXT() REPRESENTATION_CONTEXT('2D SPACE',''
  ) );
#6319 = PCURVE('',#4895,#6320);
#6320 = DEFINITIONAL_REPRESENTATION('',(#6321),#6324);
#6321 = B_SPLINE_CURVE_WITH_KNOTS('',1,(#6322,#6323),.UNSPECIFIED.,.F.,
  .F.,(2,2),(10.075,22.275),.PIECEWISE_BEZIER_KNOTS.);
#6322 = CARTESIAN_POINT('',(0.8,0.));
#6323 = CARTESIAN_POINT('',(0.8,12.2));
#6324 = ( GEOMETRIC_REPRESENTATION_CONTEXT(2) 
PARAMETRIC_REPRESENTATION_CONTEXT() REPRESENTATION_CONTEXT('2D SPACE',''
  ) );
#6325 = ORIENTED_EDGE('',*,*,#6326,.F.);
#6326 = EDGE_CURVE('',#6264,#6306,#6327,.T.);
#6327 = SURFACE_CURVE('',#6328,(#6332,#6338),.PCURVE_S1.);
#6328 = LINE('',#6329,#6330);
#6329 = CARTESIAN_POINT('',(18.35,16.6,2.65));
#6330 = VECTOR('',#6331,1.);
#6331 = DIRECTION('',(0.,0.,-1.));
#6332 = PCURVE('',#2968,#6333);
#6333 = DEFINITIONAL_REPRESENTATION('',(#6334),#6337);
#6334 = B_SPLINE_CURVE_WITH_KNOTS('',1,(#6335,#6336),.UNSPECIFIED.,.F.,
  .F.,(2,2),(-5.45,-2.65),.PIECEWISE_BEZIER_KNOTS.);
#6335 = CARTESIAN_POINT('',(32.35,-8.1));
#6336 = CARTESIAN_POINT('',(32.35,-5.3));
#6337 = ( GEOMETRIC_REPRESENTATION_CONTEXT(2) 
PARAMETRIC_REPRESENTATION_CONTEXT() REPRESENTATION_CONTEXT('2D SPACE',''
  ) );
#6338 = PCURVE('',#4919,#6339);
#6339 = DEFINITIONAL_REPRESENTATION('',(#6340),#6343);
#6340 = B_SPLINE_CURVE_WITH_KNOTS('',1,(#6341,#6342),.UNSPECIFIED.,.F.,
  .F.,(2,2),(-5.45,-2.65),.PIECEWISE_BEZIER_KNOTS.);
#6341 = CARTESIAN_POINT('',(2.8,0.8));
#6342 = CARTESIAN_POINT('',(0.,0.8));
#6343 = ( GEOMETRIC_REPRESENTATION_CONTEXT(2) 
PARAMETRIC_REPRESENTATION_CONTEXT() REPRESENTATION_CONTEXT('2D SPACE',''
  ) );
#6344 = ADVANCED_FACE('',(#6345),#2997,.F.);
#6345 = FACE_BOUND('',#6346,.T.);
#6346 = EDGE_LOOP('',(#6347,#6373,#6392,#6393,#6394,#6422));
#6347 = ORIENTED_EDGE('',*,*,#6348,.F.);
#6348 = EDGE_CURVE('',#6349,#6351,#6353,.T.);
#6349 = VERTEX_POINT('',#6350);
#6350 = CARTESIAN_POINT('',(15.,-20.87810881268,0.));
#6351 = VERTEX_POINT('',#6352);
#6352 = CARTESIAN_POINT('',(17.878108812032,-18.,0.));
#6353 = SURFACE_CURVE('',#6354,(#6359,#6366),.PCURVE_S1.);
#6354 = CIRCLE('',#6355,5.6);
#6355 = AXIS2_PLACEMENT_3D('',#6356,#6357,#6358);
#6356 = CARTESIAN_POINT('',(12.749999998834,-15.75,0.));
#6357 = DIRECTION('',(0.,0.,1.));
#6358 = DIRECTION('',(1.,0.,0.));
#6359 = PCURVE('',#2997,#6360);
#6360 = DEFINITIONAL_REPRESENTATION('',(#6361),#6365);
#6361 = LINE('',#6362,#6363);
#6362 = CARTESIAN_POINT('',(-0.,0.));
#6363 = VECTOR('',#6364,1.);
#6364 = DIRECTION('',(-1.,0.));
#6365 = ( GEOMETRIC_REPRESENTATION_CONTEXT(2) 
PARAMETRIC_REPRESENTATION_CONTEXT() REPRESENTATION_CONTEXT('2D SPACE',''
  ) );
#6366 = PCURVE('',#4505,#6367);
#6367 = DEFINITIONAL_REPRESENTATION('',(#6368),#6372);
#6368 = CIRCLE('',#6369,5.6);
#6369 = AXIS2_PLACEMENT_2D('',#6370,#6371);
#6370 = CARTESIAN_POINT('',(12.749999999147,-18.45));
#6371 = DIRECTION('',(1.,0.));
#6372 = ( GEOMETRIC_REPRESENTATION_CONTEXT(2) 
PARAMETRIC_REPRESENTATION_CONTEXT() REPRESENTATION_CONTEXT('2D SPACE',''
  ) );
#6373 = ORIENTED_EDGE('',*,*,#6374,.F.);
#6374 = EDGE_CURVE('',#2981,#6349,#6375,.T.);
#6375 = SURFACE_CURVE('',#6376,(#6380,#6386),.PCURVE_S1.);
#6376 = LINE('',#6377,#6378);
#6377 = CARTESIAN_POINT('',(15.,-20.87810881268,0.));
#6378 = VECTOR('',#6379,1.);
#6379 = DIRECTION('',(-0.,-0.,-1.));
#6380 = PCURVE('',#2997,#6381);
#6381 = DEFINITIONAL_REPRESENTATION('',(#6382),#6385);
#6382 = B_SPLINE_CURVE_WITH_KNOTS('',1,(#6383,#6384),.UNSPECIFIED.,.F.,
  .F.,(2,2),(-13.5500024,2.4E-06),.PIECEWISE_BEZIER_KNOTS.);
#6383 = CARTESIAN_POINT('',(-5.12585503103,-13.5500024));
#6384 = CARTESIAN_POINT('',(-5.12585503103,2.4E-06));
#6385 = ( GEOMETRIC_REPRESENTATION_CONTEXT(2) 
PARAMETRIC_REPRESENTATION_CONTEXT() REPRESENTATION_CONTEXT('2D SPACE',''
  ) );
#6386 = PCURVE('',#3025,#6387);
#6387 = DEFINITIONAL_REPRESENTATION('',(#6388),#6391);
#6388 = B_SPLINE_CURVE_WITH_KNOTS('',1,(#6389,#6390),.UNSPECIFIED.,.F.,
  .F.,(2,2),(-13.5500024,2.4E-06),.PIECEWISE_BEZIER_KNOTS.);
#6389 = CARTESIAN_POINT('',(13.5500024,-0.471891187313));
#6390 = CARTESIAN_POINT('',(-2.4E-06,-0.471891187313));
#6391 = ( GEOMETRIC_REPRESENTATION_CONTEXT(2) 
PARAMETRIC_REPRESENTATION_CONTEXT() REPRESENTATION_CONTEXT('2D SPACE',''
  ) );
#6392 = ORIENTED_EDGE('',*,*,#2980,.T.);
#6393 = ORIENTED_EDGE('',*,*,#6080,.F.);
#6394 = ORIENTED_EDGE('',*,*,#6395,.T.);
#6395 = EDGE_CURVE('',#6051,#6396,#6398,.T.);
#6396 = VERTEX_POINT('',#6397);
#6397 = CARTESIAN_POINT('',(17.878108812032,-18.,10.5));
#6398 = SURFACE_CURVE('',#6399,(#6404,#6411),.PCURVE_S1.);
#6399 = CIRCLE('',#6400,5.6);
#6400 = AXIS2_PLACEMENT_3D('',#6401,#6402,#6403);
#6401 = CARTESIAN_POINT('',(12.749999998834,-15.75,10.5));
#6402 = DIRECTION('',(0.,0.,-1.));
#6403 = DIRECTION('',(1.,0.,0.));
#6404 = PCURVE('',#2997,#6405);
#6405 = DEFINITIONAL_REPRESENTATION('',(#6406),#6410);
#6406 = LINE('',#6407,#6408);
#6407 = CARTESIAN_POINT('',(-6.28318530718,-10.5));
#6408 = VECTOR('',#6409,1.);
#6409 = DIRECTION('',(1.,-0.));
#6410 = ( GEOMETRIC_REPRESENTATION_CONTEXT(2) 
PARAMETRIC_REPRESENTATION_CONTEXT() REPRESENTATION_CONTEXT('2D SPACE',''
  ) );
#6411 = PCURVE('',#6068,#6412);
#6412 = DEFINITIONAL_REPRESENTATION('',(#6413),#6421);
#6413 = ( BOUNDED_CURVE() B_SPLINE_CURVE(2,(#6414,#6415,#6416,#6417,
#6418,#6419,#6420),.UNSPECIFIED.,.T.,.F.) B_SPLINE_CURVE_WITH_KNOTS((1,2
    ,2,2,2,1),(-2.094395102393,0.,2.094395102393,4.188790204786,
6.28318530718,8.377580409573),.UNSPECIFIED.) CURVE() 
GEOMETRIC_REPRESENTATION_ITEM() RATIONAL_B_SPLINE_CURVE((1.,0.5,1.,0.5,
1.,0.5,1.)) REPRESENTATION_ITEM('') );
#6414 = CARTESIAN_POINT('',(1.299999998834,2.25));
#6415 = CARTESIAN_POINT('',(1.299999998834,-7.449484522386));
#6416 = CARTESIAN_POINT('',(-7.100000001166,-2.599742261193));
#6417 = CARTESIAN_POINT('',(-15.50000000116,2.25));
#6418 = CARTESIAN_POINT('',(-7.100000001166,7.099742261193));
#6419 = CARTESIAN_POINT('',(1.299999998834,11.949484522386));
#6420 = CARTESIAN_POINT('',(1.299999998834,2.25));
#6421 = ( GEOMETRIC_REPRESENTATION_CONTEXT(2) 
PARAMETRIC_REPRESENTATION_CONTEXT() REPRESENTATION_CONTEXT('2D SPACE',''
  ) );
#6422 = ORIENTED_EDGE('',*,*,#6423,.T.);
#6423 = EDGE_CURVE('',#6396,#6351,#6424,.T.);
#6424 = SURFACE_CURVE('',#6425,(#6429,#6435),.PCURVE_S1.);
#6425 = LINE('',#6426,#6427);
#6426 = CARTESIAN_POINT('',(17.878108812032,-18.,0.));
#6427 = VECTOR('',#6428,1.);
#6428 = DIRECTION('',(-0.,-0.,-1.));
#6429 = PCURVE('',#2997,#6430);
#6430 = DEFINITIONAL_REPRESENTATION('',(#6431),#6434);
#6431 = B_SPLINE_CURVE_WITH_KNOTS('',1,(#6432,#6433),.UNSPECIFIED.,.F.,
  .F.,(2,2),(-11.55,2.4E-06),.PIECEWISE_BEZIER_KNOTS.);
#6432 = CARTESIAN_POINT('',(-5.869719256762,-11.55));
#6433 = CARTESIAN_POINT('',(-5.869719256762,2.4E-06));
#6434 = ( GEOMETRIC_REPRESENTATION_CONTEXT(2) 
PARAMETRIC_REPRESENTATION_CONTEXT() REPRESENTATION_CONTEXT('2D SPACE',''
  ) );
#6435 = PCURVE('',#6436,#6441);
#6436 = PLANE('',#6437);
#6437 = AXIS2_PLACEMENT_3D('',#6438,#6439,#6440);
#6438 = CARTESIAN_POINT('',(17.05,-18.,0.));
#6439 = DIRECTION('',(-0.,1.,0.));
#6440 = DIRECTION('',(0.,0.,1.));
#6441 = DEFINITIONAL_REPRESENTATION('',(#6442),#6445);
#6442 = B_SPLINE_CURVE_WITH_KNOTS('',1,(#6443,#6444),.UNSPECIFIED.,.F.,
  .F.,(2,2),(-11.55,2.4E-06),.PIECEWISE_BEZIER_KNOTS.);
#6443 = CARTESIAN_POINT('',(11.55,0.828108812032));
#6444 = CARTESIAN_POINT('',(-2.4E-06,0.828108812032));
#6445 = ( GEOMETRIC_REPRESENTATION_CONTEXT(2) 
PARAMETRIC_REPRESENTATION_CONTEXT() REPRESENTATION_CONTEXT('2D SPACE',''
  ) );
#6446 = ADVANCED_FACE('',(#6447),#3025,.T.);
#6447 = FACE_BOUND('',#6448,.T.);
#6448 = EDGE_LOOP('',(#6449,#6450,#6473,#6501,#6529,#6556,#6584,#6612,
    #6633));
#6449 = ORIENTED_EDGE('',*,*,#6374,.T.);
#6450 = ORIENTED_EDGE('',*,*,#6451,.T.);
#6451 = EDGE_CURVE('',#6349,#6452,#6454,.T.);
#6452 = VERTEX_POINT('',#6453);
#6453 = CARTESIAN_POINT('',(15.,-19.75,0.));
#6454 = SURFACE_CURVE('',#6455,(#6459,#6466),.PCURVE_S1.);
#6455 = LINE('',#6456,#6457);
#6456 = CARTESIAN_POINT('',(15.,-21.35,0.));
#6457 = VECTOR('',#6458,1.);
#6458 = DIRECTION('',(-0.,1.,0.));
#6459 = PCURVE('',#3025,#6460);
#6460 = DEFINITIONAL_REPRESENTATION('',(#6461),#6465);
#6461 = LINE('',#6462,#6463);
#6462 = CARTESIAN_POINT('',(0.,0.));
#6463 = VECTOR('',#6464,1.);
#6464 = DIRECTION('',(0.,-1.));
#6465 = ( GEOMETRIC_REPRESENTATION_CONTEXT(2) 
PARAMETRIC_REPRESENTATION_CONTEXT() REPRESENTATION_CONTEXT('2D SPACE',''
  ) );
#6466 = PCURVE('',#4505,#6467);
#6467 = DEFINITIONAL_REPRESENTATION('',(#6468),#6472);
#6468 = LINE('',#6469,#6470);
#6469 = CARTESIAN_POINT('',(15.000000000313,-24.05));
#6470 = VECTOR('',#6471,1.);
#6471 = DIRECTION('',(0.,1.));
#6472 = ( GEOMETRIC_REPRESENTATION_CONTEXT(2) 
PARAMETRIC_REPRESENTATION_CONTEXT() REPRESENTATION_CONTEXT('2D SPACE',''
  ) );
#6473 = ORIENTED_EDGE('',*,*,#6474,.T.);
#6474 = EDGE_CURVE('',#6452,#6475,#6477,.T.);
#6475 = VERTEX_POINT('',#6476);
#6476 = CARTESIAN_POINT('',(15.,-19.75,5.8));
#6477 = SURFACE_CURVE('',#6478,(#6482,#6489),.PCURVE_S1.);
#6478 = LINE('',#6479,#6480);
#6479 = CARTESIAN_POINT('',(15.,-19.75,0.));
#6480 = VECTOR('',#6481,1.);
#6481 = DIRECTION('',(0.,0.,1.));
#6482 = PCURVE('',#3025,#6483);
#6483 = DEFINITIONAL_REPRESENTATION('',(#6484),#6488);
#6484 = LINE('',#6485,#6486);
#6485 = CARTESIAN_POINT('',(0.,-1.6));
#6486 = VECTOR('',#6487,1.);
#6487 = DIRECTION('',(1.,0.));
#6488 = ( GEOMETRIC_REPRESENTATION_CONTEXT(2) 
PARAMETRIC_REPRESENTATION_CONTEXT() REPRESENTATION_CONTEXT('2D SPACE',''
  ) );
#6489 = PCURVE('',#6490,#6495);
#6490 = PLANE('',#6491);
#6491 = AXIS2_PLACEMENT_3D('',#6492,#6493,#6494);
#6492 = CARTESIAN_POINT('',(10.,-19.75,0.));
#6493 = DIRECTION('',(-0.,1.,0.));
#6494 = DIRECTION('',(0.,0.,1.));
#6495 = DEFINITIONAL_REPRESENTATION('',(#6496),#6500);
#6496 = LINE('',#6497,#6498);
#6497 = CARTESIAN_POINT('',(0.,5.));
#6498 = VECTOR('',#6499,1.);
#6499 = DIRECTION('',(1.,0.));
#6500 = ( GEOMETRIC_REPRESENTATION_CONTEXT(2) 
PARAMETRIC_REPRESENTATION_CONTEXT() REPRESENTATION_CONTEXT('2D SPACE',''
  ) );
#6501 = ORIENTED_EDGE('',*,*,#6502,.T.);
#6502 = EDGE_CURVE('',#6475,#6503,#6505,.T.);
#6503 = VERTEX_POINT('',#6504);
#6504 = CARTESIAN_POINT('',(15.,-18.15,5.8));
#6505 = SURFACE_CURVE('',#6506,(#6510,#6517),.PCURVE_S1.);
#6506 = LINE('',#6507,#6508);
#6507 = CARTESIAN_POINT('',(15.,-19.75,5.8));
#6508 = VECTOR('',#6509,1.);
#6509 = DIRECTION('',(-0.,1.,0.));
#6510 = PCURVE('',#3025,#6511);
#6511 = DEFINITIONAL_REPRESENTATION('',(#6512),#6516);
#6512 = LINE('',#6513,#6514);
#6513 = CARTESIAN_POINT('',(5.8,-1.6));
#6514 = VECTOR('',#6515,1.);
#6515 = DIRECTION('',(0.,-1.));
#6516 = ( GEOMETRIC_REPRESENTATION_CONTEXT(2) 
PARAMETRIC_REPRESENTATION_CONTEXT() REPRESENTATION_CONTEXT('2D SPACE',''
  ) );
#6517 = PCURVE('',#6518,#6523);
#6518 = PLANE('',#6519);
#6519 = AXIS2_PLACEMENT_3D('',#6520,#6521,#6522);
#6520 = CARTESIAN_POINT('',(10.,-19.75,5.8));
#6521 = DIRECTION('',(0.,0.,1.));
#6522 = DIRECTION('',(1.,0.,-0.));
#6523 = DEFINITIONAL_REPRESENTATION('',(#6524),#6528);
#6524 = LINE('',#6525,#6526);
#6525 = CARTESIAN_POINT('',(5.,0.));
#6526 = VECTOR('',#6527,1.);
#6527 = DIRECTION('',(0.,1.));
#6528 = ( GEOMETRIC_REPRESENTATION_CONTEXT(2) 
PARAMETRIC_REPRESENTATION_CONTEXT() REPRESENTATION_CONTEXT('2D SPACE',''
  ) );
#6529 = ORIENTED_EDGE('',*,*,#6530,.F.);
#6530 = EDGE_CURVE('',#6531,#6503,#6533,.T.);
#6531 = VERTEX_POINT('',#6532);
#6532 = CARTESIAN_POINT('',(15.,-17.05,6.9));
#6533 = SURFACE_CURVE('',#6534,(#6538,#6545),.PCURVE_S1.);
#6534 = LINE('',#6535,#6536);
#6535 = CARTESIAN_POINT('',(15.,-18.55,5.4));
#6536 = VECTOR('',#6537,1.);
#6537 = DIRECTION('',(0.,-0.707106781187,-0.707106781187));
#6538 = PCURVE('',#3025,#6539);
#6539 = DEFINITIONAL_REPRESENTATION('',(#6540),#6544);
#6540 = LINE('',#6541,#6542);
#6541 = CARTESIAN_POINT('',(5.4,-2.8));
#6542 = VECTOR('',#6543,1.);
#6543 = DIRECTION('',(-0.707106781187,0.707106781187));
#6544 = ( GEOMETRIC_REPRESENTATION_CONTEXT(2) 
PARAMETRIC_REPRESENTATION_CONTEXT() REPRESENTATION_CONTEXT('2D SPACE',''
  ) );
#6545 = PCURVE('',#6546,#6551);
#6546 = PLANE('',#6547);
#6547 = AXIS2_PLACEMENT_3D('',#6548,#6549,#6550);
#6548 = CARTESIAN_POINT('',(12.5,-18.15,5.8));
#6549 = DIRECTION('',(0.,-0.707106781187,0.707106781187));
#6550 = DIRECTION('',(0.,0.707106781187,0.707106781187));
#6551 = DEFINITIONAL_REPRESENTATION('',(#6552),#6555);
#6552 = B_SPLINE_CURVE_WITH_KNOTS('',1,(#6553,#6554),.UNSPECIFIED.,.F.,
  .F.,(2,2),(-2.12132034356,-0.565685424949),.PIECEWISE_BEZIER_KNOTS.);
#6553 = CARTESIAN_POINT('',(1.55563491861,-2.5));
#6554 = CARTESIAN_POINT('',(0.,-2.5));
#6555 = ( GEOMETRIC_REPRESENTATION_CONTEXT(2) 
PARAMETRIC_REPRESENTATION_CONTEXT() REPRESENTATION_CONTEXT('2D SPACE',''
  ) );
#6556 = ORIENTED_EDGE('',*,*,#6557,.T.);
#6557 = EDGE_CURVE('',#6531,#6558,#6560,.T.);
#6558 = VERTEX_POINT('',#6559);
#6559 = CARTESIAN_POINT('',(15.,-17.05,7.5));
#6560 = SURFACE_CURVE('',#6561,(#6565,#6572),.PCURVE_S1.);
#6561 = LINE('',#6562,#6563);
#6562 = CARTESIAN_POINT('',(15.,-17.05,5.8));
#6563 = VECTOR('',#6564,1.);
#6564 = DIRECTION('',(0.,0.,1.));
#6565 = PCURVE('',#3025,#6566);
#6566 = DEFINITIONAL_REPRESENTATION('',(#6567),#6571);
#6567 = LINE('',#6568,#6569);
#6568 = CARTESIAN_POINT('',(5.8,-4.3));
#6569 = VECTOR('',#6570,1.);
#6570 = DIRECTION('',(1.,0.));
#6571 = ( GEOMETRIC_REPRESENTATION_CONTEXT(2) 
PARAMETRIC_REPRESENTATION_CONTEXT() REPRESENTATION_CONTEXT('2D SPACE',''
  ) );
#6572 = PCURVE('',#6573,#6578);
#6573 = PLANE('',#6574);
#6574 = AXIS2_PLACEMENT_3D('',#6575,#6576,#6577);
#6575 = CARTESIAN_POINT('',(10.,-17.05,5.8));
#6576 = DIRECTION('',(-0.,1.,0.));
#6577 = DIRECTION('',(0.,0.,1.));
#6578 = DEFINITIONAL_REPRESENTATION('',(#6579),#6583);
#6579 = LINE('',#6580,#6581);
#6580 = CARTESIAN_POINT('',(0.,5.));
#6581 = VECTOR('',#6582,1.);
#6582 = DIRECTION('',(1.,0.));
#6583 = ( GEOMETRIC_REPRESENTATION_CONTEXT(2) 
PARAMETRIC_REPRESENTATION_CONTEXT() REPRESENTATION_CONTEXT('2D SPACE',''
  ) );
#6584 = ORIENTED_EDGE('',*,*,#6585,.F.);
#6585 = EDGE_CURVE('',#6586,#6558,#6588,.T.);
#6586 = VERTEX_POINT('',#6587);
#6587 = CARTESIAN_POINT('',(15.,-19.75,7.5));
#6588 = SURFACE_CURVE('',#6589,(#6593,#6600),.PCURVE_S1.);
#6589 = LINE('',#6590,#6591);
#6590 = CARTESIAN_POINT('',(15.,-21.35,7.5));
#6591 = VECTOR('',#6592,1.);
#6592 = DIRECTION('',(0.,1.,2.065531208605E-16));
#6593 = PCURVE('',#3025,#6594);
#6594 = DEFINITIONAL_REPRESENTATION('',(#6595),#6599);
#6595 = LINE('',#6596,#6597);
#6596 = CARTESIAN_POINT('',(7.5,0.));
#6597 = VECTOR('',#6598,1.);
#6598 = DIRECTION('',(2.065531208605E-16,-1.));
#6599 = ( GEOMETRIC_REPRESENTATION_CONTEXT(2) 
PARAMETRIC_REPRESENTATION_CONTEXT() REPRESENTATION_CONTEXT('2D SPACE',''
  ) );
#6600 = PCURVE('',#6601,#6606);
#6601 = PLANE('',#6602);
#6602 = AXIS2_PLACEMENT_3D('',#6603,#6604,#6605);
#6603 = CARTESIAN_POINT('',(10.,-21.35,7.5));
#6604 = DIRECTION('',(0.,0.,1.));
#6605 = DIRECTION('',(1.,0.,-0.));
#6606 = DEFINITIONAL_REPRESENTATION('',(#6607),#6611);
#6607 = LINE('',#6608,#6609);
#6608 = CARTESIAN_POINT('',(5.,0.));
#6609 = VECTOR('',#6610,1.);
#6610 = DIRECTION('',(0.,1.));
#6611 = ( GEOMETRIC_REPRESENTATION_CONTEXT(2) 
PARAMETRIC_REPRESENTATION_CONTEXT() REPRESENTATION_CONTEXT('2D SPACE',''
  ) );
#6612 = ORIENTED_EDGE('',*,*,#6613,.T.);
#6613 = EDGE_CURVE('',#6586,#3010,#6614,.T.);
#6614 = SURFACE_CURVE('',#6615,(#6619,#6626),.PCURVE_S1.);
#6615 = LINE('',#6616,#6617);
#6616 = CARTESIAN_POINT('',(15.,-19.75,7.5));
#6617 = VECTOR('',#6618,1.);
#6618 = DIRECTION('',(0.,0.,1.));
#6619 = PCURVE('',#3025,#6620);
#6620 = DEFINITIONAL_REPRESENTATION('',(#6621),#6625);
#6621 = LINE('',#6622,#6623);
#6622 = CARTESIAN_POINT('',(7.5,-1.6));
#6623 = VECTOR('',#6624,1.);
#6624 = DIRECTION('',(1.,0.));
#6625 = ( GEOMETRIC_REPRESENTATION_CONTEXT(2) 
PARAMETRIC_REPRESENTATION_CONTEXT() REPRESENTATION_CONTEXT('2D SPACE',''
  ) );
#6626 = PCURVE('',#3053,#6627);
#6627 = DEFINITIONAL_REPRESENTATION('',(#6628),#6632);
#6628 = LINE('',#6629,#6630);
#6629 = CARTESIAN_POINT('',(0.,5.));
#6630 = VECTOR('',#6631,1.);
#6631 = DIRECTION('',(1.,0.));
#6632 = ( GEOMETRIC_REPRESENTATION_CONTEXT(2) 
PARAMETRIC_REPRESENTATION_CONTEXT() REPRESENTATION_CONTEXT('2D SPACE',''
  ) );
#6633 = ORIENTED_EDGE('',*,*,#3009,.F.);
#6634 = ADVANCED_FACE('',(#6635),#3053,.T.);
#6635 = FACE_BOUND('',#6636,.T.);
#6636 = EDGE_LOOP('',(#6637,#6660,#6681,#6682));
#6637 = ORIENTED_EDGE('',*,*,#6638,.F.);
#6638 = EDGE_CURVE('',#6639,#6586,#6641,.T.);
#6639 = VERTEX_POINT('',#6640);
#6640 = CARTESIAN_POINT('',(10.,-19.75,7.5));
#6641 = SURFACE_CURVE('',#6642,(#6646,#6653),.PCURVE_S1.);
#6642 = LINE('',#6643,#6644);
#6643 = CARTESIAN_POINT('',(10.,-19.75,7.5));
#6644 = VECTOR('',#6645,1.);
#6645 = DIRECTION('',(1.,0.,-0.));
#6646 = PCURVE('',#3053,#6647);
#6647 = DEFINITIONAL_REPRESENTATION('',(#6648),#6652);
#6648 = LINE('',#6649,#6650);
#6649 = CARTESIAN_POINT('',(0.,0.));
#6650 = VECTOR('',#6651,1.);
#6651 = DIRECTION('',(0.,1.));
#6652 = ( GEOMETRIC_REPRESENTATION_CONTEXT(2) 
PARAMETRIC_REPRESENTATION_CONTEXT() REPRESENTATION_CONTEXT('2D SPACE',''
  ) );
#6653 = PCURVE('',#6601,#6654);
#6654 = DEFINITIONAL_REPRESENTATION('',(#6655),#6659);
#6655 = LINE('',#6656,#6657);
#6656 = CARTESIAN_POINT('',(0.,1.6));
#6657 = VECTOR('',#6658,1.);
#6658 = DIRECTION('',(1.,0.));
#6659 = ( GEOMETRIC_REPRESENTATION_CONTEXT(2) 
PARAMETRIC_REPRESENTATION_CONTEXT() REPRESENTATION_CONTEXT('2D SPACE',''
  ) );
#6660 = ORIENTED_EDGE('',*,*,#6661,.T.);
#6661 = EDGE_CURVE('',#6639,#3038,#6662,.T.);
#6662 = SURFACE_CURVE('',#6663,(#6667,#6674),.PCURVE_S1.);
#6663 = LINE('',#6664,#6665);
#6664 = CARTESIAN_POINT('',(10.,-19.75,7.5));
#6665 = VECTOR('',#6666,1.);
#6666 = DIRECTION('',(0.,0.,1.));
#6667 = PCURVE('',#3053,#6668);
#6668 = DEFINITIONAL_REPRESENTATION('',(#6669),#6673);
#6669 = LINE('',#6670,#6671);
#6670 = CARTESIAN_POINT('',(0.,0.));
#6671 = VECTOR('',#6672,1.);
#6672 = DIRECTION('',(1.,0.));
#6673 = ( GEOMETRIC_REPRESENTATION_CONTEXT(2) 
PARAMETRIC_REPRESENTATION_CONTEXT() REPRESENTATION_CONTEXT('2D SPACE',''
  ) );
#6674 = PCURVE('',#3081,#6675);
#6675 = DEFINITIONAL_REPRESENTATION('',(#6676),#6680);
#6676 = LINE('',#6677,#6678);
#6677 = CARTESIAN_POINT('',(7.5,-1.6));
#6678 = VECTOR('',#6679,1.);
#6679 = DIRECTION('',(1.,0.));
#6680 = ( GEOMETRIC_REPRESENTATION_CONTEXT(2) 
PARAMETRIC_REPRESENTATION_CONTEXT() REPRESENTATION_CONTEXT('2D SPACE',''
  ) );
#6681 = ORIENTED_EDGE('',*,*,#3037,.T.);
#6682 = ORIENTED_EDGE('',*,*,#6613,.F.);
#6683 = ADVANCED_FACE('',(#6684),#3081,.F.);
#6684 = FACE_BOUND('',#6685,.F.);
#6685 = EDGE_LOOP('',(#6686,#6687,#6710,#6733,#6756,#6778,#6801,#6822,
    #6823));
#6686 = ORIENTED_EDGE('',*,*,#4539,.F.);
#6687 = ORIENTED_EDGE('',*,*,#6688,.T.);
#6688 = EDGE_CURVE('',#4490,#6689,#6691,.T.);
#6689 = VERTEX_POINT('',#6690);
#6690 = CARTESIAN_POINT('',(10.,-19.75,0.));
#6691 = SURFACE_CURVE('',#6692,(#6696,#6703),.PCURVE_S1.);
#6692 = LINE('',#6693,#6694);
#6693 = CARTESIAN_POINT('',(10.,-21.35,0.));
#6694 = VECTOR('',#6695,1.);
#6695 = DIRECTION('',(-0.,1.,0.));
#6696 = PCURVE('',#3081,#6697);
#6697 = DEFINITIONAL_REPRESENTATION('',(#6698),#6702);
#6698 = LINE('',#6699,#6700);
#6699 = CARTESIAN_POINT('',(0.,0.));
#6700 = VECTOR('',#6701,1.);
#6701 = DIRECTION('',(0.,-1.));
#6702 = ( GEOMETRIC_REPRESENTATION_CONTEXT(2) 
PARAMETRIC_REPRESENTATION_CONTEXT() REPRESENTATION_CONTEXT('2D SPACE',''
  ) );
#6703 = PCURVE('',#4505,#6704);
#6704 = DEFINITIONAL_REPRESENTATION('',(#6705),#6709);
#6705 = LINE('',#6706,#6707);
#6706 = CARTESIAN_POINT('',(10.000000000313,-24.05));
#6707 = VECTOR('',#6708,1.);
#6708 = DIRECTION('',(0.,1.));
#6709 = ( GEOMETRIC_REPRESENTATION_CONTEXT(2) 
PARAMETRIC_REPRESENTATION_CONTEXT() REPRESENTATION_CONTEXT('2D SPACE',''
  ) );
#6710 = ORIENTED_EDGE('',*,*,#6711,.T.);
#6711 = EDGE_CURVE('',#6689,#6712,#6714,.T.);
#6712 = VERTEX_POINT('',#6713);
#6713 = CARTESIAN_POINT('',(10.,-19.75,5.8));
#6714 = SURFACE_CURVE('',#6715,(#6719,#6726),.PCURVE_S1.);
#6715 = LINE('',#6716,#6717);
#6716 = CARTESIAN_POINT('',(10.,-19.75,0.));
#6717 = VECTOR('',#6718,1.);
#6718 = DIRECTION('',(0.,0.,1.));
#6719 = PCURVE('',#3081,#6720);
#6720 = DEFINITIONAL_REPRESENTATION('',(#6721),#6725);
#6721 = LINE('',#6722,#6723);
#6722 = CARTESIAN_POINT('',(0.,-1.6));
#6723 = VECTOR('',#6724,1.);
#6724 = DIRECTION('',(1.,0.));
#6725 = ( GEOMETRIC_REPRESENTATION_CONTEXT(2) 
PARAMETRIC_REPRESENTATION_CONTEXT() REPRESENTATION_CONTEXT('2D SPACE',''
  ) );
#6726 = PCURVE('',#6490,#6727);
#6727 = DEFINITIONAL_REPRESENTATION('',(#6728),#6732);
#6728 = LINE('',#6729,#6730);
#6729 = CARTESIAN_POINT('',(0.,0.));
#6730 = VECTOR('',#6731,1.);
#6731 = DIRECTION('',(1.,0.));
#6732 = ( GEOMETRIC_REPRESENTATION_CONTEXT(2) 
PARAMETRIC_REPRESENTATION_CONTEXT() REPRESENTATION_CONTEXT('2D SPACE',''
  ) );
#6733 = ORIENTED_EDGE('',*,*,#6734,.T.);
#6734 = EDGE_CURVE('',#6712,#6735,#6737,.T.);
#6735 = VERTEX_POINT('',#6736);
#6736 = CARTESIAN_POINT('',(10.,-18.15,5.8));
#6737 = SURFACE_CURVE('',#6738,(#6742,#6749),.PCURVE_S1.);
#6738 = LINE('',#6739,#6740);
#6739 = CARTESIAN_POINT('',(10.,-19.75,5.8));
#6740 = VECTOR('',#6741,1.);
#6741 = DIRECTION('',(-0.,1.,0.));
#6742 = PCURVE('',#3081,#6743);
#6743 = DEFINITIONAL_REPRESENTATION('',(#6744),#6748);
#6744 = LINE('',#6745,#6746);
#6745 = CARTESIAN_POINT('',(5.8,-1.6));
#6746 = VECTOR('',#6747,1.);
#6747 = DIRECTION('',(0.,-1.));
#6748 = ( GEOMETRIC_REPRESENTATION_CONTEXT(2) 
PARAMETRIC_REPRESENTATION_CONTEXT() REPRESENTATION_CONTEXT('2D SPACE',''
  ) );
#6749 = PCURVE('',#6518,#6750);
#6750 = DEFINITIONAL_REPRESENTATION('',(#6751),#6755);
#6751 = LINE('',#6752,#6753);
#6752 = CARTESIAN_POINT('',(0.,0.));
#6753 = VECTOR('',#6754,1.);
#6754 = DIRECTION('',(0.,1.));
#6755 = ( GEOMETRIC_REPRESENTATION_CONTEXT(2) 
PARAMETRIC_REPRESENTATION_CONTEXT() REPRESENTATION_CONTEXT('2D SPACE',''
  ) );
#6756 = ORIENTED_EDGE('',*,*,#6757,.F.);
#6757 = EDGE_CURVE('',#6758,#6735,#6760,.T.);
#6758 = VERTEX_POINT('',#6759);
#6759 = CARTESIAN_POINT('',(10.,-17.05,6.9));
#6760 = SURFACE_CURVE('',#6761,(#6765,#6772),.PCURVE_S1.);
#6761 = LINE('',#6762,#6763);
#6762 = CARTESIAN_POINT('',(10.,-18.55,5.4));
#6763 = VECTOR('',#6764,1.);
#6764 = DIRECTION('',(0.,-0.707106781187,-0.707106781187));
#6765 = PCURVE('',#3081,#6766);
#6766 = DEFINITIONAL_REPRESENTATION('',(#6767),#6771);
#6767 = LINE('',#6768,#6769);
#6768 = CARTESIAN_POINT('',(5.4,-2.8));
#6769 = VECTOR('',#6770,1.);
#6770 = DIRECTION('',(-0.707106781187,0.707106781187));
#6771 = ( GEOMETRIC_REPRESENTATION_CONTEXT(2) 
PARAMETRIC_REPRESENTATION_CONTEXT() REPRESENTATION_CONTEXT('2D SPACE',''
  ) );
#6772 = PCURVE('',#6546,#6773);
#6773 = DEFINITIONAL_REPRESENTATION('',(#6774),#6777);
#6774 = B_SPLINE_CURVE_WITH_KNOTS('',1,(#6775,#6776),.UNSPECIFIED.,.F.,
  .F.,(2,2),(-2.12132034356,-0.565685424949),.PIECEWISE_BEZIER_KNOTS.);
#6775 = CARTESIAN_POINT('',(1.55563491861,2.5));
#6776 = CARTESIAN_POINT('',(0.,2.5));
#6777 = ( GEOMETRIC_REPRESENTATION_CONTEXT(2) 
PARAMETRIC_REPRESENTATION_CONTEXT() REPRESENTATION_CONTEXT('2D SPACE',''
  ) );
#6778 = ORIENTED_EDGE('',*,*,#6779,.T.);
#6779 = EDGE_CURVE('',#6758,#6780,#6782,.T.);
#6780 = VERTEX_POINT('',#6781);
#6781 = CARTESIAN_POINT('',(10.,-17.05,7.5));
#6782 = SURFACE_CURVE('',#6783,(#6787,#6794),.PCURVE_S1.);
#6783 = LINE('',#6784,#6785);
#6784 = CARTESIAN_POINT('',(10.,-17.05,5.8));
#6785 = VECTOR('',#6786,1.);
#6786 = DIRECTION('',(0.,0.,1.));
#6787 = PCURVE('',#3081,#6788);
#6788 = DEFINITIONAL_REPRESENTATION('',(#6789),#6793);
#6789 = LINE('',#6790,#6791);
#6790 = CARTESIAN_POINT('',(5.8,-4.3));
#6791 = VECTOR('',#6792,1.);
#6792 = DIRECTION('',(1.,0.));
#6793 = ( GEOMETRIC_REPRESENTATION_CONTEXT(2) 
PARAMETRIC_REPRESENTATION_CONTEXT() REPRESENTATION_CONTEXT('2D SPACE',''
  ) );
#6794 = PCURVE('',#6573,#6795);
#6795 = DEFINITIONAL_REPRESENTATION('',(#6796),#6800);
#6796 = LINE('',#6797,#6798);
#6797 = CARTESIAN_POINT('',(0.,0.));
#6798 = VECTOR('',#6799,1.);
#6799 = DIRECTION('',(1.,0.));
#6800 = ( GEOMETRIC_REPRESENTATION_CONTEXT(2) 
PARAMETRIC_REPRESENTATION_CONTEXT() REPRESENTATION_CONTEXT('2D SPACE',''
  ) );
#6801 = ORIENTED_EDGE('',*,*,#6802,.F.);
#6802 = EDGE_CURVE('',#6639,#6780,#6803,.T.);
#6803 = SURFACE_CURVE('',#6804,(#6808,#6815),.PCURVE_S1.);
#6804 = LINE('',#6805,#6806);
#6805 = CARTESIAN_POINT('',(10.,-21.35,7.5));
#6806 = VECTOR('',#6807,1.);
#6807 = DIRECTION('',(0.,1.,2.065531208605E-16));
#6808 = PCURVE('',#3081,#6809);
#6809 = DEFINITIONAL_REPRESENTATION('',(#6810),#6814);
#6810 = LINE('',#6811,#6812);
#6811 = CARTESIAN_POINT('',(7.5,0.));
#6812 = VECTOR('',#6813,1.);
#6813 = DIRECTION('',(2.065531208605E-16,-1.));
#6814 = ( GEOMETRIC_REPRESENTATION_CONTEXT(2) 
PARAMETRIC_REPRESENTATION_CONTEXT() REPRESENTATION_CONTEXT('2D SPACE',''
  ) );
#6815 = PCURVE('',#6601,#6816);
#6816 = DEFINITIONAL_REPRESENTATION('',(#6817),#6821);
#6817 = LINE('',#6818,#6819);
#6818 = CARTESIAN_POINT('',(0.,0.));
#6819 = VECTOR('',#6820,1.);
#6820 = DIRECTION('',(0.,1.));
#6821 = ( GEOMETRIC_REPRESENTATION_CONTEXT(2) 
PARAMETRIC_REPRESENTATION_CONTEXT() REPRESENTATION_CONTEXT('2D SPACE',''
  ) );
#6822 = ORIENTED_EDGE('',*,*,#6661,.T.);
#6823 = ORIENTED_EDGE('',*,*,#3065,.F.);
#6824 = ADVANCED_FACE('',(#6825),#3132,.T.);
#6825 = FACE_BOUND('',#6826,.T.);
#6826 = EDGE_LOOP('',(#6827,#6852,#6873,#6874,#6875,#6898,#6926,#6949,
    #6976));
#6827 = ORIENTED_EDGE('',*,*,#6828,.F.);
#6828 = EDGE_CURVE('',#6829,#6831,#6833,.T.);
#6829 = VERTEX_POINT('',#6830);
#6830 = CARTESIAN_POINT('',(-10.,-19.75,7.5));
#6831 = VERTEX_POINT('',#6832);
#6832 = CARTESIAN_POINT('',(-10.,-17.05,7.5));
#6833 = SURFACE_CURVE('',#6834,(#6838,#6845),.PCURVE_S1.);
#6834 = LINE('',#6835,#6836);
#6835 = CARTESIAN_POINT('',(-10.,-21.35,7.5));
#6836 = VECTOR('',#6837,1.);
#6837 = DIRECTION('',(0.,1.,2.065531208605E-16));
#6838 = PCURVE('',#3132,#6839);
#6839 = DEFINITIONAL_REPRESENTATION('',(#6840),#6844);
#6840 = LINE('',#6841,#6842);
#6841 = CARTESIAN_POINT('',(1.7,1.6));
#6842 = VECTOR('',#6843,1.);
#6843 = DIRECTION('',(2.065531208605E-16,-1.));
#6844 = ( GEOMETRIC_REPRESENTATION_CONTEXT(2) 
PARAMETRIC_REPRESENTATION_CONTEXT() REPRESENTATION_CONTEXT('2D SPACE',''
  ) );
#6845 = PCURVE('',#5093,#6846);
#6846 = DEFINITIONAL_REPRESENTATION('',(#6847),#6851);
#6847 = LINE('',#6848,#6849);
#6848 = CARTESIAN_POINT('',(8.35,-2.35));
#6849 = VECTOR('',#6850,1.);
#6850 = DIRECTION('',(0.,1.));
#6851 = ( GEOMETRIC_REPRESENTATION_CONTEXT(2) 
PARAMETRIC_REPRESENTATION_CONTEXT() REPRESENTATION_CONTEXT('2D SPACE',''
  ) );
#6852 = ORIENTED_EDGE('',*,*,#6853,.T.);
#6853 = EDGE_CURVE('',#6829,#3117,#6854,.T.);
#6854 = SURFACE_CURVE('',#6855,(#6859,#6866),.PCURVE_S1.);
#6855 = LINE('',#6856,#6857);
#6856 = CARTESIAN_POINT('',(-10.,-19.75,7.5));
#6857 = VECTOR('',#6858,1.);
#6858 = DIRECTION('',(0.,0.,1.));
#6859 = PCURVE('',#3132,#6860);
#6860 = DEFINITIONAL_REPRESENTATION('',(#6861),#6865);
#6861 = LINE('',#6862,#6863);
#6862 = CARTESIAN_POINT('',(1.7,0.));
#6863 = VECTOR('',#6864,1.);
#6864 = DIRECTION('',(1.,0.));
#6865 = ( GEOMETRIC_REPRESENTATION_CONTEXT(2) 
PARAMETRIC_REPRESENTATION_CONTEXT() REPRESENTATION_CONTEXT('2D SPACE',''
  ) );
#6866 = PCURVE('',#3160,#6867);
#6867 = DEFINITIONAL_REPRESENTATION('',(#6868),#6872);
#6868 = LINE('',#6869,#6870);
#6869 = CARTESIAN_POINT('',(0.,6.));
#6870 = VECTOR('',#6871,1.);
#6871 = DIRECTION('',(1.,0.));
#6872 = ( GEOMETRIC_REPRESENTATION_CONTEXT(2) 
PARAMETRIC_REPRESENTATION_CONTEXT() REPRESENTATION_CONTEXT('2D SPACE',''
  ) );
#6873 = ORIENTED_EDGE('',*,*,#3116,.F.);
#6874 = ORIENTED_EDGE('',*,*,#4517,.T.);
#6875 = ORIENTED_EDGE('',*,*,#6876,.T.);
#6876 = EDGE_CURVE('',#4488,#6877,#6879,.T.);
#6877 = VERTEX_POINT('',#6878);
#6878 = CARTESIAN_POINT('',(-10.,-19.75,0.));
#6879 = SURFACE_CURVE('',#6880,(#6884,#6891),.PCURVE_S1.);
#6880 = LINE('',#6881,#6882);
#6881 = CARTESIAN_POINT('',(-10.,-21.35,0.));
#6882 = VECTOR('',#6883,1.);
#6883 = DIRECTION('',(-0.,1.,0.));
#6884 = PCURVE('',#3132,#6885);
#6885 = DEFINITIONAL_REPRESENTATION('',(#6886),#6890);
#6886 = LINE('',#6887,#6888);
#6887 = CARTESIAN_POINT('',(-5.8,1.6));
#6888 = VECTOR('',#6889,1.);
#6889 = DIRECTION('',(0.,-1.));
#6890 = ( GEOMETRIC_REPRESENTATION_CONTEXT(2) 
PARAMETRIC_REPRESENTATION_CONTEXT() REPRESENTATION_CONTEXT('2D SPACE',''
  ) );
#6891 = PCURVE('',#4505,#6892);
#6892 = DEFINITIONAL_REPRESENTATION('',(#6893),#6897);
#6893 = LINE('',#6894,#6895);
#6894 = CARTESIAN_POINT('',(-9.999999999687,-24.05));
#6895 = VECTOR('',#6896,1.);
#6896 = DIRECTION('',(0.,1.));
#6897 = ( GEOMETRIC_REPRESENTATION_CONTEXT(2) 
PARAMETRIC_REPRESENTATION_CONTEXT() REPRESENTATION_CONTEXT('2D SPACE',''
  ) );
#6898 = ORIENTED_EDGE('',*,*,#6899,.T.);
#6899 = EDGE_CURVE('',#6877,#6900,#6902,.T.);
#6900 = VERTEX_POINT('',#6901);
#6901 = CARTESIAN_POINT('',(-10.,-19.75,5.8));
#6902 = SURFACE_CURVE('',#6903,(#6907,#6914),.PCURVE_S1.);
#6903 = LINE('',#6904,#6905);
#6904 = CARTESIAN_POINT('',(-10.,-19.75,0.));
#6905 = VECTOR('',#6906,1.);
#6906 = DIRECTION('',(0.,0.,1.));
#6907 = PCURVE('',#3132,#6908);
#6908 = DEFINITIONAL_REPRESENTATION('',(#6909),#6913);
#6909 = LINE('',#6910,#6911);
#6910 = CARTESIAN_POINT('',(-5.8,0.));
#6911 = VECTOR('',#6912,1.);
#6912 = DIRECTION('',(1.,0.));
#6913 = ( GEOMETRIC_REPRESENTATION_CONTEXT(2) 
PARAMETRIC_REPRESENTATION_CONTEXT() REPRESENTATION_CONTEXT('2D SPACE',''
  ) );
#6914 = PCURVE('',#6915,#6920);
#6915 = PLANE('',#6916);
#6916 = AXIS2_PLACEMENT_3D('',#6917,#6918,#6919);
#6917 = CARTESIAN_POINT('',(-16.,-19.75,0.));
#6918 = DIRECTION('',(-0.,1.,0.));
#6919 = DIRECTION('',(0.,0.,1.));
#6920 = DEFINITIONAL_REPRESENTATION('',(#6921),#6925);
#6921 = LINE('',#6922,#6923);
#6922 = CARTESIAN_POINT('',(0.,6.));
#6923 = VECTOR('',#6924,1.);
#6924 = DIRECTION('',(1.,0.));
#6925 = ( GEOMETRIC_REPRESENTATION_CONTEXT(2) 
PARAMETRIC_REPRESENTATION_CONTEXT() REPRESENTATION_CONTEXT('2D SPACE',''
  ) );
#6926 = ORIENTED_EDGE('',*,*,#6927,.T.);
#6927 = EDGE_CURVE('',#6900,#6928,#6930,.T.);
#6928 = VERTEX_POINT('',#6929);
#6929 = CARTESIAN_POINT('',(-10.,-18.15,5.8));
#6930 = SURFACE_CURVE('',#6931,(#6935,#6942),.PCURVE_S1.);
#6931 = LINE('',#6932,#6933);
#6932 = CARTESIAN_POINT('',(-10.,-19.75,5.8));
#6933 = VECTOR('',#6934,1.);
#6934 = DIRECTION('',(-0.,1.,0.));
#6935 = PCURVE('',#3132,#6936);
#6936 = DEFINITIONAL_REPRESENTATION('',(#6937),#6941);
#6937 = LINE('',#6938,#6939);
#6938 = CARTESIAN_POINT('',(0.,0.));
#6939 = VECTOR('',#6940,1.);
#6940 = DIRECTION('',(0.,-1.));
#6941 = ( GEOMETRIC_REPRESENTATION_CONTEXT(2) 
PARAMETRIC_REPRESENTATION_CONTEXT() REPRESENTATION_CONTEXT('2D SPACE',''
  ) );
#6942 = PCURVE('',#5142,#6943);
#6943 = DEFINITIONAL_REPRESENTATION('',(#6944),#6948);
#6944 = LINE('',#6945,#6946);
#6945 = CARTESIAN_POINT('',(6.5,-0.75));
#6946 = VECTOR('',#6947,1.);
#6947 = DIRECTION('',(0.,1.));
#6948 = ( GEOMETRIC_REPRESENTATION_CONTEXT(2) 
PARAMETRIC_REPRESENTATION_CONTEXT() REPRESENTATION_CONTEXT('2D SPACE',''
  ) );
#6949 = ORIENTED_EDGE('',*,*,#6950,.F.);
#6950 = EDGE_CURVE('',#6951,#6928,#6953,.T.);
#6951 = VERTEX_POINT('',#6952);
#6952 = CARTESIAN_POINT('',(-10.,-17.05,6.9));
#6953 = SURFACE_CURVE('',#6954,(#6958,#6965),.PCURVE_S1.);
#6954 = LINE('',#6955,#6956);
#6955 = CARTESIAN_POINT('',(-10.,-18.55,5.4));
#6956 = VECTOR('',#6957,1.);
#6957 = DIRECTION('',(0.,-0.707106781187,-0.707106781187));
#6958 = PCURVE('',#3132,#6959);
#6959 = DEFINITIONAL_REPRESENTATION('',(#6960),#6964);
#6960 = LINE('',#6961,#6962);
#6961 = CARTESIAN_POINT('',(-0.4,-1.2));
#6962 = VECTOR('',#6963,1.);
#6963 = DIRECTION('',(-0.707106781187,0.707106781187));
#6964 = ( GEOMETRIC_REPRESENTATION_CONTEXT(2) 
PARAMETRIC_REPRESENTATION_CONTEXT() REPRESENTATION_CONTEXT('2D SPACE',''
  ) );
#6965 = PCURVE('',#6966,#6971);
#6966 = PLANE('',#6967);
#6967 = AXIS2_PLACEMENT_3D('',#6968,#6969,#6970);
#6968 = CARTESIAN_POINT('',(-13.,-18.15,5.8));
#6969 = DIRECTION('',(0.,-0.707106781187,0.707106781187));
#6970 = DIRECTION('',(0.,0.707106781187,0.707106781187));
#6971 = DEFINITIONAL_REPRESENTATION('',(#6972),#6975);
#6972 = B_SPLINE_CURVE_WITH_KNOTS('',1,(#6973,#6974),.UNSPECIFIED.,.F.,
  .F.,(2,2),(-2.12132034356,-0.565685424949),.PIECEWISE_BEZIER_KNOTS.);
#6973 = CARTESIAN_POINT('',(1.55563491861,-3.));
#6974 = CARTESIAN_POINT('',(0.,-3.));
#6975 = ( GEOMETRIC_REPRESENTATION_CONTEXT(2) 
PARAMETRIC_REPRESENTATION_CONTEXT() REPRESENTATION_CONTEXT('2D SPACE',''
  ) );
#6976 = ORIENTED_EDGE('',*,*,#6977,.T.);
#6977 = EDGE_CURVE('',#6951,#6831,#6978,.T.);
#6978 = SURFACE_CURVE('',#6979,(#6983,#6990),.PCURVE_S1.);
#6979 = LINE('',#6980,#6981);
#6980 = CARTESIAN_POINT('',(-10.,-17.05,5.8));
#6981 = VECTOR('',#6982,1.);
#6982 = DIRECTION('',(0.,0.,1.));
#6983 = PCURVE('',#3132,#6984);
#6984 = DEFINITIONAL_REPRESENTATION('',(#6985),#6989);
#6985 = LINE('',#6986,#6987);
#6986 = CARTESIAN_POINT('',(0.,-2.7));
#6987 = VECTOR('',#6988,1.);
#6988 = DIRECTION('',(1.,0.));
#6989 = ( GEOMETRIC_REPRESENTATION_CONTEXT(2) 
PARAMETRIC_REPRESENTATION_CONTEXT() REPRESENTATION_CONTEXT('2D SPACE',''
  ) );
#6990 = PCURVE('',#6991,#6996);
#6991 = PLANE('',#6992);
#6992 = AXIS2_PLACEMENT_3D('',#6993,#6994,#6995);
#6993 = CARTESIAN_POINT('',(-16.,-17.05,5.8));
#6994 = DIRECTION('',(-0.,1.,0.));
#6995 = DIRECTION('',(0.,0.,1.));
#6996 = DEFINITIONAL_REPRESENTATION('',(#6997),#7001);
#6997 = LINE('',#6998,#6999);
#6998 = CARTESIAN_POINT('',(0.,6.));
#6999 = VECTOR('',#7000,1.);
#7000 = DIRECTION('',(1.,0.));
#7001 = ( GEOMETRIC_REPRESENTATION_CONTEXT(2) 
PARAMETRIC_REPRESENTATION_CONTEXT() REPRESENTATION_CONTEXT('2D SPACE',''
  ) );
#7002 = ADVANCED_FACE('',(#7003),#3160,.T.);
#7003 = FACE_BOUND('',#7004,.T.);
#7004 = EDGE_LOOP('',(#7005,#7028,#7049,#7050));
#7005 = ORIENTED_EDGE('',*,*,#7006,.F.);
#7006 = EDGE_CURVE('',#7007,#6829,#7009,.T.);
#7007 = VERTEX_POINT('',#7008);
#7008 = CARTESIAN_POINT('',(-16.,-19.75,7.5));
#7009 = SURFACE_CURVE('',#7010,(#7014,#7021),.PCURVE_S1.);
#7010 = LINE('',#7011,#7012);
#7011 = CARTESIAN_POINT('',(-16.,-19.75,7.5));
#7012 = VECTOR('',#7013,1.);
#7013 = DIRECTION('',(1.,0.,-0.));
#7014 = PCURVE('',#3160,#7015);
#7015 = DEFINITIONAL_REPRESENTATION('',(#7016),#7020);
#7016 = LINE('',#7017,#7018);
#7017 = CARTESIAN_POINT('',(0.,0.));
#7018 = VECTOR('',#7019,1.);
#7019 = DIRECTION('',(0.,1.));
#7020 = ( GEOMETRIC_REPRESENTATION_CONTEXT(2) 
PARAMETRIC_REPRESENTATION_CONTEXT() REPRESENTATION_CONTEXT('2D SPACE',''
  ) );
#7021 = PCURVE('',#5093,#7022);
#7022 = DEFINITIONAL_REPRESENTATION('',(#7023),#7027);
#7023 = LINE('',#7024,#7025);
#7024 = CARTESIAN_POINT('',(2.35,-0.75));
#7025 = VECTOR('',#7026,1.);
#7026 = DIRECTION('',(1.,0.));
#7027 = ( GEOMETRIC_REPRESENTATION_CONTEXT(2) 
PARAMETRIC_REPRESENTATION_CONTEXT() REPRESENTATION_CONTEXT('2D SPACE',''
  ) );
#7028 = ORIENTED_EDGE('',*,*,#7029,.T.);
#7029 = EDGE_CURVE('',#7007,#3145,#7030,.T.);
#7030 = SURFACE_CURVE('',#7031,(#7035,#7042),.PCURVE_S1.);
#7031 = LINE('',#7032,#7033);
#7032 = CARTESIAN_POINT('',(-16.,-19.75,7.5));
#7033 = VECTOR('',#7034,1.);
#7034 = DIRECTION('',(0.,0.,1.));
#7035 = PCURVE('',#3160,#7036);
#7036 = DEFINITIONAL_REPRESENTATION('',(#7037),#7041);
#7037 = LINE('',#7038,#7039);
#7038 = CARTESIAN_POINT('',(0.,0.));
#7039 = VECTOR('',#7040,1.);
#7040 = DIRECTION('',(1.,0.));
#7041 = ( GEOMETRIC_REPRESENTATION_CONTEXT(2) 
PARAMETRIC_REPRESENTATION_CONTEXT() REPRESENTATION_CONTEXT('2D SPACE',''
  ) );
#7042 = PCURVE('',#3186,#7043);
#7043 = DEFINITIONAL_REPRESENTATION('',(#7044),#7048);
#7044 = LINE('',#7045,#7046);
#7045 = CARTESIAN_POINT('',(1.7,0.));
#7046 = VECTOR('',#7047,1.);
#7047 = DIRECTION('',(1.,0.));
#7048 = ( GEOMETRIC_REPRESENTATION_CONTEXT(2) 
PARAMETRIC_REPRESENTATION_CONTEXT() REPRESENTATION_CONTEXT('2D SPACE',''
  ) );
#7049 = ORIENTED_EDGE('',*,*,#3144,.T.);
#7050 = ORIENTED_EDGE('',*,*,#6853,.F.);
#7051 = ADVANCED_FACE('',(#7052),#3186,.F.);
#7052 = FACE_BOUND('',#7053,.F.);
#7053 = EDGE_LOOP('',(#7054,#7055,#7076,#7077,#7078,#7079,#7102,#7125));
#7054 = ORIENTED_EDGE('',*,*,#5105,.F.);
#7055 = ORIENTED_EDGE('',*,*,#7056,.T.);
#7056 = EDGE_CURVE('',#5078,#7007,#7057,.T.);
#7057 = SURFACE_CURVE('',#7058,(#7062,#7069),.PCURVE_S1.);
#7058 = LINE('',#7059,#7060);
#7059 = CARTESIAN_POINT('',(-16.,-19.,7.5));
#7060 = VECTOR('',#7061,1.);
#7061 = DIRECTION('',(0.,-1.,0.));
#7062 = PCURVE('',#3186,#7063);
#7063 = DEFINITIONAL_REPRESENTATION('',(#7064),#7068);
#7064 = LINE('',#7065,#7066);
#7065 = CARTESIAN_POINT('',(1.7,-0.75));
#7066 = VECTOR('',#7067,1.);
#7067 = DIRECTION('',(0.,1.));
#7068 = ( GEOMETRIC_REPRESENTATION_CONTEXT(2) 
PARAMETRIC_REPRESENTATION_CONTEXT() REPRESENTATION_CONTEXT('2D SPACE',''
  ) );
#7069 = PCURVE('',#5093,#7070);
#7070 = DEFINITIONAL_REPRESENTATION('',(#7071),#7075);
#7071 = LINE('',#7072,#7073);
#7072 = CARTESIAN_POINT('',(2.35,0.));
#7073 = VECTOR('',#7074,1.);
#7074 = DIRECTION('',(0.,-1.));
#7075 = ( GEOMETRIC_REPRESENTATION_CONTEXT(2) 
PARAMETRIC_REPRESENTATION_CONTEXT() REPRESENTATION_CONTEXT('2D SPACE',''
  ) );
#7076 = ORIENTED_EDGE('',*,*,#7029,.T.);
#7077 = ORIENTED_EDGE('',*,*,#3172,.F.);
#7078 = ORIENTED_EDGE('',*,*,#4979,.T.);
#7079 = ORIENTED_EDGE('',*,*,#7080,.T.);
#7080 = EDGE_CURVE('',#4936,#7081,#7083,.T.);
#7081 = VERTEX_POINT('',#7082);
#7082 = CARTESIAN_POINT('',(-16.,-19.75,0.));
#7083 = SURFACE_CURVE('',#7084,(#7088,#7095),.PCURVE_S1.);
#7084 = LINE('',#7085,#7086);
#7085 = CARTESIAN_POINT('',(-16.,-21.35,0.));
#7086 = VECTOR('',#7087,1.);
#7087 = DIRECTION('',(-0.,1.,0.));
#7088 = PCURVE('',#3186,#7089);
#7089 = DEFINITIONAL_REPRESENTATION('',(#7090),#7094);
#7090 = LINE('',#7091,#7092);
#7091 = CARTESIAN_POINT('',(-5.8,1.6));
#7092 = VECTOR('',#7093,1.);
#7093 = DIRECTION('',(0.,-1.));
#7094 = ( GEOMETRIC_REPRESENTATION_CONTEXT(2) 
PARAMETRIC_REPRESENTATION_CONTEXT() REPRESENTATION_CONTEXT('2D SPACE',''
  ) );
#7095 = PCURVE('',#4505,#7096);
#7096 = DEFINITIONAL_REPRESENTATION('',(#7097),#7101);
#7097 = LINE('',#7098,#7099);
#7098 = CARTESIAN_POINT('',(-15.99999999968,-24.05));
#7099 = VECTOR('',#7100,1.);
#7100 = DIRECTION('',(0.,1.));
#7101 = ( GEOMETRIC_REPRESENTATION_CONTEXT(2) 
PARAMETRIC_REPRESENTATION_CONTEXT() REPRESENTATION_CONTEXT('2D SPACE',''
  ) );
#7102 = ORIENTED_EDGE('',*,*,#7103,.T.);
#7103 = EDGE_CURVE('',#7081,#7104,#7106,.T.);
#7104 = VERTEX_POINT('',#7105);
#7105 = CARTESIAN_POINT('',(-16.,-19.75,5.8));
#7106 = SURFACE_CURVE('',#7107,(#7111,#7118),.PCURVE_S1.);
#7107 = LINE('',#7108,#7109);
#7108 = CARTESIAN_POINT('',(-16.,-19.75,0.));
#7109 = VECTOR('',#7110,1.);
#7110 = DIRECTION('',(0.,0.,1.));
#7111 = PCURVE('',#3186,#7112);
#7112 = DEFINITIONAL_REPRESENTATION('',(#7113),#7117);
#7113 = LINE('',#7114,#7115);
#7114 = CARTESIAN_POINT('',(-5.8,0.));
#7115 = VECTOR('',#7116,1.);
#7116 = DIRECTION('',(1.,0.));
#7117 = ( GEOMETRIC_REPRESENTATION_CONTEXT(2) 
PARAMETRIC_REPRESENTATION_CONTEXT() REPRESENTATION_CONTEXT('2D SPACE',''
  ) );
#7118 = PCURVE('',#6915,#7119);
#7119 = DEFINITIONAL_REPRESENTATION('',(#7120),#7124);
#7120 = LINE('',#7121,#7122);
#7121 = CARTESIAN_POINT('',(0.,0.));
#7122 = VECTOR('',#7123,1.);
#7123 = DIRECTION('',(1.,0.));
#7124 = ( GEOMETRIC_REPRESENTATION_CONTEXT(2) 
PARAMETRIC_REPRESENTATION_CONTEXT() REPRESENTATION_CONTEXT('2D SPACE',''
  ) );
#7125 = ORIENTED_EDGE('',*,*,#7126,.T.);
#7126 = EDGE_CURVE('',#7104,#5106,#7127,.T.);
#7127 = SURFACE_CURVE('',#7128,(#7132,#7139),.PCURVE_S1.);
#7128 = LINE('',#7129,#7130);
#7129 = CARTESIAN_POINT('',(-16.,-19.75,5.8));
#7130 = VECTOR('',#7131,1.);
#7131 = DIRECTION('',(-0.,1.,0.));
#7132 = PCURVE('',#3186,#7133);
#7133 = DEFINITIONAL_REPRESENTATION('',(#7134),#7138);
#7134 = LINE('',#7135,#7136);
#7135 = CARTESIAN_POINT('',(0.,0.));
#7136 = VECTOR('',#7137,1.);
#7137 = DIRECTION('',(0.,-1.));
#7138 = ( GEOMETRIC_REPRESENTATION_CONTEXT(2) 
PARAMETRIC_REPRESENTATION_CONTEXT() REPRESENTATION_CONTEXT('2D SPACE',''
  ) );
#7139 = PCURVE('',#5142,#7140);
#7140 = DEFINITIONAL_REPRESENTATION('',(#7141),#7145);
#7141 = LINE('',#7142,#7143);
#7142 = CARTESIAN_POINT('',(0.5,-0.75));
#7143 = VECTOR('',#7144,1.);
#7144 = DIRECTION('',(0.,1.));
#7145 = ( GEOMETRIC_REPRESENTATION_CONTEXT(2) 
PARAMETRIC_REPRESENTATION_CONTEXT() REPRESENTATION_CONTEXT('2D SPACE',''
  ) );
#7146 = ADVANCED_FACE('',(#7147,#7395,#7509,#7623,#7737,#7851),#4505,.T.
  );
#7147 = FACE_BOUND('',#7148,.T.);
#7148 = EDGE_LOOP('',(#7149,#7150,#7151,#7172,#7173,#7174,#7175,#7196,
    #7197,#7198,#7199,#7220,#7221,#7222,#7245,#7273,#7294,#7295,#7318,
    #7346,#7367,#7368,#7369,#7370,#7371,#7372,#7373,#7394));
#7149 = ORIENTED_EDGE('',*,*,#5379,.F.);
#7150 = ORIENTED_EDGE('',*,*,#5206,.T.);
#7151 = ORIENTED_EDGE('',*,*,#7152,.F.);
#7152 = EDGE_CURVE('',#5002,#5209,#7153,.T.);
#7153 = SURFACE_CURVE('',#7154,(#7158,#7165),.PCURVE_S1.);
#7154 = LINE('',#7155,#7156);
#7155 = CARTESIAN_POINT('',(-16.5,-19.,0.));
#7156 = VECTOR('',#7157,1.);
#7157 = DIRECTION('',(-0.,1.,0.));
#7158 = PCURVE('',#4505,#7159);
#7159 = DEFINITIONAL_REPRESENTATION('',(#7160),#7164);
#7160 = LINE('',#7161,#7162);
#7161 = CARTESIAN_POINT('',(-16.49999999968,-21.7));
#7162 = VECTOR('',#7163,1.);
#7163 = DIRECTION('',(0.,1.));
#7164 = ( GEOMETRIC_REPRESENTATION_CONTEXT(2) 
PARAMETRIC_REPRESENTATION_CONTEXT() REPRESENTATION_CONTEXT('2D SPACE',''
  ) );
#7165 = PCURVE('',#5019,#7166);
#7166 = DEFINITIONAL_REPRESENTATION('',(#7167),#7171);
#7167 = LINE('',#7168,#7169);
#7168 = CARTESIAN_POINT('',(0.,0.));
#7169 = VECTOR('',#7170,1.);
#7170 = DIRECTION('',(0.,-1.));
#7171 = ( GEOMETRIC_REPRESENTATION_CONTEXT(2) 
PARAMETRIC_REPRESENTATION_CONTEXT() REPRESENTATION_CONTEXT('2D SPACE',''
  ) );
#7172 = ORIENTED_EDGE('',*,*,#5031,.F.);
#7173 = ORIENTED_EDGE('',*,*,#4933,.T.);
#7174 = ORIENTED_EDGE('',*,*,#7080,.T.);
#7175 = ORIENTED_EDGE('',*,*,#7176,.T.);
#7176 = EDGE_CURVE('',#7081,#6877,#7177,.T.);
#7177 = SURFACE_CURVE('',#7178,(#7182,#7189),.PCURVE_S1.);
#7178 = LINE('',#7179,#7180);
#7179 = CARTESIAN_POINT('',(-16.,-19.75,0.));
#7180 = VECTOR('',#7181,1.);
#7181 = DIRECTION('',(1.,0.,-0.));
#7182 = PCURVE('',#4505,#7183);
#7183 = DEFINITIONAL_REPRESENTATION('',(#7184),#7188);
#7184 = LINE('',#7185,#7186);
#7185 = CARTESIAN_POINT('',(-15.99999999968,-22.45));
#7186 = VECTOR('',#7187,1.);
#7187 = DIRECTION('',(1.,0.));
#7188 = ( GEOMETRIC_REPRESENTATION_CONTEXT(2) 
PARAMETRIC_REPRESENTATION_CONTEXT() REPRESENTATION_CONTEXT('2D SPACE',''
  ) );
#7189 = PCURVE('',#6915,#7190);
#7190 = DEFINITIONAL_REPRESENTATION('',(#7191),#7195);
#7191 = LINE('',#7192,#7193);
#7192 = CARTESIAN_POINT('',(0.,0.));
#7193 = VECTOR('',#7194,1.);
#7194 = DIRECTION('',(0.,1.));
#7195 = ( GEOMETRIC_REPRESENTATION_CONTEXT(2) 
PARAMETRIC_REPRESENTATION_CONTEXT() REPRESENTATION_CONTEXT('2D SPACE',''
  ) );
#7196 = ORIENTED_EDGE('',*,*,#6876,.F.);
#7197 = ORIENTED_EDGE('',*,*,#4487,.T.);
#7198 = ORIENTED_EDGE('',*,*,#6688,.T.);
#7199 = ORIENTED_EDGE('',*,*,#7200,.T.);
#7200 = EDGE_CURVE('',#6689,#6452,#7201,.T.);
#7201 = SURFACE_CURVE('',#7202,(#7206,#7213),.PCURVE_S1.);
#7202 = LINE('',#7203,#7204);
#7203 = CARTESIAN_POINT('',(10.,-19.75,0.));
#7204 = VECTOR('',#7205,1.);
#7205 = DIRECTION('',(1.,0.,-0.));
#7206 = PCURVE('',#4505,#7207);
#7207 = DEFINITIONAL_REPRESENTATION('',(#7208),#7212);
#7208 = LINE('',#7209,#7210);
#7209 = CARTESIAN_POINT('',(10.000000000313,-22.45));
#7210 = VECTOR('',#7211,1.);
#7211 = DIRECTION('',(1.,0.));
#7212 = ( GEOMETRIC_REPRESENTATION_CONTEXT(2) 
PARAMETRIC_REPRESENTATION_CONTEXT() REPRESENTATION_CONTEXT('2D SPACE',''
  ) );
#7213 = PCURVE('',#6490,#7214);
#7214 = DEFINITIONAL_REPRESENTATION('',(#7215),#7219);
#7215 = LINE('',#7216,#7217);
#7216 = CARTESIAN_POINT('',(0.,0.));
#7217 = VECTOR('',#7218,1.);
#7218 = DIRECTION('',(0.,1.));
#7219 = ( GEOMETRIC_REPRESENTATION_CONTEXT(2) 
PARAMETRIC_REPRESENTATION_CONTEXT() REPRESENTATION_CONTEXT('2D SPACE',''
  ) );
#7220 = ORIENTED_EDGE('',*,*,#6451,.F.);
#7221 = ORIENTED_EDGE('',*,*,#6348,.T.);
#7222 = ORIENTED_EDGE('',*,*,#7223,.F.);
#7223 = EDGE_CURVE('',#7224,#6351,#7226,.T.);
#7224 = VERTEX_POINT('',#7225);
#7225 = CARTESIAN_POINT('',(17.05,-18.,0.));
#7226 = SURFACE_CURVE('',#7227,(#7231,#7238),.PCURVE_S1.);
#7227 = LINE('',#7228,#7229);
#7228 = CARTESIAN_POINT('',(17.05,-18.,0.));
#7229 = VECTOR('',#7230,1.);
#7230 = DIRECTION('',(1.,0.,-0.));
#7231 = PCURVE('',#4505,#7232);
#7232 = DEFINITIONAL_REPRESENTATION('',(#7233),#7237);
#7233 = LINE('',#7234,#7235);
#7234 = CARTESIAN_POINT('',(17.050000000313,-20.7));
#7235 = VECTOR('',#7236,1.);
#7236 = DIRECTION('',(1.,0.));
#7237 = ( GEOMETRIC_REPRESENTATION_CONTEXT(2) 
PARAMETRIC_REPRESENTATION_CONTEXT() REPRESENTATION_CONTEXT('2D SPACE',''
  ) );
#7238 = PCURVE('',#6436,#7239);
#7239 = DEFINITIONAL_REPRESENTATION('',(#7240),#7244);
#7240 = LINE('',#7241,#7242);
#7241 = CARTESIAN_POINT('',(0.,0.));
#7242 = VECTOR('',#7243,1.);
#7243 = DIRECTION('',(0.,1.));
#7244 = ( GEOMETRIC_REPRESENTATION_CONTEXT(2) 
PARAMETRIC_REPRESENTATION_CONTEXT() REPRESENTATION_CONTEXT('2D SPACE',''
  ) );
#7245 = ORIENTED_EDGE('',*,*,#7246,.T.);
#7246 = EDGE_CURVE('',#7224,#7247,#7249,.T.);
#7247 = VERTEX_POINT('',#7248);
#7248 = CARTESIAN_POINT('',(17.05,-10.,0.));
#7249 = SURFACE_CURVE('',#7250,(#7254,#7261),.PCURVE_S1.);
#7250 = LINE('',#7251,#7252);
#7251 = CARTESIAN_POINT('',(17.05,-18.,0.));
#7252 = VECTOR('',#7253,1.);
#7253 = DIRECTION('',(-0.,1.,0.));
#7254 = PCURVE('',#4505,#7255);
#7255 = DEFINITIONAL_REPRESENTATION('',(#7256),#7260);
#7256 = LINE('',#7257,#7258);
#7257 = CARTESIAN_POINT('',(17.050000000313,-20.7));
#7258 = VECTOR('',#7259,1.);
#7259 = DIRECTION('',(0.,1.));
#7260 = ( GEOMETRIC_REPRESENTATION_CONTEXT(2) 
PARAMETRIC_REPRESENTATION_CONTEXT() REPRESENTATION_CONTEXT('2D SPACE',''
  ) );
#7261 = PCURVE('',#7262,#7267);
#7262 = PLANE('',#7263);
#7263 = AXIS2_PLACEMENT_3D('',#7264,#7265,#7266);
#7264 = CARTESIAN_POINT('',(17.05,-18.,0.));
#7265 = DIRECTION('',(1.,0.,-0.));
#7266 = DIRECTION('',(0.,0.,1.));
#7267 = DEFINITIONAL_REPRESENTATION('',(#7268),#7272);
#7268 = LINE('',#7269,#7270);
#7269 = CARTESIAN_POINT('',(0.,0.));
#7270 = VECTOR('',#7271,1.);
#7271 = DIRECTION('',(0.,-1.));
#7272 = ( GEOMETRIC_REPRESENTATION_CONTEXT(2) 
PARAMETRIC_REPRESENTATION_CONTEXT() REPRESENTATION_CONTEXT('2D SPACE',''
  ) );
#7273 = ORIENTED_EDGE('',*,*,#7274,.T.);
#7274 = EDGE_CURVE('',#7247,#6211,#7275,.T.);
#7275 = SURFACE_CURVE('',#7276,(#7280,#7287),.PCURVE_S1.);
#7276 = LINE('',#7277,#7278);
#7277 = CARTESIAN_POINT('',(17.05,-10.,0.));
#7278 = VECTOR('',#7279,1.);
#7279 = DIRECTION('',(1.,0.,-0.));
#7280 = PCURVE('',#4505,#7281);
#7281 = DEFINITIONAL_REPRESENTATION('',(#7282),#7286);
#7282 = LINE('',#7283,#7284);
#7283 = CARTESIAN_POINT('',(17.050000000313,-12.7));
#7284 = VECTOR('',#7285,1.);
#7285 = DIRECTION('',(1.,0.));
#7286 = ( GEOMETRIC_REPRESENTATION_CONTEXT(2) 
PARAMETRIC_REPRESENTATION_CONTEXT() REPRESENTATION_CONTEXT('2D SPACE',''
  ) );
#7287 = PCURVE('',#6247,#7288);
#7288 = DEFINITIONAL_REPRESENTATION('',(#7289),#7293);
#7289 = LINE('',#7290,#7291);
#7290 = CARTESIAN_POINT('',(0.,0.));
#7291 = VECTOR('',#7292,1.);
#7292 = DIRECTION('',(0.,1.));
#7293 = ( GEOMETRIC_REPRESENTATION_CONTEXT(2) 
PARAMETRIC_REPRESENTATION_CONTEXT() REPRESENTATION_CONTEXT('2D SPACE',''
  ) );
#7294 = ORIENTED_EDGE('',*,*,#6210,.T.);
#7295 = ORIENTED_EDGE('',*,*,#7296,.F.);
#7296 = EDGE_CURVE('',#7297,#6183,#7299,.T.);
#7297 = VERTEX_POINT('',#7298);
#7298 = CARTESIAN_POINT('',(17.05,-7.,0.));
#7299 = SURFACE_CURVE('',#7300,(#7304,#7311),.PCURVE_S1.);
#7300 = LINE('',#7301,#7302);
#7301 = CARTESIAN_POINT('',(17.05,-7.,0.));
#7302 = VECTOR('',#7303,1.);
#7303 = DIRECTION('',(1.,0.,-0.));
#7304 = PCURVE('',#4505,#7305);
#7305 = DEFINITIONAL_REPRESENTATION('',(#7306),#7310);
#7306 = LINE('',#7307,#7308);
#7307 = CARTESIAN_POINT('',(17.050000000313,-9.7));
#7308 = VECTOR('',#7309,1.);
#7309 = DIRECTION('',(1.,0.));
#7310 = ( GEOMETRIC_REPRESENTATION_CONTEXT(2) 
PARAMETRIC_REPRESENTATION_CONTEXT() REPRESENTATION_CONTEXT('2D SPACE',''
  ) );
#7311 = PCURVE('',#6198,#7312);
#7312 = DEFINITIONAL_REPRESENTATION('',(#7313),#7317);
#7313 = LINE('',#7314,#7315);
#7314 = CARTESIAN_POINT('',(0.,0.));
#7315 = VECTOR('',#7316,1.);
#7316 = DIRECTION('',(0.,1.));
#7317 = ( GEOMETRIC_REPRESENTATION_CONTEXT(2) 
PARAMETRIC_REPRESENTATION_CONTEXT() REPRESENTATION_CONTEXT('2D SPACE',''
  ) );
#7318 = ORIENTED_EDGE('',*,*,#7319,.T.);
#7319 = EDGE_CURVE('',#7297,#7320,#7322,.T.);
#7320 = VERTEX_POINT('',#7321);
#7321 = CARTESIAN_POINT('',(17.05,1.,0.));
#7322 = SURFACE_CURVE('',#7323,(#7327,#7334),.PCURVE_S1.);
#7323 = LINE('',#7324,#7325);
#7324 = CARTESIAN_POINT('',(17.05,-7.,0.));
#7325 = VECTOR('',#7326,1.);
#7326 = DIRECTION('',(-0.,1.,0.));
#7327 = PCURVE('',#4505,#7328);
#7328 = DEFINITIONAL_REPRESENTATION('',(#7329),#7333);
#7329 = LINE('',#7330,#7331);
#7330 = CARTESIAN_POINT('',(17.050000000313,-9.7));
#7331 = VECTOR('',#7332,1.);
#7332 = DIRECTION('',(0.,1.));
#7333 = ( GEOMETRIC_REPRESENTATION_CONTEXT(2) 
PARAMETRIC_REPRESENTATION_CONTEXT() REPRESENTATION_CONTEXT('2D SPACE',''
  ) );
#7334 = PCURVE('',#7335,#7340);
#7335 = PLANE('',#7336);
#7336 = AXIS2_PLACEMENT_3D('',#7337,#7338,#7339);
#7337 = CARTESIAN_POINT('',(17.05,-7.,0.));
#7338 = DIRECTION('',(1.,0.,-0.));
#7339 = DIRECTION('',(0.,0.,1.));
#7340 = DEFINITIONAL_REPRESENTATION('',(#7341),#7345);
#7341 = LINE('',#7342,#7343);
#7342 = CARTESIAN_POINT('',(0.,0.));
#7343 = VECTOR('',#7344,1.);
#7344 = DIRECTION('',(0.,-1.));
#7345 = ( GEOMETRIC_REPRESENTATION_CONTEXT(2) 
PARAMETRIC_REPRESENTATION_CONTEXT() REPRESENTATION_CONTEXT('2D SPACE',''
  ) );
#7346 = ORIENTED_EDGE('',*,*,#7347,.T.);
#7347 = EDGE_CURVE('',#7320,#6104,#7348,.T.);
#7348 = SURFACE_CURVE('',#7349,(#7353,#7360),.PCURVE_S1.);
#7349 = LINE('',#7350,#7351);
#7350 = CARTESIAN_POINT('',(17.05,1.,0.));
#7351 = VECTOR('',#7352,1.);
#7352 = DIRECTION('',(1.,0.,-0.));
#7353 = PCURVE('',#4505,#7354);
#7354 = DEFINITIONAL_REPRESENTATION('',(#7355),#7359);
#7355 = LINE('',#7356,#7357);
#7356 = CARTESIAN_POINT('',(17.050000000313,-1.7));
#7357 = VECTOR('',#7358,1.);
#7358 = DIRECTION('',(1.,0.));
#7359 = ( GEOMETRIC_REPRESENTATION_CONTEXT(2) 
PARAMETRIC_REPRESENTATION_CONTEXT() REPRESENTATION_CONTEXT('2D SPACE',''
  ) );
#7360 = PCURVE('',#6142,#7361);
#7361 = DEFINITIONAL_REPRESENTATION('',(#7362),#7366);
#7362 = LINE('',#7363,#7364);
#7363 = CARTESIAN_POINT('',(0.,0.));
#7364 = VECTOR('',#7365,1.);
#7365 = DIRECTION('',(0.,1.));
#7366 = ( GEOMETRIC_REPRESENTATION_CONTEXT(2) 
PARAMETRIC_REPRESENTATION_CONTEXT() REPRESENTATION_CONTEXT('2D SPACE',''
  ) );
#7367 = ORIENTED_EDGE('',*,*,#6103,.T.);
#7368 = ORIENTED_EDGE('',*,*,#6025,.T.);
#7369 = ORIENTED_EDGE('',*,*,#5952,.F.);
#7370 = ORIENTED_EDGE('',*,*,#5902,.T.);
#7371 = ORIENTED_EDGE('',*,*,#5828,.F.);
#7372 = ORIENTED_EDGE('',*,*,#5665,.T.);
#7373 = ORIENTED_EDGE('',*,*,#7374,.F.);
#7374 = EDGE_CURVE('',#5429,#5668,#7375,.T.);
#7375 = SURFACE_CURVE('',#7376,(#7380,#7387),.PCURVE_S1.);
#7376 = LINE('',#7377,#7378);
#7377 = CARTESIAN_POINT('',(-16.5,2.,0.));
#7378 = VECTOR('',#7379,1.);
#7379 = DIRECTION('',(-0.,1.,0.));
#7380 = PCURVE('',#4505,#7381);
#7381 = DEFINITIONAL_REPRESENTATION('',(#7382),#7386);
#7382 = LINE('',#7383,#7384);
#7383 = CARTESIAN_POINT('',(-16.49999999968,-0.7));
#7384 = VECTOR('',#7385,1.);
#7385 = DIRECTION('',(0.,1.));
#7386 = ( GEOMETRIC_REPRESENTATION_CONTEXT(2) 
PARAMETRIC_REPRESENTATION_CONTEXT() REPRESENTATION_CONTEXT('2D SPACE',''
  ) );
#7387 = PCURVE('',#5601,#7388);
#7388 = DEFINITIONAL_REPRESENTATION('',(#7389),#7393);
#7389 = LINE('',#7390,#7391);
#7390 = CARTESIAN_POINT('',(0.,0.));
#7391 = VECTOR('',#7392,1.);
#7392 = DIRECTION('',(0.,-1.));
#7393 = ( GEOMETRIC_REPRESENTATION_CONTEXT(2) 
PARAMETRIC_REPRESENTATION_CONTEXT() REPRESENTATION_CONTEXT('2D SPACE',''
  ) );
#7394 = ORIENTED_EDGE('',*,*,#5428,.F.);
#7395 = FACE_BOUND('',#7396,.T.);
#7396 = EDGE_LOOP('',(#7397,#7427,#7455,#7483));
#7397 = ORIENTED_EDGE('',*,*,#7398,.T.);
#7398 = EDGE_CURVE('',#7399,#7401,#7403,.T.);
#7399 = VERTEX_POINT('',#7400);
#7400 = CARTESIAN_POINT('',(-10.,-18.95,0.));
#7401 = VERTEX_POINT('',#7402);
#7402 = CARTESIAN_POINT('',(-10.,-17.75,0.));
#7403 = SURFACE_CURVE('',#7404,(#7408,#7415),.PCURVE_S1.);
#7404 = LINE('',#7405,#7406);
#7405 = CARTESIAN_POINT('',(-10.,-18.95,0.));
#7406 = VECTOR('',#7407,1.);
#7407 = DIRECTION('',(-0.,1.,0.));
#7408 = PCURVE('',#4505,#7409);
#7409 = DEFINITIONAL_REPRESENTATION('',(#7410),#7414);
#7410 = LINE('',#7411,#7412);
#7411 = CARTESIAN_POINT('',(-9.999999999687,-21.65));
#7412 = VECTOR('',#7413,1.);
#7413 = DIRECTION('',(0.,1.));
#7414 = ( GEOMETRIC_REPRESENTATION_CONTEXT(2) 
PARAMETRIC_REPRESENTATION_CONTEXT() REPRESENTATION_CONTEXT('2D SPACE',''
  ) );
#7415 = PCURVE('',#7416,#7421);
#7416 = PLANE('',#7417);
#7417 = AXIS2_PLACEMENT_3D('',#7418,#7419,#7420);
#7418 = CARTESIAN_POINT('',(-10.,-18.95,0.));
#7419 = DIRECTION('',(1.,0.,-0.));
#7420 = DIRECTION('',(0.,0.,1.));
#7421 = DEFINITIONAL_REPRESENTATION('',(#7422),#7426);
#7422 = LINE('',#7423,#7424);
#7423 = CARTESIAN_POINT('',(0.,0.));
#7424 = VECTOR('',#7425,1.);
#7425 = DIRECTION('',(0.,-1.));
#7426 = ( GEOMETRIC_REPRESENTATION_CONTEXT(2) 
PARAMETRIC_REPRESENTATION_CONTEXT() REPRESENTATION_CONTEXT('2D SPACE',''
  ) );
#7427 = ORIENTED_EDGE('',*,*,#7428,.T.);
#7428 = EDGE_CURVE('',#7401,#7429,#7431,.T.);
#7429 = VERTEX_POINT('',#7430);
#7430 = CARTESIAN_POINT('',(2.,-17.75,0.));
#7431 = SURFACE_CURVE('',#7432,(#7436,#7443),.PCURVE_S1.);
#7432 = LINE('',#7433,#7434);
#7433 = CARTESIAN_POINT('',(-10.,-17.75,0.));
#7434 = VECTOR('',#7435,1.);
#7435 = DIRECTION('',(1.,0.,-0.));
#7436 = PCURVE('',#4505,#7437);
#7437 = DEFINITIONAL_REPRESENTATION('',(#7438),#7442);
#7438 = LINE('',#7439,#7440);
#7439 = CARTESIAN_POINT('',(-9.999999999687,-20.45));
#7440 = VECTOR('',#7441,1.);
#7441 = DIRECTION('',(1.,0.));
#7442 = ( GEOMETRIC_REPRESENTATION_CONTEXT(2) 
PARAMETRIC_REPRESENTATION_CONTEXT() REPRESENTATION_CONTEXT('2D SPACE',''
  ) );
#7443 = PCURVE('',#7444,#7449);
#7444 = PLANE('',#7445);
#7445 = AXIS2_PLACEMENT_3D('',#7446,#7447,#7448);
#7446 = CARTESIAN_POINT('',(-10.,-17.75,0.));
#7447 = DIRECTION('',(-0.,1.,0.));
#7448 = DIRECTION('',(0.,0.,1.));
#7449 = DEFINITIONAL_REPRESENTATION('',(#7450),#7454);
#7450 = LINE('',#7451,#7452);
#7451 = CARTESIAN_POINT('',(0.,0.));
#7452 = VECTOR('',#7453,1.);
#7453 = DIRECTION('',(0.,1.));
#7454 = ( GEOMETRIC_REPRESENTATION_CONTEXT(2) 
PARAMETRIC_REPRESENTATION_CONTEXT() REPRESENTATION_CONTEXT('2D SPACE',''
  ) );
#7455 = ORIENTED_EDGE('',*,*,#7456,.F.);
#7456 = EDGE_CURVE('',#7457,#7429,#7459,.T.);
#7457 = VERTEX_POINT('',#7458);
#7458 = CARTESIAN_POINT('',(2.,-18.95,0.));
#7459 = SURFACE_CURVE('',#7460,(#7464,#7471),.PCURVE_S1.);
#7460 = LINE('',#7461,#7462);
#7461 = CARTESIAN_POINT('',(2.,-18.95,0.));
#7462 = VECTOR('',#7463,1.);
#7463 = DIRECTION('',(-0.,1.,0.));
#7464 = PCURVE('',#4505,#7465);
#7465 = DEFINITIONAL_REPRESENTATION('',(#7466),#7470);
#7466 = LINE('',#7467,#7468);
#7467 = CARTESIAN_POINT('',(2.000000000313,-21.65));
#7468 = VECTOR('',#7469,1.);
#7469 = DIRECTION('',(0.,1.));
#7470 = ( GEOMETRIC_REPRESENTATION_CONTEXT(2) 
PARAMETRIC_REPRESENTATION_CONTEXT() REPRESENTATION_CONTEXT('2D SPACE',''
  ) );
#7471 = PCURVE('',#7472,#7477);
#7472 = PLANE('',#7473);
#7473 = AXIS2_PLACEMENT_3D('',#7474,#7475,#7476);
#7474 = CARTESIAN_POINT('',(2.,-18.95,0.));
#7475 = DIRECTION('',(1.,0.,-0.));
#7476 = DIRECTION('',(0.,0.,1.));
#7477 = DEFINITIONAL_REPRESENTATION('',(#7478),#7482);
#7478 = LINE('',#7479,#7480);
#7479 = CARTESIAN_POINT('',(0.,0.));
#7480 = VECTOR('',#7481,1.);
#7481 = DIRECTION('',(0.,-1.));
#7482 = ( GEOMETRIC_REPRESENTATION_CONTEXT(2) 
PARAMETRIC_REPRESENTATION_CONTEXT() REPRESENTATION_CONTEXT('2D SPACE',''
  ) );
#7483 = ORIENTED_EDGE('',*,*,#7484,.F.);
#7484 = EDGE_CURVE('',#7399,#7457,#7485,.T.);
#7485 = SURFACE_CURVE('',#7486,(#7490,#7497),.PCURVE_S1.);
#7486 = LINE('',#7487,#7488);
#7487 = CARTESIAN_POINT('',(-10.,-18.95,0.));
#7488 = VECTOR('',#7489,1.);
#7489 = DIRECTION('',(1.,0.,-0.));
#7490 = PCURVE('',#4505,#7491);
#7491 = DEFINITIONAL_REPRESENTATION('',(#7492),#7496);
#7492 = LINE('',#7493,#7494);
#7493 = CARTESIAN_POINT('',(-9.999999999687,-21.65));
#7494 = VECTOR('',#7495,1.);
#7495 = DIRECTION('',(1.,0.));
#7496 = ( GEOMETRIC_REPRESENTATION_CONTEXT(2) 
PARAMETRIC_REPRESENTATION_CONTEXT() REPRESENTATION_CONTEXT('2D SPACE',''
  ) );
#7497 = PCURVE('',#7498,#7503);
#7498 = PLANE('',#7499);
#7499 = AXIS2_PLACEMENT_3D('',#7500,#7501,#7502);
#7500 = CARTESIAN_POINT('',(-10.,-18.95,0.));
#7501 = DIRECTION('',(-0.,1.,0.));
#7502 = DIRECTION('',(0.,0.,1.));
#7503 = DEFINITIONAL_REPRESENTATION('',(#7504),#7508);
#7504 = LINE('',#7505,#7506);
#7505 = CARTESIAN_POINT('',(0.,0.));
#7506 = VECTOR('',#7507,1.);
#7507 = DIRECTION('',(0.,1.));
#7508 = ( GEOMETRIC_REPRESENTATION_CONTEXT(2) 
PARAMETRIC_REPRESENTATION_CONTEXT() REPRESENTATION_CONTEXT('2D SPACE',''
  ) );
#7509 = FACE_BOUND('',#7510,.T.);
#7510 = EDGE_LOOP('',(#7511,#7541,#7569,#7597));
#7511 = ORIENTED_EDGE('',*,*,#7512,.T.);
#7512 = EDGE_CURVE('',#7513,#7515,#7517,.T.);
#7513 = VERTEX_POINT('',#7514);
#7514 = CARTESIAN_POINT('',(14.5,-13.,0.));
#7515 = VERTEX_POINT('',#7516);
#7516 = CARTESIAN_POINT('',(14.5,1.,0.));
#7517 = SURFACE_CURVE('',#7518,(#7522,#7529),.PCURVE_S1.);
#7518 = LINE('',#7519,#7520);
#7519 = CARTESIAN_POINT('',(14.5,-13.,0.));
#7520 = VECTOR('',#7521,1.);
#7521 = DIRECTION('',(-0.,1.,0.));
#7522 = PCURVE('',#4505,#7523);
#7523 = DEFINITIONAL_REPRESENTATION('',(#7524),#7528);
#7524 = LINE('',#7525,#7526);
#7525 = CARTESIAN_POINT('',(14.500000000313,-15.7));
#7526 = VECTOR('',#7527,1.);
#7527 = DIRECTION('',(0.,1.));
#7528 = ( GEOMETRIC_REPRESENTATION_CONTEXT(2) 
PARAMETRIC_REPRESENTATION_CONTEXT() REPRESENTATION_CONTEXT('2D SPACE',''
  ) );
#7529 = PCURVE('',#7530,#7535);
#7530 = PLANE('',#7531);
#7531 = AXIS2_PLACEMENT_3D('',#7532,#7533,#7534);
#7532 = CARTESIAN_POINT('',(14.5,-13.,0.));
#7533 = DIRECTION('',(1.,0.,-0.));
#7534 = DIRECTION('',(0.,0.,1.));
#7535 = DEFINITIONAL_REPRESENTATION('',(#7536),#7540);
#7536 = LINE('',#7537,#7538);
#7537 = CARTESIAN_POINT('',(0.,0.));
#7538 = VECTOR('',#7539,1.);
#7539 = DIRECTION('',(0.,-1.));
#7540 = ( GEOMETRIC_REPRESENTATION_CONTEXT(2) 
PARAMETRIC_REPRESENTATION_CONTEXT() REPRESENTATION_CONTEXT('2D SPACE',''
  ) );
#7541 = ORIENTED_EDGE('',*,*,#7542,.T.);
#7542 = EDGE_CURVE('',#7515,#7543,#7545,.T.);
#7543 = VERTEX_POINT('',#7544);
#7544 = CARTESIAN_POINT('',(15.7,1.,0.));
#7545 = SURFACE_CURVE('',#7546,(#7550,#7557),.PCURVE_S1.);
#7546 = LINE('',#7547,#7548);
#7547 = CARTESIAN_POINT('',(14.5,1.,0.));
#7548 = VECTOR('',#7549,1.);
#7549 = DIRECTION('',(1.,0.,-0.));
#7550 = PCURVE('',#4505,#7551);
#7551 = DEFINITIONAL_REPRESENTATION('',(#7552),#7556);
#7552 = LINE('',#7553,#7554);
#7553 = CARTESIAN_POINT('',(14.500000000313,-1.7));
#7554 = VECTOR('',#7555,1.);
#7555 = DIRECTION('',(1.,0.));
#7556 = ( GEOMETRIC_REPRESENTATION_CONTEXT(2) 
PARAMETRIC_REPRESENTATION_CONTEXT() REPRESENTATION_CONTEXT('2D SPACE',''
  ) );
#7557 = PCURVE('',#7558,#7563);
#7558 = PLANE('',#7559);
#7559 = AXIS2_PLACEMENT_3D('',#7560,#7561,#7562);
#7560 = CARTESIAN_POINT('',(14.5,1.,0.));
#7561 = DIRECTION('',(-0.,1.,0.));
#7562 = DIRECTION('',(0.,0.,1.));
#7563 = DEFINITIONAL_REPRESENTATION('',(#7564),#7568);
#7564 = LINE('',#7565,#7566);
#7565 = CARTESIAN_POINT('',(0.,0.));
#7566 = VECTOR('',#7567,1.);
#7567 = DIRECTION('',(0.,1.));
#7568 = ( GEOMETRIC_REPRESENTATION_CONTEXT(2) 
PARAMETRIC_REPRESENTATION_CONTEXT() REPRESENTATION_CONTEXT('2D SPACE',''
  ) );
#7569 = ORIENTED_EDGE('',*,*,#7570,.F.);
#7570 = EDGE_CURVE('',#7571,#7543,#7573,.T.);
#7571 = VERTEX_POINT('',#7572);
#7572 = CARTESIAN_POINT('',(15.7,-13.,0.));
#7573 = SURFACE_CURVE('',#7574,(#7578,#7585),.PCURVE_S1.);
#7574 = LINE('',#7575,#7576);
#7575 = CARTESIAN_POINT('',(15.7,-13.,0.));
#7576 = VECTOR('',#7577,1.);
#7577 = DIRECTION('',(-0.,1.,0.));
#7578 = PCURVE('',#4505,#7579);
#7579 = DEFINITIONAL_REPRESENTATION('',(#7580),#7584);
#7580 = LINE('',#7581,#7582);
#7581 = CARTESIAN_POINT('',(15.700000000313,-15.7));
#7582 = VECTOR('',#7583,1.);
#7583 = DIRECTION('',(0.,1.));
#7584 = ( GEOMETRIC_REPRESENTATION_CONTEXT(2) 
PARAMETRIC_REPRESENTATION_CONTEXT() REPRESENTATION_CONTEXT('2D SPACE',''
  ) );
#7585 = PCURVE('',#7586,#7591);
#7586 = PLANE('',#7587);
#7587 = AXIS2_PLACEMENT_3D('',#7588,#7589,#7590);
#7588 = CARTESIAN_POINT('',(15.7,-13.,0.));
#7589 = DIRECTION('',(1.,0.,-0.));
#7590 = DIRECTION('',(0.,0.,1.));
#7591 = DEFINITIONAL_REPRESENTATION('',(#7592),#7596);
#7592 = LINE('',#7593,#7594);
#7593 = CARTESIAN_POINT('',(0.,0.));
#7594 = VECTOR('',#7595,1.);
#7595 = DIRECTION('',(0.,-1.));
#7596 = ( GEOMETRIC_REPRESENTATION_CONTEXT(2) 
PARAMETRIC_REPRESENTATION_CONTEXT() REPRESENTATION_CONTEXT('2D SPACE',''
  ) );
#7597 = ORIENTED_EDGE('',*,*,#7598,.F.);
#7598 = EDGE_CURVE('',#7513,#7571,#7599,.T.);
#7599 = SURFACE_CURVE('',#7600,(#7604,#7611),.PCURVE_S1.);
#7600 = LINE('',#7601,#7602);
#7601 = CARTESIAN_POINT('',(14.5,-13.,0.));
#7602 = VECTOR('',#7603,1.);
#7603 = DIRECTION('',(1.,0.,-0.));
#7604 = PCURVE('',#4505,#7605);
#7605 = DEFINITIONAL_REPRESENTATION('',(#7606),#7610);
#7606 = LINE('',#7607,#7608);
#7607 = CARTESIAN_POINT('',(14.500000000313,-15.7));
#7608 = VECTOR('',#7609,1.);
#7609 = DIRECTION('',(1.,0.));
#7610 = ( GEOMETRIC_REPRESENTATION_CONTEXT(2) 
PARAMETRIC_REPRESENTATION_CONTEXT() REPRESENTATION_CONTEXT('2D SPACE',''
  ) );
#7611 = PCURVE('',#7612,#7617);
#7612 = PLANE('',#7613);
#7613 = AXIS2_PLACEMENT_3D('',#7614,#7615,#7616);
#7614 = CARTESIAN_POINT('',(14.5,-13.,0.));
#7615 = DIRECTION('',(-0.,1.,0.));
#7616 = DIRECTION('',(0.,0.,1.));
#7617 = DEFINITIONAL_REPRESENTATION('',(#7618),#7622);
#7618 = LINE('',#7619,#7620);
#7619 = CARTESIAN_POINT('',(0.,0.));
#7620 = VECTOR('',#7621,1.);
#7621 = DIRECTION('',(0.,1.));
#7622 = ( GEOMETRIC_REPRESENTATION_CONTEXT(2) 
PARAMETRIC_REPRESENTATION_CONTEXT() REPRESENTATION_CONTEXT('2D SPACE',''
  ) );
#7623 = FACE_BOUND('',#7624,.T.);
#7624 = EDGE_LOOP('',(#7625,#7655,#7683,#7711));
#7625 = ORIENTED_EDGE('',*,*,#7626,.T.);
#7626 = EDGE_CURVE('',#7627,#7629,#7631,.T.);
#7627 = VERTEX_POINT('',#7628);
#7628 = CARTESIAN_POINT('',(-16.35,19.75,0.));
#7629 = VERTEX_POINT('',#7630);
#7630 = CARTESIAN_POINT('',(-16.35,21.35,0.));
#7631 = SURFACE_CURVE('',#7632,(#7636,#7643),.PCURVE_S1.);
#7632 = LINE('',#7633,#7634);
#7633 = CARTESIAN_POINT('',(-16.35,19.75,0.));
#7634 = VECTOR('',#7635,1.);
#7635 = DIRECTION('',(-0.,1.,0.));
#7636 = PCURVE('',#4505,#7637);
#7637 = DEFINITIONAL_REPRESENTATION('',(#7638),#7642);
#7638 = LINE('',#7639,#7640);
#7639 = CARTESIAN_POINT('',(-16.34999999968,17.05));
#7640 = VECTOR('',#7641,1.);
#7641 = DIRECTION('',(0.,1.));
#7642 = ( GEOMETRIC_REPRESENTATION_CONTEXT(2) 
PARAMETRIC_REPRESENTATION_CONTEXT() REPRESENTATION_CONTEXT('2D SPACE',''
  ) );
#7643 = PCURVE('',#7644,#7649);
#7644 = PLANE('',#7645);
#7645 = AXIS2_PLACEMENT_3D('',#7646,#7647,#7648);
#7646 = CARTESIAN_POINT('',(-16.35,19.75,0.));
#7647 = DIRECTION('',(1.,0.,-0.));
#7648 = DIRECTION('',(0.,0.,1.));
#7649 = DEFINITIONAL_REPRESENTATION('',(#7650),#7654);
#7650 = LINE('',#7651,#7652);
#7651 = CARTESIAN_POINT('',(0.,0.));
#7652 = VECTOR('',#7653,1.);
#7653 = DIRECTION('',(0.,-1.));
#7654 = ( GEOMETRIC_REPRESENTATION_CONTEXT(2) 
PARAMETRIC_REPRESENTATION_CONTEXT() REPRESENTATION_CONTEXT('2D SPACE',''
  ) );
#7655 = ORIENTED_EDGE('',*,*,#7656,.T.);
#7656 = EDGE_CURVE('',#7629,#7657,#7659,.T.);
#7657 = VERTEX_POINT('',#7658);
#7658 = CARTESIAN_POINT('',(-10.,21.35,0.));
#7659 = SURFACE_CURVE('',#7660,(#7664,#7671),.PCURVE_S1.);
#7660 = LINE('',#7661,#7662);
#7661 = CARTESIAN_POINT('',(-16.35,21.35,0.));
#7662 = VECTOR('',#7663,1.);
#7663 = DIRECTION('',(1.,0.,-0.));
#7664 = PCURVE('',#4505,#7665);
#7665 = DEFINITIONAL_REPRESENTATION('',(#7666),#7670);
#7666 = LINE('',#7667,#7668);
#7667 = CARTESIAN_POINT('',(-16.34999999968,18.65));
#7668 = VECTOR('',#7669,1.);
#7669 = DIRECTION('',(1.,0.));
#7670 = ( GEOMETRIC_REPRESENTATION_CONTEXT(2) 
PARAMETRIC_REPRESENTATION_CONTEXT() REPRESENTATION_CONTEXT('2D SPACE',''
  ) );
#7671 = PCURVE('',#7672,#7677);
#7672 = PLANE('',#7673);
#7673 = AXIS2_PLACEMENT_3D('',#7674,#7675,#7676);
#7674 = CARTESIAN_POINT('',(-16.35,21.35,0.));
#7675 = DIRECTION('',(-0.,1.,0.));
#7676 = DIRECTION('',(0.,0.,1.));
#7677 = DEFINITIONAL_REPRESENTATION('',(#7678),#7682);
#7678 = LINE('',#7679,#7680);
#7679 = CARTESIAN_POINT('',(0.,0.));
#7680 = VECTOR('',#7681,1.);
#7681 = DIRECTION('',(0.,1.));
#7682 = ( GEOMETRIC_REPRESENTATION_CONTEXT(2) 
PARAMETRIC_REPRESENTATION_CONTEXT() REPRESENTATION_CONTEXT('2D SPACE',''
  ) );
#7683 = ORIENTED_EDGE('',*,*,#7684,.F.);
#7684 = EDGE_CURVE('',#7685,#7657,#7687,.T.);
#7685 = VERTEX_POINT('',#7686);
#7686 = CARTESIAN_POINT('',(-10.,19.75,0.));
#7687 = SURFACE_CURVE('',#7688,(#7692,#7699),.PCURVE_S1.);
#7688 = LINE('',#7689,#7690);
#7689 = CARTESIAN_POINT('',(-10.,19.75,0.));
#7690 = VECTOR('',#7691,1.);
#7691 = DIRECTION('',(-0.,1.,0.));
#7692 = PCURVE('',#4505,#7693);
#7693 = DEFINITIONAL_REPRESENTATION('',(#7694),#7698);
#7694 = LINE('',#7695,#7696);
#7695 = CARTESIAN_POINT('',(-9.999999999687,17.05));
#7696 = VECTOR('',#7697,1.);
#7697 = DIRECTION('',(0.,1.));
#7698 = ( GEOMETRIC_REPRESENTATION_CONTEXT(2) 
PARAMETRIC_REPRESENTATION_CONTEXT() REPRESENTATION_CONTEXT('2D SPACE',''
  ) );
#7699 = PCURVE('',#7700,#7705);
#7700 = PLANE('',#7701);
#7701 = AXIS2_PLACEMENT_3D('',#7702,#7703,#7704);
#7702 = CARTESIAN_POINT('',(-10.,19.75,0.));
#7703 = DIRECTION('',(1.,0.,-0.));
#7704 = DIRECTION('',(0.,0.,1.));
#7705 = DEFINITIONAL_REPRESENTATION('',(#7706),#7710);
#7706 = LINE('',#7707,#7708);
#7707 = CARTESIAN_POINT('',(0.,0.));
#7708 = VECTOR('',#7709,1.);
#7709 = DIRECTION('',(0.,-1.));
#7710 = ( GEOMETRIC_REPRESENTATION_CONTEXT(2) 
PARAMETRIC_REPRESENTATION_CONTEXT() REPRESENTATION_CONTEXT('2D SPACE',''
  ) );
#7711 = ORIENTED_EDGE('',*,*,#7712,.F.);
#7712 = EDGE_CURVE('',#7627,#7685,#7713,.T.);
#7713 = SURFACE_CURVE('',#7714,(#7718,#7725),.PCURVE_S1.);
#7714 = LINE('',#7715,#7716);
#7715 = CARTESIAN_POINT('',(-16.35,19.75,0.));
#7716 = VECTOR('',#7717,1.);
#7717 = DIRECTION('',(1.,0.,-0.));
#7718 = PCURVE('',#4505,#7719);
#7719 = DEFINITIONAL_REPRESENTATION('',(#7720),#7724);
#7720 = LINE('',#7721,#7722);
#7721 = CARTESIAN_POINT('',(-16.34999999968,17.05));
#7722 = VECTOR('',#7723,1.);
#7723 = DIRECTION('',(1.,0.));
#7724 = ( GEOMETRIC_REPRESENTATION_CONTEXT(2) 
PARAMETRIC_REPRESENTATION_CONTEXT() REPRESENTATION_CONTEXT('2D SPACE',''
  ) );
#7725 = PCURVE('',#7726,#7731);
#7726 = PLANE('',#7727);
#7727 = AXIS2_PLACEMENT_3D('',#7728,#7729,#7730);
#7728 = CARTESIAN_POINT('',(-16.35,19.75,0.));
#7729 = DIRECTION('',(-0.,1.,0.));
#7730 = DIRECTION('',(0.,0.,1.));
#7731 = DEFINITIONAL_REPRESENTATION('',(#7732),#7736);
#7732 = LINE('',#7733,#7734);
#7733 = CARTESIAN_POINT('',(0.,0.));
#7734 = VECTOR('',#7735,1.);
#7735 = DIRECTION('',(0.,1.));
#7736 = ( GEOMETRIC_REPRESENTATION_CONTEXT(2) 
PARAMETRIC_REPRESENTATION_CONTEXT() REPRESENTATION_CONTEXT('2D SPACE',''
  ) );
#7737 = FACE_BOUND('',#7738,.T.);
#7738 = EDGE_LOOP('',(#7739,#7769,#7797,#7825));
#7739 = ORIENTED_EDGE('',*,*,#7740,.T.);
#7740 = EDGE_CURVE('',#7741,#7743,#7745,.T.);
#7741 = VERTEX_POINT('',#7742);
#7742 = CARTESIAN_POINT('',(-9.25,21.25,0.));
#7743 = VERTEX_POINT('',#7744);
#7744 = CARTESIAN_POINT('',(-9.25,26.25,0.));
#7745 = SURFACE_CURVE('',#7746,(#7750,#7757),.PCURVE_S1.);
#7746 = LINE('',#7747,#7748);
#7747 = CARTESIAN_POINT('',(-9.25,21.25,0.));
#7748 = VECTOR('',#7749,1.);
#7749 = DIRECTION('',(-0.,1.,0.));
#7750 = PCURVE('',#4505,#7751);
#7751 = DEFINITIONAL_REPRESENTATION('',(#7752),#7756);
#7752 = LINE('',#7753,#7754);
#7753 = CARTESIAN_POINT('',(-9.249999999687,18.55));
#7754 = VECTOR('',#7755,1.);
#7755 = DIRECTION('',(0.,1.));
#7756 = ( GEOMETRIC_REPRESENTATION_CONTEXT(2) 
PARAMETRIC_REPRESENTATION_CONTEXT() REPRESENTATION_CONTEXT('2D SPACE',''
  ) );
#7757 = PCURVE('',#7758,#7763);
#7758 = PLANE('',#7759);
#7759 = AXIS2_PLACEMENT_3D('',#7760,#7761,#7762);
#7760 = CARTESIAN_POINT('',(-9.25,21.25,0.));
#7761 = DIRECTION('',(1.,0.,-0.));
#7762 = DIRECTION('',(0.,0.,1.));
#7763 = DEFINITIONAL_REPRESENTATION('',(#7764),#7768);
#7764 = LINE('',#7765,#7766);
#7765 = CARTESIAN_POINT('',(0.,0.));
#7766 = VECTOR('',#7767,1.);
#7767 = DIRECTION('',(0.,-1.));
#7768 = ( GEOMETRIC_REPRESENTATION_CONTEXT(2) 
PARAMETRIC_REPRESENTATION_CONTEXT() REPRESENTATION_CONTEXT('2D SPACE',''
  ) );
#7769 = ORIENTED_EDGE('',*,*,#7770,.T.);
#7770 = EDGE_CURVE('',#7743,#7771,#7773,.T.);
#7771 = VERTEX_POINT('',#7772);
#7772 = CARTESIAN_POINT('',(-8.05,26.25,0.));
#7773 = SURFACE_CURVE('',#7774,(#7778,#7785),.PCURVE_S1.);
#7774 = LINE('',#7775,#7776);
#7775 = CARTESIAN_POINT('',(-9.25,26.25,0.));
#7776 = VECTOR('',#7777,1.);
#7777 = DIRECTION('',(1.,0.,-0.));
#7778 = PCURVE('',#4505,#7779);
#7779 = DEFINITIONAL_REPRESENTATION('',(#7780),#7784);
#7780 = LINE('',#7781,#7782);
#7781 = CARTESIAN_POINT('',(-9.249999999687,23.55));
#7782 = VECTOR('',#7783,1.);
#7783 = DIRECTION('',(1.,0.));
#7784 = ( GEOMETRIC_REPRESENTATION_CONTEXT(2) 
PARAMETRIC_REPRESENTATION_CONTEXT() REPRESENTATION_CONTEXT('2D SPACE',''
  ) );
#7785 = PCURVE('',#7786,#7791);
#7786 = PLANE('',#7787);
#7787 = AXIS2_PLACEMENT_3D('',#7788,#7789,#7790);
#7788 = CARTESIAN_POINT('',(-9.25,26.25,0.));
#7789 = DIRECTION('',(-0.,1.,0.));
#7790 = DIRECTION('',(0.,0.,1.));
#7791 = DEFINITIONAL_REPRESENTATION('',(#7792),#7796);
#7792 = LINE('',#7793,#7794);
#7793 = CARTESIAN_POINT('',(0.,0.));
#7794 = VECTOR('',#7795,1.);
#7795 = DIRECTION('',(0.,1.));
#7796 = ( GEOMETRIC_REPRESENTATION_CONTEXT(2) 
PARAMETRIC_REPRESENTATION_CONTEXT() REPRESENTATION_CONTEXT('2D SPACE',''
  ) );
#7797 = ORIENTED_EDGE('',*,*,#7798,.F.);
#7798 = EDGE_CURVE('',#7799,#7771,#7801,.T.);
#7799 = VERTEX_POINT('',#7800);
#7800 = CARTESIAN_POINT('',(-8.05,21.25,0.));
#7801 = SURFACE_CURVE('',#7802,(#7806,#7813),.PCURVE_S1.);
#7802 = LINE('',#7803,#7804);
#7803 = CARTESIAN_POINT('',(-8.05,21.25,0.));
#7804 = VECTOR('',#7805,1.);
#7805 = DIRECTION('',(-0.,1.,0.));
#7806 = PCURVE('',#4505,#7807);
#7807 = DEFINITIONAL_REPRESENTATION('',(#7808),#7812);
#7808 = LINE('',#7809,#7810);
#7809 = CARTESIAN_POINT('',(-8.049999999687,18.55));
#7810 = VECTOR('',#7811,1.);
#7811 = DIRECTION('',(0.,1.));
#7812 = ( GEOMETRIC_REPRESENTATION_CONTEXT(2) 
PARAMETRIC_REPRESENTATION_CONTEXT() REPRESENTATION_CONTEXT('2D SPACE',''
  ) );
#7813 = PCURVE('',#7814,#7819);
#7814 = PLANE('',#7815);
#7815 = AXIS2_PLACEMENT_3D('',#7816,#7817,#7818);
#7816 = CARTESIAN_POINT('',(-8.05,21.25,0.));
#7817 = DIRECTION('',(1.,0.,-0.));
#7818 = DIRECTION('',(0.,0.,1.));
#7819 = DEFINITIONAL_REPRESENTATION('',(#7820),#7824);
#7820 = LINE('',#7821,#7822);
#7821 = CARTESIAN_POINT('',(0.,0.));
#7822 = VECTOR('',#7823,1.);
#7823 = DIRECTION('',(0.,-1.));
#7824 = ( GEOMETRIC_REPRESENTATION_CONTEXT(2) 
PARAMETRIC_REPRESENTATION_CONTEXT() REPRESENTATION_CONTEXT('2D SPACE',''
  ) );
#7825 = ORIENTED_EDGE('',*,*,#7826,.F.);
#7826 = EDGE_CURVE('',#7741,#7799,#7827,.T.);
#7827 = SURFACE_CURVE('',#7828,(#7832,#7839),.PCURVE_S1.);
#7828 = LINE('',#7829,#7830);
#7829 = CARTESIAN_POINT('',(-9.25,21.25,0.));
#7830 = VECTOR('',#7831,1.);
#7831 = DIRECTION('',(1.,0.,-0.));
#7832 = PCURVE('',#4505,#7833);
#7833 = DEFINITIONAL_REPRESENTATION('',(#7834),#7838);
#7834 = LINE('',#7835,#7836);
#7835 = CARTESIAN_POINT('',(-9.249999999687,18.55));
#7836 = VECTOR('',#7837,1.);
#7837 = DIRECTION('',(1.,0.));
#7838 = ( GEOMETRIC_REPRESENTATION_CONTEXT(2) 
PARAMETRIC_REPRESENTATION_CONTEXT() REPRESENTATION_CONTEXT('2D SPACE',''
  ) );
#7839 = PCURVE('',#7840,#7845);
#7840 = PLANE('',#7841);
#7841 = AXIS2_PLACEMENT_3D('',#7842,#7843,#7844);
#7842 = CARTESIAN_POINT('',(-9.25,21.25,0.));
#7843 = DIRECTION('',(-0.,1.,0.));
#7844 = DIRECTION('',(0.,0.,1.));
#7845 = DEFINITIONAL_REPRESENTATION('',(#7846),#7850);
#7846 = LINE('',#7847,#7848);
#7847 = CARTESIAN_POINT('',(0.,0.));
#7848 = VECTOR('',#7849,1.);
#7849 = DIRECTION('',(0.,1.));
#7850 = ( GEOMETRIC_REPRESENTATION_CONTEXT(2) 
PARAMETRIC_REPRESENTATION_CONTEXT() REPRESENTATION_CONTEXT('2D SPACE',''
  ) );
#7851 = FACE_BOUND('',#7852,.T.);
#7852 = EDGE_LOOP('',(#7853,#7883,#7911,#7939,#7967,#7995,#8023,#8051,
    #8079,#8107,#8130,#8158));
#7853 = ORIENTED_EDGE('',*,*,#7854,.T.);
#7854 = EDGE_CURVE('',#7855,#7857,#7859,.T.);
#7855 = VERTEX_POINT('',#7856);
#7856 = CARTESIAN_POINT('',(-8.65,21.1,0.));
#7857 = VERTEX_POINT('',#7858);
#7858 = CARTESIAN_POINT('',(10.,21.1,0.));
#7859 = SURFACE_CURVE('',#7860,(#7864,#7871),.PCURVE_S1.);
#7860 = LINE('',#7861,#7862);
#7861 = CARTESIAN_POINT('',(-8.65,21.1,0.));
#7862 = VECTOR('',#7863,1.);
#7863 = DIRECTION('',(1.,0.,-0.));
#7864 = PCURVE('',#4505,#7865);
#7865 = DEFINITIONAL_REPRESENTATION('',(#7866),#7870);
#7866 = LINE('',#7867,#7868);
#7867 = CARTESIAN_POINT('',(-8.649999999687,18.4));
#7868 = VECTOR('',#7869,1.);
#7869 = DIRECTION('',(1.,0.));
#7870 = ( GEOMETRIC_REPRESENTATION_CONTEXT(2) 
PARAMETRIC_REPRESENTATION_CONTEXT() REPRESENTATION_CONTEXT('2D SPACE',''
  ) );
#7871 = PCURVE('',#7872,#7877);
#7872 = PLANE('',#7873);
#7873 = AXIS2_PLACEMENT_3D('',#7874,#7875,#7876);
#7874 = CARTESIAN_POINT('',(-8.65,21.1,0.));
#7875 = DIRECTION('',(-0.,1.,0.));
#7876 = DIRECTION('',(0.,0.,1.));
#7877 = DEFINITIONAL_REPRESENTATION('',(#7878),#7882);
#7878 = LINE('',#7879,#7880);
#7879 = CARTESIAN_POINT('',(0.,0.));
#7880 = VECTOR('',#7881,1.);
#7881 = DIRECTION('',(0.,1.));
#7882 = ( GEOMETRIC_REPRESENTATION_CONTEXT(2) 
PARAMETRIC_REPRESENTATION_CONTEXT() REPRESENTATION_CONTEXT('2D SPACE',''
  ) );
#7883 = ORIENTED_EDGE('',*,*,#7884,.T.);
#7884 = EDGE_CURVE('',#7857,#7885,#7887,.T.);
#7885 = VERTEX_POINT('',#7886);
#7886 = CARTESIAN_POINT('',(10.,21.25,0.));
#7887 = SURFACE_CURVE('',#7888,(#7892,#7899),.PCURVE_S1.);
#7888 = LINE('',#7889,#7890);
#7889 = CARTESIAN_POINT('',(10.,19.75,0.));
#7890 = VECTOR('',#7891,1.);
#7891 = DIRECTION('',(-0.,1.,0.));
#7892 = PCURVE('',#4505,#7893);
#7893 = DEFINITIONAL_REPRESENTATION('',(#7894),#7898);
#7894 = LINE('',#7895,#7896);
#7895 = CARTESIAN_POINT('',(10.000000000313,17.05));
#7896 = VECTOR('',#7897,1.);
#7897 = DIRECTION('',(0.,1.));
#7898 = ( GEOMETRIC_REPRESENTATION_CONTEXT(2) 
PARAMETRIC_REPRESENTATION_CONTEXT() REPRESENTATION_CONTEXT('2D SPACE',''
  ) );
#7899 = PCURVE('',#7900,#7905);
#7900 = PLANE('',#7901);
#7901 = AXIS2_PLACEMENT_3D('',#7902,#7903,#7904);
#7902 = CARTESIAN_POINT('',(10.,19.75,0.));
#7903 = DIRECTION('',(1.,0.,-0.));
#7904 = DIRECTION('',(0.,0.,1.));
#7905 = DEFINITIONAL_REPRESENTATION('',(#7906),#7910);
#7906 = LINE('',#7907,#7908);
#7907 = CARTESIAN_POINT('',(0.,0.));
#7908 = VECTOR('',#7909,1.);
#7909 = DIRECTION('',(0.,-1.));
#7910 = ( GEOMETRIC_REPRESENTATION_CONTEXT(2) 
PARAMETRIC_REPRESENTATION_CONTEXT() REPRESENTATION_CONTEXT('2D SPACE',''
  ) );
#7911 = ORIENTED_EDGE('',*,*,#7912,.F.);
#7912 = EDGE_CURVE('',#7913,#7885,#7915,.T.);
#7913 = VERTEX_POINT('',#7914);
#7914 = CARTESIAN_POINT('',(9.65,21.25,0.));
#7915 = SURFACE_CURVE('',#7916,(#7920,#7927),.PCURVE_S1.);
#7916 = LINE('',#7917,#7918);
#7917 = CARTESIAN_POINT('',(9.65,21.25,0.));
#7918 = VECTOR('',#7919,1.);
#7919 = DIRECTION('',(1.,0.,-0.));
#7920 = PCURVE('',#4505,#7921);
#7921 = DEFINITIONAL_REPRESENTATION('',(#7922),#7926);
#7922 = LINE('',#7923,#7924);
#7923 = CARTESIAN_POINT('',(9.650000000313,18.55));
#7924 = VECTOR('',#7925,1.);
#7925 = DIRECTION('',(1.,0.));
#7926 = ( GEOMETRIC_REPRESENTATION_CONTEXT(2) 
PARAMETRIC_REPRESENTATION_CONTEXT() REPRESENTATION_CONTEXT('2D SPACE',''
  ) );
#7927 = PCURVE('',#7928,#7933);
#7928 = PLANE('',#7929);
#7929 = AXIS2_PLACEMENT_3D('',#7930,#7931,#7932);
#7930 = CARTESIAN_POINT('',(9.65,21.25,0.));
#7931 = DIRECTION('',(-0.,1.,0.));
#7932 = DIRECTION('',(0.,0.,1.));
#7933 = DEFINITIONAL_REPRESENTATION('',(#7934),#7938);
#7934 = LINE('',#7935,#7936);
#7935 = CARTESIAN_POINT('',(0.,0.));
#7936 = VECTOR('',#7937,1.);
#7937 = DIRECTION('',(0.,1.));
#7938 = ( GEOMETRIC_REPRESENTATION_CONTEXT(2) 
PARAMETRIC_REPRESENTATION_CONTEXT() REPRESENTATION_CONTEXT('2D SPACE',''
  ) );
#7939 = ORIENTED_EDGE('',*,*,#7940,.T.);
#7940 = EDGE_CURVE('',#7913,#7941,#7943,.T.);
#7941 = VERTEX_POINT('',#7942);
#7942 = CARTESIAN_POINT('',(9.65,26.25,0.));
#7943 = SURFACE_CURVE('',#7944,(#7948,#7955),.PCURVE_S1.);
#7944 = LINE('',#7945,#7946);
#7945 = CARTESIAN_POINT('',(9.65,21.25,0.));
#7946 = VECTOR('',#7947,1.);
#7947 = DIRECTION('',(-0.,1.,0.));
#7948 = PCURVE('',#4505,#7949);
#7949 = DEFINITIONAL_REPRESENTATION('',(#7950),#7954);
#7950 = LINE('',#7951,#7952);
#7951 = CARTESIAN_POINT('',(9.650000000313,18.55));
#7952 = VECTOR('',#7953,1.);
#7953 = DIRECTION('',(0.,1.));
#7954 = ( GEOMETRIC_REPRESENTATION_CONTEXT(2) 
PARAMETRIC_REPRESENTATION_CONTEXT() REPRESENTATION_CONTEXT('2D SPACE',''
  ) );
#7955 = PCURVE('',#7956,#7961);
#7956 = PLANE('',#7957);
#7957 = AXIS2_PLACEMENT_3D('',#7958,#7959,#7960);
#7958 = CARTESIAN_POINT('',(9.65,21.25,0.));
#7959 = DIRECTION('',(1.,0.,-0.));
#7960 = DIRECTION('',(0.,0.,1.));
#7961 = DEFINITIONAL_REPRESENTATION('',(#7962),#7966);
#7962 = LINE('',#7963,#7964);
#7963 = CARTESIAN_POINT('',(0.,0.));
#7964 = VECTOR('',#7965,1.);
#7965 = DIRECTION('',(0.,-1.));
#7966 = ( GEOMETRIC_REPRESENTATION_CONTEXT(2) 
PARAMETRIC_REPRESENTATION_CONTEXT() REPRESENTATION_CONTEXT('2D SPACE',''
  ) );
#7967 = ORIENTED_EDGE('',*,*,#7968,.T.);
#7968 = EDGE_CURVE('',#7941,#7969,#7971,.T.);
#7969 = VERTEX_POINT('',#7970);
#7970 = CARTESIAN_POINT('',(10.85,26.25,0.));
#7971 = SURFACE_CURVE('',#7972,(#7976,#7983),.PCURVE_S1.);
#7972 = LINE('',#7973,#7974);
#7973 = CARTESIAN_POINT('',(9.65,26.25,0.));
#7974 = VECTOR('',#7975,1.);
#7975 = DIRECTION('',(1.,0.,-0.));
#7976 = PCURVE('',#4505,#7977);
#7977 = DEFINITIONAL_REPRESENTATION('',(#7978),#7982);
#7978 = LINE('',#7979,#7980);
#7979 = CARTESIAN_POINT('',(9.650000000313,23.55));
#7980 = VECTOR('',#7981,1.);
#7981 = DIRECTION('',(1.,0.));
#7982 = ( GEOMETRIC_REPRESENTATION_CONTEXT(2) 
PARAMETRIC_REPRESENTATION_CONTEXT() REPRESENTATION_CONTEXT('2D SPACE',''
  ) );
#7983 = PCURVE('',#7984,#7989);
#7984 = PLANE('',#7985);
#7985 = AXIS2_PLACEMENT_3D('',#7986,#7987,#7988);
#7986 = CARTESIAN_POINT('',(9.65,26.25,0.));
#7987 = DIRECTION('',(-0.,1.,0.));
#7988 = DIRECTION('',(0.,0.,1.));
#7989 = DEFINITIONAL_REPRESENTATION('',(#7990),#7994);
#7990 = LINE('',#7991,#7992);
#7991 = CARTESIAN_POINT('',(0.,0.));
#7992 = VECTOR('',#7993,1.);
#7993 = DIRECTION('',(0.,1.));
#7994 = ( GEOMETRIC_REPRESENTATION_CONTEXT(2) 
PARAMETRIC_REPRESENTATION_CONTEXT() REPRESENTATION_CONTEXT('2D SPACE',''
  ) );
#7995 = ORIENTED_EDGE('',*,*,#7996,.F.);
#7996 = EDGE_CURVE('',#7997,#7969,#7999,.T.);
#7997 = VERTEX_POINT('',#7998);
#7998 = CARTESIAN_POINT('',(10.85,21.35,0.));
#7999 = SURFACE_CURVE('',#8000,(#8004,#8011),.PCURVE_S1.);
#8000 = LINE('',#8001,#8002);
#8001 = CARTESIAN_POINT('',(10.85,21.25,0.));
#8002 = VECTOR('',#8003,1.);
#8003 = DIRECTION('',(-0.,1.,0.));
#8004 = PCURVE('',#4505,#8005);
#8005 = DEFINITIONAL_REPRESENTATION('',(#8006),#8010);
#8006 = LINE('',#8007,#8008);
#8007 = CARTESIAN_POINT('',(10.850000000313,18.55));
#8008 = VECTOR('',#8009,1.);
#8009 = DIRECTION('',(0.,1.));
#8010 = ( GEOMETRIC_REPRESENTATION_CONTEXT(2) 
PARAMETRIC_REPRESENTATION_CONTEXT() REPRESENTATION_CONTEXT('2D SPACE',''
  ) );
#8011 = PCURVE('',#8012,#8017);
#8012 = PLANE('',#8013);
#8013 = AXIS2_PLACEMENT_3D('',#8014,#8015,#8016);
#8014 = CARTESIAN_POINT('',(10.85,21.25,0.));
#8015 = DIRECTION('',(1.,0.,-0.));
#8016 = DIRECTION('',(0.,0.,1.));
#8017 = DEFINITIONAL_REPRESENTATION('',(#8018),#8022);
#8018 = LINE('',#8019,#8020);
#8019 = CARTESIAN_POINT('',(0.,0.));
#8020 = VECTOR('',#8021,1.);
#8021 = DIRECTION('',(0.,-1.));
#8022 = ( GEOMETRIC_REPRESENTATION_CONTEXT(2) 
PARAMETRIC_REPRESENTATION_CONTEXT() REPRESENTATION_CONTEXT('2D SPACE',''
  ) );
#8023 = ORIENTED_EDGE('',*,*,#8024,.T.);
#8024 = EDGE_CURVE('',#7997,#8025,#8027,.T.);
#8025 = VERTEX_POINT('',#8026);
#8026 = CARTESIAN_POINT('',(16.35,21.35,0.));
#8027 = SURFACE_CURVE('',#8028,(#8032,#8039),.PCURVE_S1.);
#8028 = LINE('',#8029,#8030);
#8029 = CARTESIAN_POINT('',(10.,21.35,0.));
#8030 = VECTOR('',#8031,1.);
#8031 = DIRECTION('',(1.,0.,-0.));
#8032 = PCURVE('',#4505,#8033);
#8033 = DEFINITIONAL_REPRESENTATION('',(#8034),#8038);
#8034 = LINE('',#8035,#8036);
#8035 = CARTESIAN_POINT('',(10.000000000313,18.65));
#8036 = VECTOR('',#8037,1.);
#8037 = DIRECTION('',(1.,0.));
#8038 = ( GEOMETRIC_REPRESENTATION_CONTEXT(2) 
PARAMETRIC_REPRESENTATION_CONTEXT() REPRESENTATION_CONTEXT('2D SPACE',''
  ) );
#8039 = PCURVE('',#8040,#8045);
#8040 = PLANE('',#8041);
#8041 = AXIS2_PLACEMENT_3D('',#8042,#8043,#8044);
#8042 = CARTESIAN_POINT('',(10.,21.35,0.));
#8043 = DIRECTION('',(-0.,1.,0.));
#8044 = DIRECTION('',(0.,0.,1.));
#8045 = DEFINITIONAL_REPRESENTATION('',(#8046),#8050);
#8046 = LINE('',#8047,#8048);
#8047 = CARTESIAN_POINT('',(0.,0.));
#8048 = VECTOR('',#8049,1.);
#8049 = DIRECTION('',(0.,1.));
#8050 = ( GEOMETRIC_REPRESENTATION_CONTEXT(2) 
PARAMETRIC_REPRESENTATION_CONTEXT() REPRESENTATION_CONTEXT('2D SPACE',''
  ) );
#8051 = ORIENTED_EDGE('',*,*,#8052,.F.);
#8052 = EDGE_CURVE('',#8053,#8025,#8055,.T.);
#8053 = VERTEX_POINT('',#8054);
#8054 = CARTESIAN_POINT('',(16.35,19.75,0.));
#8055 = SURFACE_CURVE('',#8056,(#8060,#8067),.PCURVE_S1.);
#8056 = LINE('',#8057,#8058);
#8057 = CARTESIAN_POINT('',(16.35,19.75,0.));
#8058 = VECTOR('',#8059,1.);
#8059 = DIRECTION('',(-0.,1.,0.));
#8060 = PCURVE('',#4505,#8061);
#8061 = DEFINITIONAL_REPRESENTATION('',(#8062),#8066);
#8062 = LINE('',#8063,#8064);
#8063 = CARTESIAN_POINT('',(16.350000000313,17.05));
#8064 = VECTOR('',#8065,1.);
#8065 = DIRECTION('',(0.,1.));
#8066 = ( GEOMETRIC_REPRESENTATION_CONTEXT(2) 
PARAMETRIC_REPRESENTATION_CONTEXT() REPRESENTATION_CONTEXT('2D SPACE',''
  ) );
#8067 = PCURVE('',#8068,#8073);
#8068 = PLANE('',#8069);
#8069 = AXIS2_PLACEMENT_3D('',#8070,#8071,#8072);
#8070 = CARTESIAN_POINT('',(16.35,19.75,0.));
#8071 = DIRECTION('',(1.,0.,-0.));
#8072 = DIRECTION('',(0.,0.,1.));
#8073 = DEFINITIONAL_REPRESENTATION('',(#8074),#8078);
#8074 = LINE('',#8075,#8076);
#8075 = CARTESIAN_POINT('',(0.,0.));
#8076 = VECTOR('',#8077,1.);
#8077 = DIRECTION('',(0.,-1.));
#8078 = ( GEOMETRIC_REPRESENTATION_CONTEXT(2) 
PARAMETRIC_REPRESENTATION_CONTEXT() REPRESENTATION_CONTEXT('2D SPACE',''
  ) );
#8079 = ORIENTED_EDGE('',*,*,#8080,.F.);
#8080 = EDGE_CURVE('',#8081,#8053,#8083,.T.);
#8081 = VERTEX_POINT('',#8082);
#8082 = CARTESIAN_POINT('',(10.,19.75,0.));
#8083 = SURFACE_CURVE('',#8084,(#8088,#8095),.PCURVE_S1.);
#8084 = LINE('',#8085,#8086);
#8085 = CARTESIAN_POINT('',(10.,19.75,0.));
#8086 = VECTOR('',#8087,1.);
#8087 = DIRECTION('',(1.,0.,-0.));
#8088 = PCURVE('',#4505,#8089);
#8089 = DEFINITIONAL_REPRESENTATION('',(#8090),#8094);
#8090 = LINE('',#8091,#8092);
#8091 = CARTESIAN_POINT('',(10.000000000313,17.05));
#8092 = VECTOR('',#8093,1.);
#8093 = DIRECTION('',(1.,0.));
#8094 = ( GEOMETRIC_REPRESENTATION_CONTEXT(2) 
PARAMETRIC_REPRESENTATION_CONTEXT() REPRESENTATION_CONTEXT('2D SPACE',''
  ) );
#8095 = PCURVE('',#8096,#8101);
#8096 = PLANE('',#8097);
#8097 = AXIS2_PLACEMENT_3D('',#8098,#8099,#8100);
#8098 = CARTESIAN_POINT('',(10.,19.75,0.));
#8099 = DIRECTION('',(-0.,1.,0.));
#8100 = DIRECTION('',(0.,0.,1.));
#8101 = DEFINITIONAL_REPRESENTATION('',(#8102),#8106);
#8102 = LINE('',#8103,#8104);
#8103 = CARTESIAN_POINT('',(0.,0.));
#8104 = VECTOR('',#8105,1.);
#8105 = DIRECTION('',(0.,1.));
#8106 = ( GEOMETRIC_REPRESENTATION_CONTEXT(2) 
PARAMETRIC_REPRESENTATION_CONTEXT() REPRESENTATION_CONTEXT('2D SPACE',''
  ) );
#8107 = ORIENTED_EDGE('',*,*,#8108,.T.);
#8108 = EDGE_CURVE('',#8081,#8109,#8111,.T.);
#8109 = VERTEX_POINT('',#8110);
#8110 = CARTESIAN_POINT('',(10.,19.9,0.));
#8111 = SURFACE_CURVE('',#8112,(#8116,#8123),.PCURVE_S1.);
#8112 = LINE('',#8113,#8114);
#8113 = CARTESIAN_POINT('',(10.,19.75,0.));
#8114 = VECTOR('',#8115,1.);
#8115 = DIRECTION('',(-0.,1.,0.));
#8116 = PCURVE('',#4505,#8117);
#8117 = DEFINITIONAL_REPRESENTATION('',(#8118),#8122);
#8118 = LINE('',#8119,#8120);
#8119 = CARTESIAN_POINT('',(10.000000000313,17.05));
#8120 = VECTOR('',#8121,1.);
#8121 = DIRECTION('',(0.,1.));
#8122 = ( GEOMETRIC_REPRESENTATION_CONTEXT(2) 
PARAMETRIC_REPRESENTATION_CONTEXT() REPRESENTATION_CONTEXT('2D SPACE',''
  ) );
#8123 = PCURVE('',#7900,#8124);
#8124 = DEFINITIONAL_REPRESENTATION('',(#8125),#8129);
#8125 = LINE('',#8126,#8127);
#8126 = CARTESIAN_POINT('',(0.,0.));
#8127 = VECTOR('',#8128,1.);
#8128 = DIRECTION('',(0.,-1.));
#8129 = ( GEOMETRIC_REPRESENTATION_CONTEXT(2) 
PARAMETRIC_REPRESENTATION_CONTEXT() REPRESENTATION_CONTEXT('2D SPACE',''
  ) );
#8130 = ORIENTED_EDGE('',*,*,#8131,.F.);
#8131 = EDGE_CURVE('',#8132,#8109,#8134,.T.);
#8132 = VERTEX_POINT('',#8133);
#8133 = CARTESIAN_POINT('',(-8.65,19.9,0.));
#8134 = SURFACE_CURVE('',#8135,(#8139,#8146),.PCURVE_S1.);
#8135 = LINE('',#8136,#8137);
#8136 = CARTESIAN_POINT('',(-8.65,19.9,0.));
#8137 = VECTOR('',#8138,1.);
#8138 = DIRECTION('',(1.,0.,-0.));
#8139 = PCURVE('',#4505,#8140);
#8140 = DEFINITIONAL_REPRESENTATION('',(#8141),#8145);
#8141 = LINE('',#8142,#8143);
#8142 = CARTESIAN_POINT('',(-8.649999999687,17.2));
#8143 = VECTOR('',#8144,1.);
#8144 = DIRECTION('',(1.,0.));
#8145 = ( GEOMETRIC_REPRESENTATION_CONTEXT(2) 
PARAMETRIC_REPRESENTATION_CONTEXT() REPRESENTATION_CONTEXT('2D SPACE',''
  ) );
#8146 = PCURVE('',#8147,#8152);
#8147 = PLANE('',#8148);
#8148 = AXIS2_PLACEMENT_3D('',#8149,#8150,#8151);
#8149 = CARTESIAN_POINT('',(-8.65,19.9,0.));
#8150 = DIRECTION('',(-0.,1.,0.));
#8151 = DIRECTION('',(0.,0.,1.));
#8152 = DEFINITIONAL_REPRESENTATION('',(#8153),#8157);
#8153 = LINE('',#8154,#8155);
#8154 = CARTESIAN_POINT('',(0.,0.));
#8155 = VECTOR('',#8156,1.);
#8156 = DIRECTION('',(0.,1.));
#8157 = ( GEOMETRIC_REPRESENTATION_CONTEXT(2) 
PARAMETRIC_REPRESENTATION_CONTEXT() REPRESENTATION_CONTEXT('2D SPACE',''
  ) );
#8158 = ORIENTED_EDGE('',*,*,#8159,.T.);
#8159 = EDGE_CURVE('',#8132,#7855,#8160,.T.);
#8160 = SURFACE_CURVE('',#8161,(#8165,#8172),.PCURVE_S1.);
#8161 = LINE('',#8162,#8163);
#8162 = CARTESIAN_POINT('',(-8.65,19.9,0.));
#8163 = VECTOR('',#8164,1.);
#8164 = DIRECTION('',(-0.,1.,0.));
#8165 = PCURVE('',#4505,#8166);
#8166 = DEFINITIONAL_REPRESENTATION('',(#8167),#8171);
#8167 = LINE('',#8168,#8169);
#8168 = CARTESIAN_POINT('',(-8.649999999687,17.2));
#8169 = VECTOR('',#8170,1.);
#8170 = DIRECTION('',(0.,1.));
#8171 = ( GEOMETRIC_REPRESENTATION_CONTEXT(2) 
PARAMETRIC_REPRESENTATION_CONTEXT() REPRESENTATION_CONTEXT('2D SPACE',''
  ) );
#8172 = PCURVE('',#8173,#8178);
#8173 = PLANE('',#8174);
#8174 = AXIS2_PLACEMENT_3D('',#8175,#8176,#8177);
#8175 = CARTESIAN_POINT('',(-8.65,19.9,0.));
#8176 = DIRECTION('',(1.,0.,-0.));
#8177 = DIRECTION('',(0.,0.,1.));
#8178 = DEFINITIONAL_REPRESENTATION('',(#8179),#8183);
#8179 = LINE('',#8180,#8181);
#8180 = CARTESIAN_POINT('',(0.,0.));
#8181 = VECTOR('',#8182,1.);
#8182 = DIRECTION('',(0.,-1.));
#8183 = ( GEOMETRIC_REPRESENTATION_CONTEXT(2) 
PARAMETRIC_REPRESENTATION_CONTEXT() REPRESENTATION_CONTEXT('2D SPACE',''
  ) );
#8184 = ADVANCED_FACE('',(#8185),#4677,.F.);
#8185 = FACE_BOUND('',#8186,.F.);
#8186 = EDGE_LOOP('',(#8187,#8210,#8211,#8212,#8213,#8214));
#8187 = ORIENTED_EDGE('',*,*,#8188,.T.);
#8188 = EDGE_CURVE('',#8189,#4733,#8191,.T.);
#8189 = VERTEX_POINT('',#8190);
#8190 = CARTESIAN_POINT('',(18.35,-14.,4.3));
#8191 = SEAM_CURVE('',#8192,(#8196,#8203),.PCURVE_S1.);
#8192 = LINE('',#8193,#8194);
#8193 = CARTESIAN_POINT('',(14.75,-14.,4.3));
#8194 = VECTOR('',#8195,1.);
#8195 = DIRECTION('',(1.,0.,2.22044604925E-16));
#8196 = PCURVE('',#4677,#8197);
#8197 = DEFINITIONAL_REPRESENTATION('',(#8198),#8202);
#8198 = LINE('',#8199,#8200);
#8199 = CARTESIAN_POINT('',(6.28318530718,-0.));
#8200 = VECTOR('',#8201,1.);
#8201 = DIRECTION('',(0.,1.));
#8202 = ( GEOMETRIC_REPRESENTATION_CONTEXT(2) 
PARAMETRIC_REPRESENTATION_CONTEXT() REPRESENTATION_CONTEXT('2D SPACE',''
  ) );
#8203 = PCURVE('',#4677,#8204);
#8204 = DEFINITIONAL_REPRESENTATION('',(#8205),#8209);
#8205 = LINE('',#8206,#8207);
#8206 = CARTESIAN_POINT('',(0.,-0.));
#8207 = VECTOR('',#8208,1.);
#8208 = DIRECTION('',(0.,1.));
#8209 = ( GEOMETRIC_REPRESENTATION_CONTEXT(2) 
PARAMETRIC_REPRESENTATION_CONTEXT() REPRESENTATION_CONTEXT('2D SPACE',''
  ) );
#8210 = ORIENTED_EDGE('',*,*,#4732,.F.);
#8211 = ORIENTED_EDGE('',*,*,#4627,.F.);
#8212 = ORIENTED_EDGE('',*,*,#4760,.F.);
#8213 = ORIENTED_EDGE('',*,*,#8188,.F.);
#8214 = ORIENTED_EDGE('',*,*,#8215,.T.);
#8215 = EDGE_CURVE('',#8189,#8189,#8216,.T.);
#8216 = SURFACE_CURVE('',#8217,(#8222,#8229),.PCURVE_S1.);
#8217 = CIRCLE('',#8218,2.2);
#8218 = AXIS2_PLACEMENT_3D('',#8219,#8220,#8221);
#8219 = CARTESIAN_POINT('',(18.35,-14.,6.5));
#8220 = DIRECTION('',(1.,0.,2.22044604925E-16));
#8221 = DIRECTION('',(2.22044604925E-16,0.,-1.));
#8222 = PCURVE('',#4677,#8223);
#8223 = DEFINITIONAL_REPRESENTATION('',(#8224),#8228);
#8224 = LINE('',#8225,#8226);
#8225 = CARTESIAN_POINT('',(0.,3.6));
#8226 = VECTOR('',#8227,1.);
#8227 = DIRECTION('',(1.,0.));
#8228 = ( GEOMETRIC_REPRESENTATION_CONTEXT(2) 
PARAMETRIC_REPRESENTATION_CONTEXT() REPRESENTATION_CONTEXT('2D SPACE',''
  ) );
#8229 = PCURVE('',#8230,#8235);
#8230 = PLANE('',#8231);
#8231 = AXIS2_PLACEMENT_3D('',#8232,#8233,#8234);
#8232 = CARTESIAN_POINT('',(18.35,-14.,6.5));
#8233 = DIRECTION('',(1.,0.,2.22044604925E-16));
#8234 = DIRECTION('',(2.22044604925E-16,0.,-1.));
#8235 = DEFINITIONAL_REPRESENTATION('',(#8236),#8240);
#8236 = CIRCLE('',#8237,2.2);
#8237 = AXIS2_PLACEMENT_2D('',#8238,#8239);
#8238 = CARTESIAN_POINT('',(8.881784197001E-16,0.));
#8239 = DIRECTION('',(1.,0.));
#8240 = ( GEOMETRIC_REPRESENTATION_CONTEXT(2) 
PARAMETRIC_REPRESENTATION_CONTEXT() REPRESENTATION_CONTEXT('2D SPACE',''
  ) );
#8241 = ADVANCED_FACE('',(#8242),#4812,.F.);
#8242 = FACE_BOUND('',#8243,.F.);
#8243 = EDGE_LOOP('',(#8244,#8267,#8268,#8269));
#8244 = ORIENTED_EDGE('',*,*,#8245,.T.);
#8245 = EDGE_CURVE('',#8246,#4792,#8248,.T.);
#8246 = VERTEX_POINT('',#8247);
#8247 = CARTESIAN_POINT('',(18.35,-3.,4.3));
#8248 = SEAM_CURVE('',#8249,(#8253,#8260),.PCURVE_S1.);
#8249 = LINE('',#8250,#8251);
#8250 = CARTESIAN_POINT('',(14.75,-3.,4.3));
#8251 = VECTOR('',#8252,1.);
#8252 = DIRECTION('',(1.,0.,2.22044604925E-16));
#8253 = PCURVE('',#4812,#8254);
#8254 = DEFINITIONAL_REPRESENTATION('',(#8255),#8259);
#8255 = LINE('',#8256,#8257);
#8256 = CARTESIAN_POINT('',(6.28318530718,-0.));
#8257 = VECTOR('',#8258,1.);
#8258 = DIRECTION('',(0.,1.));
#8259 = ( GEOMETRIC_REPRESENTATION_CONTEXT(2) 
PARAMETRIC_REPRESENTATION_CONTEXT() REPRESENTATION_CONTEXT('2D SPACE',''
  ) );
#8260 = PCURVE('',#4812,#8261);
#8261 = DEFINITIONAL_REPRESENTATION('',(#8262),#8266);
#8262 = LINE('',#8263,#8264);
#8263 = CARTESIAN_POINT('',(0.,-0.));
#8264 = VECTOR('',#8265,1.);
#8265 = DIRECTION('',(0.,1.));
#8266 = ( GEOMETRIC_REPRESENTATION_CONTEXT(2) 
PARAMETRIC_REPRESENTATION_CONTEXT() REPRESENTATION_CONTEXT('2D SPACE',''
  ) );
#8267 = ORIENTED_EDGE('',*,*,#4791,.F.);
#8268 = ORIENTED_EDGE('',*,*,#8245,.F.);
#8269 = ORIENTED_EDGE('',*,*,#8270,.T.);
#8270 = EDGE_CURVE('',#8246,#8246,#8271,.T.);
#8271 = SURFACE_CURVE('',#8272,(#8277,#8284),.PCURVE_S1.);
#8272 = CIRCLE('',#8273,2.2);
#8273 = AXIS2_PLACEMENT_3D('',#8274,#8275,#8276);
#8274 = CARTESIAN_POINT('',(18.35,-3.,6.5));
#8275 = DIRECTION('',(1.,0.,2.22044604925E-16));
#8276 = DIRECTION('',(2.22044604925E-16,0.,-1.));
#8277 = PCURVE('',#4812,#8278);
#8278 = DEFINITIONAL_REPRESENTATION('',(#8279),#8283);
#8279 = LINE('',#8280,#8281);
#8280 = CARTESIAN_POINT('',(0.,3.6));
#8281 = VECTOR('',#8282,1.);
#8282 = DIRECTION('',(1.,0.));
#8283 = ( GEOMETRIC_REPRESENTATION_CONTEXT(2) 
PARAMETRIC_REPRESENTATION_CONTEXT() REPRESENTATION_CONTEXT('2D SPACE',''
  ) );
#8284 = PCURVE('',#8285,#8290);
#8285 = PLANE('',#8286);
#8286 = AXIS2_PLACEMENT_3D('',#8287,#8288,#8289);
#8287 = CARTESIAN_POINT('',(18.35,-3.,6.5));
#8288 = DIRECTION('',(1.,0.,2.22044604925E-16));
#8289 = DIRECTION('',(2.22044604925E-16,0.,-1.));
#8290 = DEFINITIONAL_REPRESENTATION('',(#8291),#8295);
#8291 = CIRCLE('',#8292,2.2);
#8292 = AXIS2_PLACEMENT_2D('',#8293,#8294);
#8293 = CARTESIAN_POINT('',(8.881784197001E-16,0.));
#8294 = DIRECTION('',(1.,0.));
#8295 = ( GEOMETRIC_REPRESENTATION_CONTEXT(2) 
PARAMETRIC_REPRESENTATION_CONTEXT() REPRESENTATION_CONTEXT('2D SPACE',''
  ) );
#8296 = ADVANCED_FACE('',(#8297),#4843,.F.);
#8297 = FACE_BOUND('',#8298,.F.);
#8298 = EDGE_LOOP('',(#8299,#8320,#8321,#8342));
#8299 = ORIENTED_EDGE('',*,*,#8300,.F.);
#8300 = EDGE_CURVE('',#6264,#4829,#8301,.T.);
#8301 = SURFACE_CURVE('',#8302,(#8306,#8313),.PCURVE_S1.);
#8302 = LINE('',#8303,#8304);
#8303 = CARTESIAN_POINT('',(17.55,16.6,8.1));
#8304 = VECTOR('',#8305,1.);
#8305 = DIRECTION('',(1.,0.,-0.));
#8306 = PCURVE('',#4843,#8307);
#8307 = DEFINITIONAL_REPRESENTATION('',(#8308),#8312);
#8308 = LINE('',#8309,#8310);
#8309 = CARTESIAN_POINT('',(0.,12.2));
#8310 = VECTOR('',#8311,1.);
#8311 = DIRECTION('',(1.,0.));
#8312 = ( GEOMETRIC_REPRESENTATION_CONTEXT(2) 
PARAMETRIC_REPRESENTATION_CONTEXT() REPRESENTATION_CONTEXT('2D SPACE',''
  ) );
#8313 = PCURVE('',#4919,#8314);
#8314 = DEFINITIONAL_REPRESENTATION('',(#8315),#8319);
#8315 = LINE('',#8316,#8317);
#8316 = CARTESIAN_POINT('',(2.8,0.));
#8317 = VECTOR('',#8318,1.);
#8318 = DIRECTION('',(0.,1.));
#8319 = ( GEOMETRIC_REPRESENTATION_CONTEXT(2) 
PARAMETRIC_REPRESENTATION_CONTEXT() REPRESENTATION_CONTEXT('2D SPACE',''
  ) );
#8320 = ORIENTED_EDGE('',*,*,#6261,.F.);
#8321 = ORIENTED_EDGE('',*,*,#8322,.T.);
#8322 = EDGE_CURVE('',#6262,#4827,#8323,.T.);
#8323 = SURFACE_CURVE('',#8324,(#8328,#8335),.PCURVE_S1.);
#8324 = LINE('',#8325,#8326);
#8325 = CARTESIAN_POINT('',(17.55,4.4,8.1));
#8326 = VECTOR('',#8327,1.);
#8327 = DIRECTION('',(1.,0.,-0.));
#8328 = PCURVE('',#4843,#8329);
#8329 = DEFINITIONAL_REPRESENTATION('',(#8330),#8334);
#8330 = LINE('',#8331,#8332);
#8331 = CARTESIAN_POINT('',(0.,0.));
#8332 = VECTOR('',#8333,1.);
#8333 = DIRECTION('',(1.,0.));
#8334 = ( GEOMETRIC_REPRESENTATION_CONTEXT(2) 
PARAMETRIC_REPRESENTATION_CONTEXT() REPRESENTATION_CONTEXT('2D SPACE',''
  ) );
#8335 = PCURVE('',#4869,#8336);
#8336 = DEFINITIONAL_REPRESENTATION('',(#8337),#8341);
#8337 = LINE('',#8338,#8339);
#8338 = CARTESIAN_POINT('',(2.8,0.));
#8339 = VECTOR('',#8340,1.);
#8340 = DIRECTION('',(0.,1.));
#8341 = ( GEOMETRIC_REPRESENTATION_CONTEXT(2) 
PARAMETRIC_REPRESENTATION_CONTEXT() REPRESENTATION_CONTEXT('2D SPACE',''
  ) );
#8342 = ORIENTED_EDGE('',*,*,#4826,.T.);
#8343 = ADVANCED_FACE('',(#8344),#4869,.T.);
#8344 = FACE_BOUND('',#8345,.T.);
#8345 = EDGE_LOOP('',(#8346,#8367,#8368,#8369));
#8346 = ORIENTED_EDGE('',*,*,#8347,.F.);
#8347 = EDGE_CURVE('',#6285,#4855,#8348,.T.);
#8348 = SURFACE_CURVE('',#8349,(#8353,#8360),.PCURVE_S1.);
#8349 = LINE('',#8350,#8351);
#8350 = CARTESIAN_POINT('',(17.55,4.4,5.3));
#8351 = VECTOR('',#8352,1.);
#8352 = DIRECTION('',(1.,0.,-0.));
#8353 = PCURVE('',#4869,#8354);
#8354 = DEFINITIONAL_REPRESENTATION('',(#8355),#8359);
#8355 = LINE('',#8356,#8357);
#8356 = CARTESIAN_POINT('',(0.,0.));
#8357 = VECTOR('',#8358,1.);
#8358 = DIRECTION('',(0.,1.));
#8359 = ( GEOMETRIC_REPRESENTATION_CONTEXT(2) 
PARAMETRIC_REPRESENTATION_CONTEXT() REPRESENTATION_CONTEXT('2D SPACE',''
  ) );
#8360 = PCURVE('',#4895,#8361);
#8361 = DEFINITIONAL_REPRESENTATION('',(#8362),#8366);
#8362 = LINE('',#8363,#8364);
#8363 = CARTESIAN_POINT('',(0.,0.));
#8364 = VECTOR('',#8365,1.);
#8365 = DIRECTION('',(1.,0.));
#8366 = ( GEOMETRIC_REPRESENTATION_CONTEXT(2) 
PARAMETRIC_REPRESENTATION_CONTEXT() REPRESENTATION_CONTEXT('2D SPACE',''
  ) );
#8367 = ORIENTED_EDGE('',*,*,#6284,.F.);
#8368 = ORIENTED_EDGE('',*,*,#8322,.T.);
#8369 = ORIENTED_EDGE('',*,*,#4854,.T.);
#8370 = ADVANCED_FACE('',(#8371),#4919,.F.);
#8371 = FACE_BOUND('',#8372,.F.);
#8372 = EDGE_LOOP('',(#8373,#8394,#8395,#8396));
#8373 = ORIENTED_EDGE('',*,*,#8374,.F.);
#8374 = EDGE_CURVE('',#6306,#4881,#8375,.T.);
#8375 = SURFACE_CURVE('',#8376,(#8380,#8387),.PCURVE_S1.);
#8376 = LINE('',#8377,#8378);
#8377 = CARTESIAN_POINT('',(17.55,16.6,5.3));
#8378 = VECTOR('',#8379,1.);
#8379 = DIRECTION('',(1.,0.,-0.));
#8380 = PCURVE('',#4919,#8381);
#8381 = DEFINITIONAL_REPRESENTATION('',(#8382),#8386);
#8382 = LINE('',#8383,#8384);
#8383 = CARTESIAN_POINT('',(0.,0.));
#8384 = VECTOR('',#8385,1.);
#8385 = DIRECTION('',(0.,1.));
#8386 = ( GEOMETRIC_REPRESENTATION_CONTEXT(2) 
PARAMETRIC_REPRESENTATION_CONTEXT() REPRESENTATION_CONTEXT('2D SPACE',''
  ) );
#8387 = PCURVE('',#4895,#8388);
#8388 = DEFINITIONAL_REPRESENTATION('',(#8389),#8393);
#8389 = LINE('',#8390,#8391);
#8390 = CARTESIAN_POINT('',(0.,12.2));
#8391 = VECTOR('',#8392,1.);
#8392 = DIRECTION('',(1.,0.));
#8393 = ( GEOMETRIC_REPRESENTATION_CONTEXT(2) 
PARAMETRIC_REPRESENTATION_CONTEXT() REPRESENTATION_CONTEXT('2D SPACE',''
  ) );
#8394 = ORIENTED_EDGE('',*,*,#6326,.F.);
#8395 = ORIENTED_EDGE('',*,*,#8300,.T.);
#8396 = ORIENTED_EDGE('',*,*,#4906,.T.);
#8397 = ADVANCED_FACE('',(#8398),#4895,.T.);
#8398 = FACE_BOUND('',#8399,.T.);
#8399 = EDGE_LOOP('',(#8400,#8401,#8402,#8403));
#8400 = ORIENTED_EDGE('',*,*,#8374,.F.);
#8401 = ORIENTED_EDGE('',*,*,#6305,.F.);
#8402 = ORIENTED_EDGE('',*,*,#8347,.T.);
#8403 = ORIENTED_EDGE('',*,*,#4880,.T.);
#8404 = ADVANCED_FACE('',(#8405),#5019,.T.);
#8405 = FACE_BOUND('',#8406,.T.);
#8406 = EDGE_LOOP('',(#8407,#8408,#8409,#8410));
#8407 = ORIENTED_EDGE('',*,*,#5001,.F.);
#8408 = ORIENTED_EDGE('',*,*,#7152,.T.);
#8409 = ORIENTED_EDGE('',*,*,#5355,.T.);
#8410 = ORIENTED_EDGE('',*,*,#8411,.F.);
#8411 = EDGE_CURVE('',#5004,#5333,#8412,.T.);
#8412 = SURFACE_CURVE('',#8413,(#8417,#8424),.PCURVE_S1.);
#8413 = LINE('',#8414,#8415);
#8414 = CARTESIAN_POINT('',(-16.5,-19.,5.8));
#8415 = VECTOR('',#8416,1.);
#8416 = DIRECTION('',(-0.,1.,0.));
#8417 = PCURVE('',#5019,#8418);
#8418 = DEFINITIONAL_REPRESENTATION('',(#8419),#8423);
#8419 = LINE('',#8420,#8421);
#8420 = CARTESIAN_POINT('',(5.8,0.));
#8421 = VECTOR('',#8422,1.);
#8422 = DIRECTION('',(0.,-1.));
#8423 = ( GEOMETRIC_REPRESENTATION_CONTEXT(2) 
PARAMETRIC_REPRESENTATION_CONTEXT() REPRESENTATION_CONTEXT('2D SPACE',''
  ) );
#8424 = PCURVE('',#5142,#8425);
#8425 = DEFINITIONAL_REPRESENTATION('',(#8426),#8430);
#8426 = LINE('',#8427,#8428);
#8427 = CARTESIAN_POINT('',(0.,0.));
#8428 = VECTOR('',#8429,1.);
#8429 = DIRECTION('',(0.,1.));
#8430 = ( GEOMETRIC_REPRESENTATION_CONTEXT(2) 
PARAMETRIC_REPRESENTATION_CONTEXT() REPRESENTATION_CONTEXT('2D SPACE',''
  ) );
#8431 = ADVANCED_FACE('',(#8432),#5142,.F.);
#8432 = FACE_BOUND('',#8433,.F.);
#8433 = EDGE_LOOP('',(#8434,#8435,#8436,#8437,#8438,#8459,#8460,#8483));
#8434 = ORIENTED_EDGE('',*,*,#5332,.F.);
#8435 = ORIENTED_EDGE('',*,*,#8411,.F.);
#8436 = ORIENTED_EDGE('',*,*,#5128,.T.);
#8437 = ORIENTED_EDGE('',*,*,#7126,.F.);
#8438 = ORIENTED_EDGE('',*,*,#8439,.T.);
#8439 = EDGE_CURVE('',#7104,#6900,#8440,.T.);
#8440 = SURFACE_CURVE('',#8441,(#8445,#8452),.PCURVE_S1.);
#8441 = LINE('',#8442,#8443);
#8442 = CARTESIAN_POINT('',(-16.,-19.75,5.8));
#8443 = VECTOR('',#8444,1.);
#8444 = DIRECTION('',(1.,0.,-0.));
#8445 = PCURVE('',#5142,#8446);
#8446 = DEFINITIONAL_REPRESENTATION('',(#8447),#8451);
#8447 = LINE('',#8448,#8449);
#8448 = CARTESIAN_POINT('',(0.5,-0.75));
#8449 = VECTOR('',#8450,1.);
#8450 = DIRECTION('',(1.,0.));
#8451 = ( GEOMETRIC_REPRESENTATION_CONTEXT(2) 
PARAMETRIC_REPRESENTATION_CONTEXT() REPRESENTATION_CONTEXT('2D SPACE',''
  ) );
#8452 = PCURVE('',#6915,#8453);
#8453 = DEFINITIONAL_REPRESENTATION('',(#8454),#8458);
#8454 = LINE('',#8455,#8456);
#8455 = CARTESIAN_POINT('',(5.8,0.));
#8456 = VECTOR('',#8457,1.);
#8457 = DIRECTION('',(0.,1.));
#8458 = ( GEOMETRIC_REPRESENTATION_CONTEXT(2) 
PARAMETRIC_REPRESENTATION_CONTEXT() REPRESENTATION_CONTEXT('2D SPACE',''
  ) );
#8459 = ORIENTED_EDGE('',*,*,#6927,.T.);
#8460 = ORIENTED_EDGE('',*,*,#8461,.T.);
#8461 = EDGE_CURVE('',#6928,#8462,#8464,.T.);
#8462 = VERTEX_POINT('',#8463);
#8463 = CARTESIAN_POINT('',(-14.6,-18.15,5.8));
#8464 = SURFACE_CURVE('',#8465,(#8469,#8476),.PCURVE_S1.);
#8465 = LINE('',#8466,#8467);
#8466 = CARTESIAN_POINT('',(-9.9,-18.15,5.8));
#8467 = VECTOR('',#8468,1.);
#8468 = DIRECTION('',(-1.,0.,0.));
#8469 = PCURVE('',#5142,#8470);
#8470 = DEFINITIONAL_REPRESENTATION('',(#8471),#8475);
#8471 = LINE('',#8472,#8473);
#8472 = CARTESIAN_POINT('',(6.6,0.85));
#8473 = VECTOR('',#8474,1.);
#8474 = DIRECTION('',(-1.,0.));
#8475 = ( GEOMETRIC_REPRESENTATION_CONTEXT(2) 
PARAMETRIC_REPRESENTATION_CONTEXT() REPRESENTATION_CONTEXT('2D SPACE',''
  ) );
#8476 = PCURVE('',#6966,#8477);
#8477 = DEFINITIONAL_REPRESENTATION('',(#8478),#8482);
#8478 = LINE('',#8479,#8480);
#8479 = CARTESIAN_POINT('',(0.,-3.1));
#8480 = VECTOR('',#8481,1.);
#8481 = DIRECTION('',(0.,1.));
#8482 = ( GEOMETRIC_REPRESENTATION_CONTEXT(2) 
PARAMETRIC_REPRESENTATION_CONTEXT() REPRESENTATION_CONTEXT('2D SPACE',''
  ) );
#8483 = ORIENTED_EDGE('',*,*,#8484,.T.);
#8484 = EDGE_CURVE('',#8462,#5306,#8485,.T.);
#8485 = SURFACE_CURVE('',#8486,(#8490,#8497),.PCURVE_S1.);
#8486 = LINE('',#8487,#8488);
#8487 = CARTESIAN_POINT('',(-14.6,-19.1,5.8));
#8488 = VECTOR('',#8489,1.);
#8489 = DIRECTION('',(0.,1.,0.));
#8490 = PCURVE('',#5142,#8491);
#8491 = DEFINITIONAL_REPRESENTATION('',(#8492),#8496);
#8492 = LINE('',#8493,#8494);
#8493 = CARTESIAN_POINT('',(1.9,-0.1));
#8494 = VECTOR('',#8495,1.);
#8495 = DIRECTION('',(0.,1.));
#8496 = ( GEOMETRIC_REPRESENTATION_CONTEXT(2) 
PARAMETRIC_REPRESENTATION_CONTEXT() REPRESENTATION_CONTEXT('2D SPACE',''
  ) );
#8497 = PCURVE('',#5321,#8498);
#8498 = DEFINITIONAL_REPRESENTATION('',(#8499),#8503);
#8499 = LINE('',#8500,#8501);
#8500 = CARTESIAN_POINT('',(0.,-5.6));
#8501 = VECTOR('',#8502,1.);
#8502 = DIRECTION('',(0.,1.));
#8503 = ( GEOMETRIC_REPRESENTATION_CONTEXT(2) 
PARAMETRIC_REPRESENTATION_CONTEXT() REPRESENTATION_CONTEXT('2D SPACE',''
  ) );
#8504 = ADVANCED_FACE('',(#8505),#5093,.T.);
#8505 = FACE_BOUND('',#8506,.T.);
#8506 = EDGE_LOOP('',(#8507,#8530,#8551,#8552,#8553,#8554,#8555,#8556));
#8507 = ORIENTED_EDGE('',*,*,#8508,.F.);
#8508 = EDGE_CURVE('',#8509,#6831,#8511,.T.);
#8509 = VERTEX_POINT('',#8510);
#8510 = CARTESIAN_POINT('',(-13.5,-17.05,7.5));
#8511 = SURFACE_CURVE('',#8512,(#8516,#8523),.PCURVE_S1.);
#8512 = LINE('',#8513,#8514);
#8513 = CARTESIAN_POINT('',(-16.,-17.05,7.5));
#8514 = VECTOR('',#8515,1.);
#8515 = DIRECTION('',(1.,0.,-0.));
#8516 = PCURVE('',#5093,#8517);
#8517 = DEFINITIONAL_REPRESENTATION('',(#8518),#8522);
#8518 = LINE('',#8519,#8520);
#8519 = CARTESIAN_POINT('',(2.35,1.95));
#8520 = VECTOR('',#8521,1.);
#8521 = DIRECTION('',(1.,0.));
#8522 = ( GEOMETRIC_REPRESENTATION_CONTEXT(2) 
PARAMETRIC_REPRESENTATION_CONTEXT() REPRESENTATION_CONTEXT('2D SPACE',''
  ) );
#8523 = PCURVE('',#6991,#8524);
#8524 = DEFINITIONAL_REPRESENTATION('',(#8525),#8529);
#8525 = LINE('',#8526,#8527);
#8526 = CARTESIAN_POINT('',(1.7,0.));
#8527 = VECTOR('',#8528,1.);
#8528 = DIRECTION('',(0.,1.));
#8529 = ( GEOMETRIC_REPRESENTATION_CONTEXT(2) 
PARAMETRIC_REPRESENTATION_CONTEXT() REPRESENTATION_CONTEXT('2D SPACE',''
  ) );
#8530 = ORIENTED_EDGE('',*,*,#8531,.T.);
#8531 = EDGE_CURVE('',#8509,#5255,#8532,.T.);
#8532 = SURFACE_CURVE('',#8533,(#8537,#8544),.PCURVE_S1.);
#8533 = LINE('',#8534,#8535);
#8534 = CARTESIAN_POINT('',(-13.5,-19.,7.5));
#8535 = VECTOR('',#8536,1.);
#8536 = DIRECTION('',(-0.,1.,0.));
#8537 = PCURVE('',#5093,#8538);
#8538 = DEFINITIONAL_REPRESENTATION('',(#8539),#8543);
#8539 = LINE('',#8540,#8541);
#8540 = CARTESIAN_POINT('',(4.85,0.));
#8541 = VECTOR('',#8542,1.);
#8542 = DIRECTION('',(0.,1.));
#8543 = ( GEOMETRIC_REPRESENTATION_CONTEXT(2) 
PARAMETRIC_REPRESENTATION_CONTEXT() REPRESENTATION_CONTEXT('2D SPACE',''
  ) );
#8544 = PCURVE('',#5293,#8545);
#8545 = DEFINITIONAL_REPRESENTATION('',(#8546),#8550);
#8546 = LINE('',#8547,#8548);
#8547 = CARTESIAN_POINT('',(1.7,0.));
#8548 = VECTOR('',#8549,1.);
#8549 = DIRECTION('',(0.,-1.));
#8550 = ( GEOMETRIC_REPRESENTATION_CONTEXT(2) 
PARAMETRIC_REPRESENTATION_CONTEXT() REPRESENTATION_CONTEXT('2D SPACE',''
  ) );
#8551 = ORIENTED_EDGE('',*,*,#5254,.T.);
#8552 = ORIENTED_EDGE('',*,*,#5158,.F.);
#8553 = ORIENTED_EDGE('',*,*,#5077,.F.);
#8554 = ORIENTED_EDGE('',*,*,#7056,.T.);
#8555 = ORIENTED_EDGE('',*,*,#7006,.T.);
#8556 = ORIENTED_EDGE('',*,*,#6828,.T.);
#8557 = ADVANCED_FACE('',(#8558),#5293,.T.);
#8558 = FACE_BOUND('',#8559,.T.);
#8559 = EDGE_LOOP('',(#8560,#8581,#8602,#8603));
#8560 = ORIENTED_EDGE('',*,*,#8561,.F.);
#8561 = EDGE_CURVE('',#8562,#8509,#8564,.T.);
#8562 = VERTEX_POINT('',#8563);
#8563 = CARTESIAN_POINT('',(-13.5,-17.05,6.9));
#8564 = SURFACE_CURVE('',#8565,(#8569,#8575),.PCURVE_S1.);
#8565 = LINE('',#8566,#8567);
#8566 = CARTESIAN_POINT('',(-13.5,-17.05,5.8));
#8567 = VECTOR('',#8568,1.);
#8568 = DIRECTION('',(0.,0.,1.));
#8569 = PCURVE('',#5293,#8570);
#8570 = DEFINITIONAL_REPRESENTATION('',(#8571),#8574);
#8571 = B_SPLINE_CURVE_WITH_KNOTS('',1,(#8572,#8573),.UNSPECIFIED.,.F.,
  .F.,(2,2),(1.1,1.7),.PIECEWISE_BEZIER_KNOTS.);
#8572 = CARTESIAN_POINT('',(1.1,-1.95));
#8573 = CARTESIAN_POINT('',(1.7,-1.95));
#8574 = ( GEOMETRIC_REPRESENTATION_CONTEXT(2) 
PARAMETRIC_REPRESENTATION_CONTEXT() REPRESENTATION_CONTEXT('2D SPACE',''
  ) );
#8575 = PCURVE('',#6991,#8576);
#8576 = DEFINITIONAL_REPRESENTATION('',(#8577),#8580);
#8577 = B_SPLINE_CURVE_WITH_KNOTS('',1,(#8578,#8579),.UNSPECIFIED.,.F.,
  .F.,(2,2),(1.1,1.7),.PIECEWISE_BEZIER_KNOTS.);
#8578 = CARTESIAN_POINT('',(1.1,2.5));
#8579 = CARTESIAN_POINT('',(1.7,2.5));
#8580 = ( GEOMETRIC_REPRESENTATION_CONTEXT(2) 
PARAMETRIC_REPRESENTATION_CONTEXT() REPRESENTATION_CONTEXT('2D SPACE',''
  ) );
#8581 = ORIENTED_EDGE('',*,*,#8582,.F.);
#8582 = EDGE_CURVE('',#5278,#8562,#8583,.T.);
#8583 = SURFACE_CURVE('',#8584,(#8588,#8595),.PCURVE_S1.);
#8584 = LINE('',#8585,#8586);
#8585 = CARTESIAN_POINT('',(-13.5,-7.9,6.9));
#8586 = VECTOR('',#8587,1.);
#8587 = DIRECTION('',(0.,-1.,0.));
#8588 = PCURVE('',#5293,#8589);
#8589 = DEFINITIONAL_REPRESENTATION('',(#8590),#8594);
#8590 = LINE('',#8591,#8592);
#8591 = CARTESIAN_POINT('',(1.1,-11.1));
#8592 = VECTOR('',#8593,1.);
#8593 = DIRECTION('',(0.,1.));
#8594 = ( GEOMETRIC_REPRESENTATION_CONTEXT(2) 
PARAMETRIC_REPRESENTATION_CONTEXT() REPRESENTATION_CONTEXT('2D SPACE',''
  ) );
#8595 = PCURVE('',#5321,#8596);
#8596 = DEFINITIONAL_REPRESENTATION('',(#8597),#8601);
#8597 = LINE('',#8598,#8599);
#8598 = CARTESIAN_POINT('',(1.55563491861,5.6));
#8599 = VECTOR('',#8600,1.);
#8600 = DIRECTION('',(0.,-1.));
#8601 = ( GEOMETRIC_REPRESENTATION_CONTEXT(2) 
PARAMETRIC_REPRESENTATION_CONTEXT() REPRESENTATION_CONTEXT('2D SPACE',''
  ) );
#8602 = ORIENTED_EDGE('',*,*,#5277,.T.);
#8603 = ORIENTED_EDGE('',*,*,#8531,.F.);
#8604 = ADVANCED_FACE('',(#8605),#5321,.F.);
#8605 = FACE_BOUND('',#8606,.F.);
#8606 = EDGE_LOOP('',(#8607,#8608,#8627,#8628));
#8607 = ORIENTED_EDGE('',*,*,#8484,.F.);
#8608 = ORIENTED_EDGE('',*,*,#8609,.T.);
#8609 = EDGE_CURVE('',#8462,#8562,#8610,.T.);
#8610 = SURFACE_CURVE('',#8611,(#8615,#8621),.PCURVE_S1.);
#8611 = LINE('',#8612,#8613);
#8612 = CARTESIAN_POINT('',(-13.55833333333,-17.10833333333,
    6.841666666667));
#8613 = VECTOR('',#8614,1.);
#8614 = DIRECTION('',(0.57735026919,0.57735026919,0.57735026919));
#8615 = PCURVE('',#5321,#8616);
#8616 = DEFINITIONAL_REPRESENTATION('',(#8617),#8620);
#8617 = B_SPLINE_CURVE_WITH_KNOTS('',1,(#8618,#8619),.UNSPECIFIED.,.F.,
  .F.,(2,2),(-1.804219591218,0.101036297108),.PIECEWISE_BEZIER_KNOTS.);
#8618 = CARTESIAN_POINT('',(-2.22044604925E-16,-4.65));
#8619 = CARTESIAN_POINT('',(1.55563491861,-3.55));
#8620 = ( GEOMETRIC_REPRESENTATION_CONTEXT(2) 
PARAMETRIC_REPRESENTATION_CONTEXT() REPRESENTATION_CONTEXT('2D SPACE',''
  ) );
#8621 = PCURVE('',#6966,#8622);
#8622 = DEFINITIONAL_REPRESENTATION('',(#8623),#8626);
#8623 = B_SPLINE_CURVE_WITH_KNOTS('',1,(#8624,#8625),.UNSPECIFIED.,.F.,
  .F.,(2,2),(-1.804219591218,0.101036297108),.PIECEWISE_BEZIER_KNOTS.);
#8624 = CARTESIAN_POINT('',(0.,1.6));
#8625 = CARTESIAN_POINT('',(1.55563491861,0.5));
#8626 = ( GEOMETRIC_REPRESENTATION_CONTEXT(2) 
PARAMETRIC_REPRESENTATION_CONTEXT() REPRESENTATION_CONTEXT('2D SPACE',''
  ) );
#8627 = ORIENTED_EDGE('',*,*,#8582,.F.);
#8628 = ORIENTED_EDGE('',*,*,#5305,.F.);
#8629 = ADVANCED_FACE('',(#8630),#5492,.T.);
#8630 = FACE_BOUND('',#8631,.T.);
#8631 = EDGE_LOOP('',(#8632,#8633,#8634,#8655));
#8632 = ORIENTED_EDGE('',*,*,#5617,.F.);
#8633 = ORIENTED_EDGE('',*,*,#5476,.F.);
#8634 = ORIENTED_EDGE('',*,*,#8635,.T.);
#8635 = EDGE_CURVE('',#5477,#5714,#8636,.T.);
#8636 = SURFACE_CURVE('',#8637,(#8641,#8648),.PCURVE_S1.);
#8637 = LINE('',#8638,#8639);
#8638 = CARTESIAN_POINT('',(-13.5,2.,7.5));
#8639 = VECTOR('',#8640,1.);
#8640 = DIRECTION('',(-0.,1.,0.));
#8641 = PCURVE('',#5492,#8642);
#8642 = DEFINITIONAL_REPRESENTATION('',(#8643),#8647);
#8643 = LINE('',#8644,#8645);
#8644 = CARTESIAN_POINT('',(4.85,0.));
#8645 = VECTOR('',#8646,1.);
#8646 = DIRECTION('',(0.,1.));
#8647 = ( GEOMETRIC_REPRESENTATION_CONTEXT(2) 
PARAMETRIC_REPRESENTATION_CONTEXT() REPRESENTATION_CONTEXT('2D SPACE',''
  ) );
#8648 = PCURVE('',#5520,#8649);
#8649 = DEFINITIONAL_REPRESENTATION('',(#8650),#8654);
#8650 = LINE('',#8651,#8652);
#8651 = CARTESIAN_POINT('',(1.7,0.));
#8652 = VECTOR('',#8653,1.);
#8653 = DIRECTION('',(0.,-1.));
#8654 = ( GEOMETRIC_REPRESENTATION_CONTEXT(2) 
PARAMETRIC_REPRESENTATION_CONTEXT() REPRESENTATION_CONTEXT('2D SPACE',''
  ) );
#8655 = ORIENTED_EDGE('',*,*,#5713,.T.);
#8656 = ADVANCED_FACE('',(#8657),#5520,.T.);
#8657 = FACE_BOUND('',#8658,.T.);
#8658 = EDGE_LOOP('',(#8659,#8660,#8681,#8682));
#8659 = ORIENTED_EDGE('',*,*,#5504,.F.);
#8660 = ORIENTED_EDGE('',*,*,#8661,.F.);
#8661 = EDGE_CURVE('',#5737,#5505,#8662,.T.);
#8662 = SURFACE_CURVE('',#8663,(#8667,#8674),.PCURVE_S1.);
#8663 = LINE('',#8664,#8665);
#8664 = CARTESIAN_POINT('',(-13.5,13.1,6.9));
#8665 = VECTOR('',#8666,1.);
#8666 = DIRECTION('',(0.,-1.,0.));
#8667 = PCURVE('',#5520,#8668);
#8668 = DEFINITIONAL_REPRESENTATION('',(#8669),#8673);
#8669 = LINE('',#8670,#8671);
#8670 = CARTESIAN_POINT('',(1.1,-11.1));
#8671 = VECTOR('',#8672,1.);
#8672 = DIRECTION('',(0.,1.));
#8673 = ( GEOMETRIC_REPRESENTATION_CONTEXT(2) 
PARAMETRIC_REPRESENTATION_CONTEXT() REPRESENTATION_CONTEXT('2D SPACE',''
  ) );
#8674 = PCURVE('',#5548,#8675);
#8675 = DEFINITIONAL_REPRESENTATION('',(#8676),#8680);
#8676 = LINE('',#8677,#8678);
#8677 = CARTESIAN_POINT('',(1.55563491861,5.6));
#8678 = VECTOR('',#8679,1.);
#8679 = DIRECTION('',(0.,-1.));
#8680 = ( GEOMETRIC_REPRESENTATION_CONTEXT(2) 
PARAMETRIC_REPRESENTATION_CONTEXT() REPRESENTATION_CONTEXT('2D SPACE',''
  ) );
#8681 = ORIENTED_EDGE('',*,*,#5736,.T.);
#8682 = ORIENTED_EDGE('',*,*,#8635,.F.);
#8683 = ADVANCED_FACE('',(#8684),#5548,.F.);
#8684 = FACE_BOUND('',#8685,.F.);
#8685 = EDGE_LOOP('',(#8686,#8707,#8708,#8709));
#8686 = ORIENTED_EDGE('',*,*,#8687,.F.);
#8687 = EDGE_CURVE('',#5533,#5760,#8688,.T.);
#8688 = SURFACE_CURVE('',#8689,(#8693,#8700),.PCURVE_S1.);
#8689 = LINE('',#8690,#8691);
#8690 = CARTESIAN_POINT('',(-14.6,1.9,5.8));
#8691 = VECTOR('',#8692,1.);
#8692 = DIRECTION('',(0.,1.,0.));
#8693 = PCURVE('',#5548,#8694);
#8694 = DEFINITIONAL_REPRESENTATION('',(#8695),#8699);
#8695 = LINE('',#8696,#8697);
#8696 = CARTESIAN_POINT('',(0.,-5.6));
#8697 = VECTOR('',#8698,1.);
#8698 = DIRECTION('',(0.,1.));
#8699 = ( GEOMETRIC_REPRESENTATION_CONTEXT(2) 
PARAMETRIC_REPRESENTATION_CONTEXT() REPRESENTATION_CONTEXT('2D SPACE',''
  ) );
#8700 = PCURVE('',#5575,#8701);
#8701 = DEFINITIONAL_REPRESENTATION('',(#8702),#8706);
#8702 = LINE('',#8703,#8704);
#8703 = CARTESIAN_POINT('',(1.9,-1.E-01));
#8704 = VECTOR('',#8705,1.);
#8705 = DIRECTION('',(0.,1.));
#8706 = ( GEOMETRIC_REPRESENTATION_CONTEXT(2) 
PARAMETRIC_REPRESENTATION_CONTEXT() REPRESENTATION_CONTEXT('2D SPACE',''
  ) );
#8707 = ORIENTED_EDGE('',*,*,#5532,.T.);
#8708 = ORIENTED_EDGE('',*,*,#8661,.F.);
#8709 = ORIENTED_EDGE('',*,*,#5759,.F.);
#8710 = ADVANCED_FACE('',(#8711),#5575,.F.);
#8711 = FACE_BOUND('',#8712,.F.);
#8712 = EDGE_LOOP('',(#8713,#8714,#8735,#8736));
#8713 = ORIENTED_EDGE('',*,*,#5781,.F.);
#8714 = ORIENTED_EDGE('',*,*,#8715,.F.);
#8715 = EDGE_CURVE('',#5560,#5782,#8716,.T.);
#8716 = SURFACE_CURVE('',#8717,(#8721,#8728),.PCURVE_S1.);
#8717 = LINE('',#8718,#8719);
#8718 = CARTESIAN_POINT('',(-16.5,2.,5.8));
#8719 = VECTOR('',#8720,1.);
#8720 = DIRECTION('',(-0.,1.,0.));
#8721 = PCURVE('',#5575,#8722);
#8722 = DEFINITIONAL_REPRESENTATION('',(#8723),#8727);
#8723 = LINE('',#8724,#8725);
#8724 = CARTESIAN_POINT('',(0.,0.));
#8725 = VECTOR('',#8726,1.);
#8726 = DIRECTION('',(0.,1.));
#8727 = ( GEOMETRIC_REPRESENTATION_CONTEXT(2) 
PARAMETRIC_REPRESENTATION_CONTEXT() REPRESENTATION_CONTEXT('2D SPACE',''
  ) );
#8728 = PCURVE('',#5601,#8729);
#8729 = DEFINITIONAL_REPRESENTATION('',(#8730),#8734);
#8730 = LINE('',#8731,#8732);
#8731 = CARTESIAN_POINT('',(5.8,0.));
#8732 = VECTOR('',#8733,1.);
#8733 = DIRECTION('',(0.,-1.));
#8734 = ( GEOMETRIC_REPRESENTATION_CONTEXT(2) 
PARAMETRIC_REPRESENTATION_CONTEXT() REPRESENTATION_CONTEXT('2D SPACE',''
  ) );
#8735 = ORIENTED_EDGE('',*,*,#5559,.T.);
#8736 = ORIENTED_EDGE('',*,*,#8687,.T.);
#8737 = ADVANCED_FACE('',(#8738),#5601,.T.);
#8738 = FACE_BOUND('',#8739,.T.);
#8739 = EDGE_LOOP('',(#8740,#8741,#8742,#8743));
#8740 = ORIENTED_EDGE('',*,*,#5587,.F.);
#8741 = ORIENTED_EDGE('',*,*,#7374,.T.);
#8742 = ORIENTED_EDGE('',*,*,#5804,.T.);
#8743 = ORIENTED_EDGE('',*,*,#8715,.F.);
#8744 = ADVANCED_FACE('',(#8745),#6068,.T.);
#8745 = FACE_BOUND('',#8746,.T.);
#8746 = EDGE_LOOP('',(#8747,#8770,#8798,#8819,#8820));
#8747 = ORIENTED_EDGE('',*,*,#8748,.F.);
#8748 = EDGE_CURVE('',#8749,#6053,#8751,.T.);
#8749 = VERTEX_POINT('',#8750);
#8750 = CARTESIAN_POINT('',(17.05,-10.,10.5));
#8751 = SURFACE_CURVE('',#8752,(#8756,#8763),.PCURVE_S1.);
#8752 = LINE('',#8753,#8754);
#8753 = CARTESIAN_POINT('',(17.05,-10.,10.5));
#8754 = VECTOR('',#8755,1.);
#8755 = DIRECTION('',(1.,0.,-0.));
#8756 = PCURVE('',#6068,#8757);
#8757 = DEFINITIONAL_REPRESENTATION('',(#8758),#8762);
#8758 = LINE('',#8759,#8760);
#8759 = CARTESIAN_POINT('',(0.,8.));
#8760 = VECTOR('',#8761,1.);
#8761 = DIRECTION('',(1.,0.));
#8762 = ( GEOMETRIC_REPRESENTATION_CONTEXT(2) 
PARAMETRIC_REPRESENTATION_CONTEXT() REPRESENTATION_CONTEXT('2D SPACE',''
  ) );
#8763 = PCURVE('',#6247,#8764);
#8764 = DEFINITIONAL_REPRESENTATION('',(#8765),#8769);
#8765 = LINE('',#8766,#8767);
#8766 = CARTESIAN_POINT('',(10.5,0.));
#8767 = VECTOR('',#8768,1.);
#8768 = DIRECTION('',(0.,1.));
#8769 = ( GEOMETRIC_REPRESENTATION_CONTEXT(2) 
PARAMETRIC_REPRESENTATION_CONTEXT() REPRESENTATION_CONTEXT('2D SPACE',''
  ) );
#8770 = ORIENTED_EDGE('',*,*,#8771,.F.);
#8771 = EDGE_CURVE('',#8772,#8749,#8774,.T.);
#8772 = VERTEX_POINT('',#8773);
#8773 = CARTESIAN_POINT('',(17.05,-18.,10.5));
#8774 = SURFACE_CURVE('',#8775,(#8779,#8786),.PCURVE_S1.);
#8775 = LINE('',#8776,#8777);
#8776 = CARTESIAN_POINT('',(17.05,-18.,10.5));
#8777 = VECTOR('',#8778,1.);
#8778 = DIRECTION('',(-0.,1.,0.));
#8779 = PCURVE('',#6068,#8780);
#8780 = DEFINITIONAL_REPRESENTATION('',(#8781),#8785);
#8781 = LINE('',#8782,#8783);
#8782 = CARTESIAN_POINT('',(0.,0.));
#8783 = VECTOR('',#8784,1.);
#8784 = DIRECTION('',(0.,1.));
#8785 = ( GEOMETRIC_REPRESENTATION_CONTEXT(2) 
PARAMETRIC_REPRESENTATION_CONTEXT() REPRESENTATION_CONTEXT('2D SPACE',''
  ) );
#8786 = PCURVE('',#8787,#8792);
#8787 = PLANE('',#8788);
#8788 = AXIS2_PLACEMENT_3D('',#8789,#8790,#8791);
#8789 = CARTESIAN_POINT('',(17.05,-18.,0.));
#8790 = DIRECTION('',(1.,0.,-0.));
#8791 = DIRECTION('',(0.,0.,1.));
#8792 = DEFINITIONAL_REPRESENTATION('',(#8793),#8797);
#8793 = LINE('',#8794,#8795);
#8794 = CARTESIAN_POINT('',(10.5,0.));
#8795 = VECTOR('',#8796,1.);
#8796 = DIRECTION('',(0.,-1.));
#8797 = ( GEOMETRIC_REPRESENTATION_CONTEXT(2) 
PARAMETRIC_REPRESENTATION_CONTEXT() REPRESENTATION_CONTEXT('2D SPACE',''
  ) );
#8798 = ORIENTED_EDGE('',*,*,#8799,.T.);
#8799 = EDGE_CURVE('',#8772,#6396,#8800,.T.);
#8800 = SURFACE_CURVE('',#8801,(#8805,#8812),.PCURVE_S1.);
#8801 = LINE('',#8802,#8803);
#8802 = CARTESIAN_POINT('',(17.05,-18.,10.5));
#8803 = VECTOR('',#8804,1.);
#8804 = DIRECTION('',(1.,0.,-0.));
#8805 = PCURVE('',#6068,#8806);
#8806 = DEFINITIONAL_REPRESENTATION('',(#8807),#8811);
#8807 = LINE('',#8808,#8809);
#8808 = CARTESIAN_POINT('',(0.,0.));
#8809 = VECTOR('',#8810,1.);
#8810 = DIRECTION('',(1.,0.));
#8811 = ( GEOMETRIC_REPRESENTATION_CONTEXT(2) 
PARAMETRIC_REPRESENTATION_CONTEXT() REPRESENTATION_CONTEXT('2D SPACE',''
  ) );
#8812 = PCURVE('',#6436,#8813);
#8813 = DEFINITIONAL_REPRESENTATION('',(#8814),#8818);
#8814 = LINE('',#8815,#8816);
#8815 = CARTESIAN_POINT('',(10.5,0.));
#8816 = VECTOR('',#8817,1.);
#8817 = DIRECTION('',(0.,1.));
#8818 = ( GEOMETRIC_REPRESENTATION_CONTEXT(2) 
PARAMETRIC_REPRESENTATION_CONTEXT() REPRESENTATION_CONTEXT('2D SPACE',''
  ) );
#8819 = ORIENTED_EDGE('',*,*,#6395,.F.);
#8820 = ORIENTED_EDGE('',*,*,#6050,.T.);
#8821 = ADVANCED_FACE('',(#8822),#6247,.T.);
#8822 = FACE_BOUND('',#8823,.T.);
#8823 = EDGE_LOOP('',(#8824,#8825,#8848,#8876,#8903,#8931,#8959,#8980,
    #8981));
#8824 = ORIENTED_EDGE('',*,*,#7274,.F.);
#8825 = ORIENTED_EDGE('',*,*,#8826,.T.);
#8826 = EDGE_CURVE('',#7247,#8827,#8829,.T.);
#8827 = VERTEX_POINT('',#8828);
#8828 = CARTESIAN_POINT('',(17.05,-10.,5.8));
#8829 = SURFACE_CURVE('',#8830,(#8834,#8841),.PCURVE_S1.);
#8830 = LINE('',#8831,#8832);
#8831 = CARTESIAN_POINT('',(17.05,-10.,0.));
#8832 = VECTOR('',#8833,1.);
#8833 = DIRECTION('',(0.,0.,1.));
#8834 = PCURVE('',#6247,#8835);
#8835 = DEFINITIONAL_REPRESENTATION('',(#8836),#8840);
#8836 = LINE('',#8837,#8838);
#8837 = CARTESIAN_POINT('',(0.,0.));
#8838 = VECTOR('',#8839,1.);
#8839 = DIRECTION('',(1.,0.));
#8840 = ( GEOMETRIC_REPRESENTATION_CONTEXT(2) 
PARAMETRIC_REPRESENTATION_CONTEXT() REPRESENTATION_CONTEXT('2D SPACE',''
  ) );
#8841 = PCURVE('',#7262,#8842);
#8842 = DEFINITIONAL_REPRESENTATION('',(#8843),#8847);
#8843 = LINE('',#8844,#8845);
#8844 = CARTESIAN_POINT('',(0.,-8.));
#8845 = VECTOR('',#8846,1.);
#8846 = DIRECTION('',(1.,0.));
#8847 = ( GEOMETRIC_REPRESENTATION_CONTEXT(2) 
PARAMETRIC_REPRESENTATION_CONTEXT() REPRESENTATION_CONTEXT('2D SPACE',''
  ) );
#8848 = ORIENTED_EDGE('',*,*,#8849,.F.);
#8849 = EDGE_CURVE('',#8850,#8827,#8852,.T.);
#8850 = VERTEX_POINT('',#8851);
#8851 = CARTESIAN_POINT('',(16.45,-10.,5.8));
#8852 = SURFACE_CURVE('',#8853,(#8857,#8864),.PCURVE_S1.);
#8853 = LINE('',#8854,#8855);
#8854 = CARTESIAN_POINT('',(15.35,-10.,5.8));
#8855 = VECTOR('',#8856,1.);
#8856 = DIRECTION('',(1.,0.,-0.));
#8857 = PCURVE('',#6247,#8858);
#8858 = DEFINITIONAL_REPRESENTATION('',(#8859),#8863);
#8859 = LINE('',#8860,#8861);
#8860 = CARTESIAN_POINT('',(5.8,-1.7));
#8861 = VECTOR('',#8862,1.);
#8862 = DIRECTION('',(0.,1.));
#8863 = ( GEOMETRIC_REPRESENTATION_CONTEXT(2) 
PARAMETRIC_REPRESENTATION_CONTEXT() REPRESENTATION_CONTEXT('2D SPACE',''
  ) );
#8864 = PCURVE('',#8865,#8870);
#8865 = PLANE('',#8866);
#8866 = AXIS2_PLACEMENT_3D('',#8867,#8868,#8869);
#8867 = CARTESIAN_POINT('',(15.35,-18.,5.8));
#8868 = DIRECTION('',(0.,0.,1.));
#8869 = DIRECTION('',(1.,0.,-0.));
#8870 = DEFINITIONAL_REPRESENTATION('',(#8871),#8875);
#8871 = LINE('',#8872,#8873);
#8872 = CARTESIAN_POINT('',(0.,8.));
#8873 = VECTOR('',#8874,1.);
#8874 = DIRECTION('',(1.,0.));
#8875 = ( GEOMETRIC_REPRESENTATION_CONTEXT(2) 
PARAMETRIC_REPRESENTATION_CONTEXT() REPRESENTATION_CONTEXT('2D SPACE',''
  ) );
#8876 = ORIENTED_EDGE('',*,*,#8877,.F.);
#8877 = EDGE_CURVE('',#8878,#8850,#8880,.T.);
#8878 = VERTEX_POINT('',#8879);
#8879 = CARTESIAN_POINT('',(15.35,-10.,6.9));
#8880 = SURFACE_CURVE('',#8881,(#8885,#8892),.PCURVE_S1.);
#8881 = LINE('',#8882,#8883);
#8882 = CARTESIAN_POINT('',(16.175,-10.,6.075));
#8883 = VECTOR('',#8884,1.);
#8884 = DIRECTION('',(0.707106781187,0.,-0.707106781187));
#8885 = PCURVE('',#6247,#8886);
#8886 = DEFINITIONAL_REPRESENTATION('',(#8887),#8891);
#8887 = LINE('',#8888,#8889);
#8888 = CARTESIAN_POINT('',(6.075,-0.875));
#8889 = VECTOR('',#8890,1.);
#8890 = DIRECTION('',(-0.707106781187,0.707106781187));
#8891 = ( GEOMETRIC_REPRESENTATION_CONTEXT(2) 
PARAMETRIC_REPRESENTATION_CONTEXT() REPRESENTATION_CONTEXT('2D SPACE',''
  ) );
#8892 = PCURVE('',#8893,#8898);
#8893 = PLANE('',#8894);
#8894 = AXIS2_PLACEMENT_3D('',#8895,#8896,#8897);
#8895 = CARTESIAN_POINT('',(16.45,-14.,5.8));
#8896 = DIRECTION('',(0.707106781187,0.,0.707106781187));
#8897 = DIRECTION('',(-0.707106781187,0.,0.707106781187));
#8898 = DEFINITIONAL_REPRESENTATION('',(#8899),#8902);
#8899 = B_SPLINE_CURVE_WITH_KNOTS('',1,(#8900,#8901),.UNSPECIFIED.,.F.,
  .F.,(2,2),(-1.166726188958,0.388908729653),.PIECEWISE_BEZIER_KNOTS.);
#8900 = CARTESIAN_POINT('',(1.55563491861,-4.));
#8901 = CARTESIAN_POINT('',(1.110223024625E-16,-4.));
#8902 = ( GEOMETRIC_REPRESENTATION_CONTEXT(2) 
PARAMETRIC_REPRESENTATION_CONTEXT() REPRESENTATION_CONTEXT('2D SPACE',''
  ) );
#8903 = ORIENTED_EDGE('',*,*,#8904,.T.);
#8904 = EDGE_CURVE('',#8878,#8905,#8907,.T.);
#8905 = VERTEX_POINT('',#8906);
#8906 = CARTESIAN_POINT('',(15.35,-10.,7.5));
#8907 = SURFACE_CURVE('',#8908,(#8912,#8919),.PCURVE_S1.);
#8908 = LINE('',#8909,#8910);
#8909 = CARTESIAN_POINT('',(15.35,-10.,5.8));
#8910 = VECTOR('',#8911,1.);
#8911 = DIRECTION('',(0.,0.,1.));
#8912 = PCURVE('',#6247,#8913);
#8913 = DEFINITIONAL_REPRESENTATION('',(#8914),#8918);
#8914 = LINE('',#8915,#8916);
#8915 = CARTESIAN_POINT('',(5.8,-1.7));
#8916 = VECTOR('',#8917,1.);
#8917 = DIRECTION('',(1.,0.));
#8918 = ( GEOMETRIC_REPRESENTATION_CONTEXT(2) 
PARAMETRIC_REPRESENTATION_CONTEXT() REPRESENTATION_CONTEXT('2D SPACE',''
  ) );
#8919 = PCURVE('',#8920,#8925);
#8920 = PLANE('',#8921);
#8921 = AXIS2_PLACEMENT_3D('',#8922,#8923,#8924);
#8922 = CARTESIAN_POINT('',(15.35,-18.,5.8));
#8923 = DIRECTION('',(1.,0.,-0.));
#8924 = DIRECTION('',(0.,0.,1.));
#8925 = DEFINITIONAL_REPRESENTATION('',(#8926),#8930);
#8926 = LINE('',#8927,#8928);
#8927 = CARTESIAN_POINT('',(0.,-8.));
#8928 = VECTOR('',#8929,1.);
#8929 = DIRECTION('',(1.,0.));
#8930 = ( GEOMETRIC_REPRESENTATION_CONTEXT(2) 
PARAMETRIC_REPRESENTATION_CONTEXT() REPRESENTATION_CONTEXT('2D SPACE',''
  ) );
#8931 = ORIENTED_EDGE('',*,*,#8932,.T.);
#8932 = EDGE_CURVE('',#8905,#8933,#8935,.T.);
#8933 = VERTEX_POINT('',#8934);
#8934 = CARTESIAN_POINT('',(17.05,-10.,7.5));
#8935 = SURFACE_CURVE('',#8936,(#8940,#8947),.PCURVE_S1.);
#8936 = LINE('',#8937,#8938);
#8937 = CARTESIAN_POINT('',(15.35,-10.,7.5));
#8938 = VECTOR('',#8939,1.);
#8939 = DIRECTION('',(1.,0.,-0.));
#8940 = PCURVE('',#6247,#8941);
#8941 = DEFINITIONAL_REPRESENTATION('',(#8942),#8946);
#8942 = LINE('',#8943,#8944);
#8943 = CARTESIAN_POINT('',(7.5,-1.7));
#8944 = VECTOR('',#8945,1.);
#8945 = DIRECTION('',(0.,1.));
#8946 = ( GEOMETRIC_REPRESENTATION_CONTEXT(2) 
PARAMETRIC_REPRESENTATION_CONTEXT() REPRESENTATION_CONTEXT('2D SPACE',''
  ) );
#8947 = PCURVE('',#8948,#8953);
#8948 = PLANE('',#8949);
#8949 = AXIS2_PLACEMENT_3D('',#8950,#8951,#8952);
#8950 = CARTESIAN_POINT('',(15.35,-18.,7.5));
#8951 = DIRECTION('',(0.,0.,1.));
#8952 = DIRECTION('',(1.,0.,-0.));
#8953 = DEFINITIONAL_REPRESENTATION('',(#8954),#8958);
#8954 = LINE('',#8955,#8956);
#8955 = CARTESIAN_POINT('',(0.,8.));
#8956 = VECTOR('',#8957,1.);
#8957 = DIRECTION('',(1.,0.));
#8958 = ( GEOMETRIC_REPRESENTATION_CONTEXT(2) 
PARAMETRIC_REPRESENTATION_CONTEXT() REPRESENTATION_CONTEXT('2D SPACE',''
  ) );
#8959 = ORIENTED_EDGE('',*,*,#8960,.T.);
#8960 = EDGE_CURVE('',#8933,#8749,#8961,.T.);
#8961 = SURFACE_CURVE('',#8962,(#8966,#8973),.PCURVE_S1.);
#8962 = LINE('',#8963,#8964);
#8963 = CARTESIAN_POINT('',(17.05,-10.,0.));
#8964 = VECTOR('',#8965,1.);
#8965 = DIRECTION('',(0.,0.,1.));
#8966 = PCURVE('',#6247,#8967);
#8967 = DEFINITIONAL_REPRESENTATION('',(#8968),#8972);
#8968 = LINE('',#8969,#8970);
#8969 = CARTESIAN_POINT('',(0.,0.));
#8970 = VECTOR('',#8971,1.);
#8971 = DIRECTION('',(1.,0.));
#8972 = ( GEOMETRIC_REPRESENTATION_CONTEXT(2) 
PARAMETRIC_REPRESENTATION_CONTEXT() REPRESENTATION_CONTEXT('2D SPACE',''
  ) );
#8973 = PCURVE('',#8787,#8974);
#8974 = DEFINITIONAL_REPRESENTATION('',(#8975),#8979);
#8975 = LINE('',#8976,#8977);
#8976 = CARTESIAN_POINT('',(0.,-8.));
#8977 = VECTOR('',#8978,1.);
#8978 = DIRECTION('',(1.,0.));
#8979 = ( GEOMETRIC_REPRESENTATION_CONTEXT(2) 
PARAMETRIC_REPRESENTATION_CONTEXT() REPRESENTATION_CONTEXT('2D SPACE',''
  ) );
#8980 = ORIENTED_EDGE('',*,*,#8748,.T.);
#8981 = ORIENTED_EDGE('',*,*,#6233,.F.);
#8982 = ADVANCED_FACE('',(#8983),#6198,.F.);
#8983 = FACE_BOUND('',#8984,.F.);
#8984 = EDGE_LOOP('',(#8985,#8986,#9009,#9037,#9064,#9092,#9120,#9148,
    #9169));
#8985 = ORIENTED_EDGE('',*,*,#7296,.F.);
#8986 = ORIENTED_EDGE('',*,*,#8987,.T.);
#8987 = EDGE_CURVE('',#7297,#8988,#8990,.T.);
#8988 = VERTEX_POINT('',#8989);
#8989 = CARTESIAN_POINT('',(17.05,-7.,5.8));
#8990 = SURFACE_CURVE('',#8991,(#8995,#9002),.PCURVE_S1.);
#8991 = LINE('',#8992,#8993);
#8992 = CARTESIAN_POINT('',(17.05,-7.,0.));
#8993 = VECTOR('',#8994,1.);
#8994 = DIRECTION('',(0.,0.,1.));
#8995 = PCURVE('',#6198,#8996);
#8996 = DEFINITIONAL_REPRESENTATION('',(#8997),#9001);
#8997 = LINE('',#8998,#8999);
#8998 = CARTESIAN_POINT('',(0.,0.));
#8999 = VECTOR('',#9000,1.);
#9000 = DIRECTION('',(1.,0.));
#9001 = ( GEOMETRIC_REPRESENTATION_CONTEXT(2) 
PARAMETRIC_REPRESENTATION_CONTEXT() REPRESENTATION_CONTEXT('2D SPACE',''
  ) );
#9002 = PCURVE('',#7335,#9003);
#9003 = DEFINITIONAL_REPRESENTATION('',(#9004),#9008);
#9004 = LINE('',#9005,#9006);
#9005 = CARTESIAN_POINT('',(0.,0.));
#9006 = VECTOR('',#9007,1.);
#9007 = DIRECTION('',(1.,0.));
#9008 = ( GEOMETRIC_REPRESENTATION_CONTEXT(2) 
PARAMETRIC_REPRESENTATION_CONTEXT() REPRESENTATION_CONTEXT('2D SPACE',''
  ) );
#9009 = ORIENTED_EDGE('',*,*,#9010,.F.);
#9010 = EDGE_CURVE('',#9011,#8988,#9013,.T.);
#9011 = VERTEX_POINT('',#9012);
#9012 = CARTESIAN_POINT('',(16.45,-7.,5.8));
#9013 = SURFACE_CURVE('',#9014,(#9018,#9025),.PCURVE_S1.);
#9014 = LINE('',#9015,#9016);
#9015 = CARTESIAN_POINT('',(15.35,-7.,5.8));
#9016 = VECTOR('',#9017,1.);
#9017 = DIRECTION('',(1.,0.,-0.));
#9018 = PCURVE('',#6198,#9019);
#9019 = DEFINITIONAL_REPRESENTATION('',(#9020),#9024);
#9020 = LINE('',#9021,#9022);
#9021 = CARTESIAN_POINT('',(5.8,-1.7));
#9022 = VECTOR('',#9023,1.);
#9023 = DIRECTION('',(0.,1.));
#9024 = ( GEOMETRIC_REPRESENTATION_CONTEXT(2) 
PARAMETRIC_REPRESENTATION_CONTEXT() REPRESENTATION_CONTEXT('2D SPACE',''
  ) );
#9025 = PCURVE('',#9026,#9031);
#9026 = PLANE('',#9027);
#9027 = AXIS2_PLACEMENT_3D('',#9028,#9029,#9030);
#9028 = CARTESIAN_POINT('',(15.35,-7.,5.8));
#9029 = DIRECTION('',(0.,0.,1.));
#9030 = DIRECTION('',(1.,0.,-0.));
#9031 = DEFINITIONAL_REPRESENTATION('',(#9032),#9036);
#9032 = LINE('',#9033,#9034);
#9033 = CARTESIAN_POINT('',(0.,0.));
#9034 = VECTOR('',#9035,1.);
#9035 = DIRECTION('',(1.,0.));
#9036 = ( GEOMETRIC_REPRESENTATION_CONTEXT(2) 
PARAMETRIC_REPRESENTATION_CONTEXT() REPRESENTATION_CONTEXT('2D SPACE',''
  ) );
#9037 = ORIENTED_EDGE('',*,*,#9038,.F.);
#9038 = EDGE_CURVE('',#9039,#9011,#9041,.T.);
#9039 = VERTEX_POINT('',#9040);
#9040 = CARTESIAN_POINT('',(15.35,-7.,6.9));
#9041 = SURFACE_CURVE('',#9042,(#9046,#9053),.PCURVE_S1.);
#9042 = LINE('',#9043,#9044);
#9043 = CARTESIAN_POINT('',(16.175,-7.,6.075));
#9044 = VECTOR('',#9045,1.);
#9045 = DIRECTION('',(0.707106781187,0.,-0.707106781187));
#9046 = PCURVE('',#6198,#9047);
#9047 = DEFINITIONAL_REPRESENTATION('',(#9048),#9052);
#9048 = LINE('',#9049,#9050);
#9049 = CARTESIAN_POINT('',(6.075,-0.875));
#9050 = VECTOR('',#9051,1.);
#9051 = DIRECTION('',(-0.707106781187,0.707106781187));
#9052 = ( GEOMETRIC_REPRESENTATION_CONTEXT(2) 
PARAMETRIC_REPRESENTATION_CONTEXT() REPRESENTATION_CONTEXT('2D SPACE',''
  ) );
#9053 = PCURVE('',#9054,#9059);
#9054 = PLANE('',#9055);
#9055 = AXIS2_PLACEMENT_3D('',#9056,#9057,#9058);
#9056 = CARTESIAN_POINT('',(16.45,-3.,5.8));
#9057 = DIRECTION('',(0.707106781187,0.,0.707106781187));
#9058 = DIRECTION('',(-0.707106781187,0.,0.707106781187));
#9059 = DEFINITIONAL_REPRESENTATION('',(#9060),#9063);
#9060 = B_SPLINE_CURVE_WITH_KNOTS('',1,(#9061,#9062),.UNSPECIFIED.,.F.,
  .F.,(2,2),(-1.166726188958,0.388908729653),.PIECEWISE_BEZIER_KNOTS.);
#9061 = CARTESIAN_POINT('',(1.55563491861,4.));
#9062 = CARTESIAN_POINT('',(1.110223024625E-16,4.));
#9063 = ( GEOMETRIC_REPRESENTATION_CONTEXT(2) 
PARAMETRIC_REPRESENTATION_CONTEXT() REPRESENTATION_CONTEXT('2D SPACE',''
  ) );
#9064 = ORIENTED_EDGE('',*,*,#9065,.T.);
#9065 = EDGE_CURVE('',#9039,#9066,#9068,.T.);
#9066 = VERTEX_POINT('',#9067);
#9067 = CARTESIAN_POINT('',(15.35,-7.,7.5));
#9068 = SURFACE_CURVE('',#9069,(#9073,#9080),.PCURVE_S1.);
#9069 = LINE('',#9070,#9071);
#9070 = CARTESIAN_POINT('',(15.35,-7.,5.8));
#9071 = VECTOR('',#9072,1.);
#9072 = DIRECTION('',(0.,0.,1.));
#9073 = PCURVE('',#6198,#9074);
#9074 = DEFINITIONAL_REPRESENTATION('',(#9075),#9079);
#9075 = LINE('',#9076,#9077);
#9076 = CARTESIAN_POINT('',(5.8,-1.7));
#9077 = VECTOR('',#9078,1.);
#9078 = DIRECTION('',(1.,0.));
#9079 = ( GEOMETRIC_REPRESENTATION_CONTEXT(2) 
PARAMETRIC_REPRESENTATION_CONTEXT() REPRESENTATION_CONTEXT('2D SPACE',''
  ) );
#9080 = PCURVE('',#9081,#9086);
#9081 = PLANE('',#9082);
#9082 = AXIS2_PLACEMENT_3D('',#9083,#9084,#9085);
#9083 = CARTESIAN_POINT('',(15.35,-7.,5.8));
#9084 = DIRECTION('',(1.,0.,-0.));
#9085 = DIRECTION('',(0.,0.,1.));
#9086 = DEFINITIONAL_REPRESENTATION('',(#9087),#9091);
#9087 = LINE('',#9088,#9089);
#9088 = CARTESIAN_POINT('',(0.,0.));
#9089 = VECTOR('',#9090,1.);
#9090 = DIRECTION('',(1.,0.));
#9091 = ( GEOMETRIC_REPRESENTATION_CONTEXT(2) 
PARAMETRIC_REPRESENTATION_CONTEXT() REPRESENTATION_CONTEXT('2D SPACE',''
  ) );
#9092 = ORIENTED_EDGE('',*,*,#9093,.T.);
#9093 = EDGE_CURVE('',#9066,#9094,#9096,.T.);
#9094 = VERTEX_POINT('',#9095);
#9095 = CARTESIAN_POINT('',(17.05,-7.,7.5));
#9096 = SURFACE_CURVE('',#9097,(#9101,#9108),.PCURVE_S1.);
#9097 = LINE('',#9098,#9099);
#9098 = CARTESIAN_POINT('',(15.35,-7.,7.5));
#9099 = VECTOR('',#9100,1.);
#9100 = DIRECTION('',(1.,0.,-0.));
#9101 = PCURVE('',#6198,#9102);
#9102 = DEFINITIONAL_REPRESENTATION('',(#9103),#9107);
#9103 = LINE('',#9104,#9105);
#9104 = CARTESIAN_POINT('',(7.5,-1.7));
#9105 = VECTOR('',#9106,1.);
#9106 = DIRECTION('',(0.,1.));
#9107 = ( GEOMETRIC_REPRESENTATION_CONTEXT(2) 
PARAMETRIC_REPRESENTATION_CONTEXT() REPRESENTATION_CONTEXT('2D SPACE',''
  ) );
#9108 = PCURVE('',#9109,#9114);
#9109 = PLANE('',#9110);
#9110 = AXIS2_PLACEMENT_3D('',#9111,#9112,#9113);
#9111 = CARTESIAN_POINT('',(15.35,-7.,7.5));
#9112 = DIRECTION('',(0.,0.,1.));
#9113 = DIRECTION('',(1.,0.,-0.));
#9114 = DEFINITIONAL_REPRESENTATION('',(#9115),#9119);
#9115 = LINE('',#9116,#9117);
#9116 = CARTESIAN_POINT('',(0.,0.));
#9117 = VECTOR('',#9118,1.);
#9118 = DIRECTION('',(1.,0.));
#9119 = ( GEOMETRIC_REPRESENTATION_CONTEXT(2) 
PARAMETRIC_REPRESENTATION_CONTEXT() REPRESENTATION_CONTEXT('2D SPACE',''
  ) );
#9120 = ORIENTED_EDGE('',*,*,#9121,.T.);
#9121 = EDGE_CURVE('',#9094,#9122,#9124,.T.);
#9122 = VERTEX_POINT('',#9123);
#9123 = CARTESIAN_POINT('',(17.05,-7.,10.5));
#9124 = SURFACE_CURVE('',#9125,(#9129,#9136),.PCURVE_S1.);
#9125 = LINE('',#9126,#9127);
#9126 = CARTESIAN_POINT('',(17.05,-7.,0.));
#9127 = VECTOR('',#9128,1.);
#9128 = DIRECTION('',(0.,0.,1.));
#9129 = PCURVE('',#6198,#9130);
#9130 = DEFINITIONAL_REPRESENTATION('',(#9131),#9135);
#9131 = LINE('',#9132,#9133);
#9132 = CARTESIAN_POINT('',(0.,0.));
#9133 = VECTOR('',#9134,1.);
#9134 = DIRECTION('',(1.,0.));
#9135 = ( GEOMETRIC_REPRESENTATION_CONTEXT(2) 
PARAMETRIC_REPRESENTATION_CONTEXT() REPRESENTATION_CONTEXT('2D SPACE',''
  ) );
#9136 = PCURVE('',#9137,#9142);
#9137 = PLANE('',#9138);
#9138 = AXIS2_PLACEMENT_3D('',#9139,#9140,#9141);
#9139 = CARTESIAN_POINT('',(17.05,-7.,0.));
#9140 = DIRECTION('',(1.,0.,-0.));
#9141 = DIRECTION('',(0.,0.,1.));
#9142 = DEFINITIONAL_REPRESENTATION('',(#9143),#9147);
#9143 = LINE('',#9144,#9145);
#9144 = CARTESIAN_POINT('',(0.,0.));
#9145 = VECTOR('',#9146,1.);
#9146 = DIRECTION('',(1.,0.));
#9147 = ( GEOMETRIC_REPRESENTATION_CONTEXT(2) 
PARAMETRIC_REPRESENTATION_CONTEXT() REPRESENTATION_CONTEXT('2D SPACE',''
  ) );
#9148 = ORIENTED_EDGE('',*,*,#9149,.T.);
#9149 = EDGE_CURVE('',#9122,#6155,#9150,.T.);
#9150 = SURFACE_CURVE('',#9151,(#9155,#9162),.PCURVE_S1.);
#9151 = LINE('',#9152,#9153);
#9152 = CARTESIAN_POINT('',(17.05,-7.,10.5));
#9153 = VECTOR('',#9154,1.);
#9154 = DIRECTION('',(1.,0.,-0.));
#9155 = PCURVE('',#6198,#9156);
#9156 = DEFINITIONAL_REPRESENTATION('',(#9157),#9161);
#9157 = LINE('',#9158,#9159);
#9158 = CARTESIAN_POINT('',(10.5,0.));
#9159 = VECTOR('',#9160,1.);
#9160 = DIRECTION('',(0.,1.));
#9161 = ( GEOMETRIC_REPRESENTATION_CONTEXT(2) 
PARAMETRIC_REPRESENTATION_CONTEXT() REPRESENTATION_CONTEXT('2D SPACE',''
  ) );
#9162 = PCURVE('',#6170,#9163);
#9163 = DEFINITIONAL_REPRESENTATION('',(#9164),#9168);
#9164 = LINE('',#9165,#9166);
#9165 = CARTESIAN_POINT('',(0.,0.));
#9166 = VECTOR('',#9167,1.);
#9167 = DIRECTION('',(1.,0.));
#9168 = ( GEOMETRIC_REPRESENTATION_CONTEXT(2) 
PARAMETRIC_REPRESENTATION_CONTEXT() REPRESENTATION_CONTEXT('2D SPACE',''
  ) );
#9169 = ORIENTED_EDGE('',*,*,#6182,.F.);
#9170 = ADVANCED_FACE('',(#9171),#6170,.T.);
#9171 = FACE_BOUND('',#9172,.T.);
#9172 = EDGE_LOOP('',(#9173,#9196,#9197,#9198));
#9173 = ORIENTED_EDGE('',*,*,#9174,.F.);
#9174 = EDGE_CURVE('',#9122,#9175,#9177,.T.);
#9175 = VERTEX_POINT('',#9176);
#9176 = CARTESIAN_POINT('',(17.05,1.,10.5));
#9177 = SURFACE_CURVE('',#9178,(#9182,#9189),.PCURVE_S1.);
#9178 = LINE('',#9179,#9180);
#9179 = CARTESIAN_POINT('',(17.05,-7.,10.5));
#9180 = VECTOR('',#9181,1.);
#9181 = DIRECTION('',(-0.,1.,0.));
#9182 = PCURVE('',#6170,#9183);
#9183 = DEFINITIONAL_REPRESENTATION('',(#9184),#9188);
#9184 = LINE('',#9185,#9186);
#9185 = CARTESIAN_POINT('',(0.,0.));
#9186 = VECTOR('',#9187,1.);
#9187 = DIRECTION('',(0.,1.));
#9188 = ( GEOMETRIC_REPRESENTATION_CONTEXT(2) 
PARAMETRIC_REPRESENTATION_CONTEXT() REPRESENTATION_CONTEXT('2D SPACE',''
  ) );
#9189 = PCURVE('',#9137,#9190);
#9190 = DEFINITIONAL_REPRESENTATION('',(#9191),#9195);
#9191 = LINE('',#9192,#9193);
#9192 = CARTESIAN_POINT('',(10.5,0.));
#9193 = VECTOR('',#9194,1.);
#9194 = DIRECTION('',(0.,-1.));
#9195 = ( GEOMETRIC_REPRESENTATION_CONTEXT(2) 
PARAMETRIC_REPRESENTATION_CONTEXT() REPRESENTATION_CONTEXT('2D SPACE',''
  ) );
#9196 = ORIENTED_EDGE('',*,*,#9149,.T.);
#9197 = ORIENTED_EDGE('',*,*,#6154,.T.);
#9198 = ORIENTED_EDGE('',*,*,#9199,.F.);
#9199 = EDGE_CURVE('',#9175,#6127,#9200,.T.);
#9200 = SURFACE_CURVE('',#9201,(#9205,#9212),.PCURVE_S1.);
#9201 = LINE('',#9202,#9203);
#9202 = CARTESIAN_POINT('',(17.05,1.,10.5));
#9203 = VECTOR('',#9204,1.);
#9204 = DIRECTION('',(1.,0.,-0.));
#9205 = PCURVE('',#6170,#9206);
#9206 = DEFINITIONAL_REPRESENTATION('',(#9207),#9211);
#9207 = LINE('',#9208,#9209);
#9208 = CARTESIAN_POINT('',(0.,8.));
#9209 = VECTOR('',#9210,1.);
#9210 = DIRECTION('',(1.,0.));
#9211 = ( GEOMETRIC_REPRESENTATION_CONTEXT(2) 
PARAMETRIC_REPRESENTATION_CONTEXT() REPRESENTATION_CONTEXT('2D SPACE',''
  ) );
#9212 = PCURVE('',#6142,#9213);
#9213 = DEFINITIONAL_REPRESENTATION('',(#9214),#9218);
#9214 = LINE('',#9215,#9216);
#9215 = CARTESIAN_POINT('',(10.5,0.));
#9216 = VECTOR('',#9217,1.);
#9217 = DIRECTION('',(0.,1.));
#9218 = ( GEOMETRIC_REPRESENTATION_CONTEXT(2) 
PARAMETRIC_REPRESENTATION_CONTEXT() REPRESENTATION_CONTEXT('2D SPACE',''
  ) );
#9219 = ADVANCED_FACE('',(#9220),#6142,.T.);
#9220 = FACE_BOUND('',#9221,.T.);
#9221 = EDGE_LOOP('',(#9222,#9223,#9246,#9274,#9301,#9329,#9357,#9378,
    #9379));
#9222 = ORIENTED_EDGE('',*,*,#7347,.F.);
#9223 = ORIENTED_EDGE('',*,*,#9224,.T.);
#9224 = EDGE_CURVE('',#7320,#9225,#9227,.T.);
#9225 = VERTEX_POINT('',#9226);
#9226 = CARTESIAN_POINT('',(17.05,1.,5.8));
#9227 = SURFACE_CURVE('',#9228,(#9232,#9239),.PCURVE_S1.);
#9228 = LINE('',#9229,#9230);
#9229 = CARTESIAN_POINT('',(17.05,1.,0.));
#9230 = VECTOR('',#9231,1.);
#9231 = DIRECTION('',(0.,0.,1.));
#9232 = PCURVE('',#6142,#9233);
#9233 = DEFINITIONAL_REPRESENTATION('',(#9234),#9238);
#9234 = LINE('',#9235,#9236);
#9235 = CARTESIAN_POINT('',(0.,0.));
#9236 = VECTOR('',#9237,1.);
#9237 = DIRECTION('',(1.,0.));
#9238 = ( GEOMETRIC_REPRESENTATION_CONTEXT(2) 
PARAMETRIC_REPRESENTATION_CONTEXT() REPRESENTATION_CONTEXT('2D SPACE',''
  ) );
#9239 = PCURVE('',#7335,#9240);
#9240 = DEFINITIONAL_REPRESENTATION('',(#9241),#9245);
#9241 = LINE('',#9242,#9243);
#9242 = CARTESIAN_POINT('',(0.,-8.));
#9243 = VECTOR('',#9244,1.);
#9244 = DIRECTION('',(1.,0.));
#9245 = ( GEOMETRIC_REPRESENTATION_CONTEXT(2) 
PARAMETRIC_REPRESENTATION_CONTEXT() REPRESENTATION_CONTEXT('2D SPACE',''
  ) );
#9246 = ORIENTED_EDGE('',*,*,#9247,.F.);
#9247 = EDGE_CURVE('',#9248,#9225,#9250,.T.);
#9248 = VERTEX_POINT('',#9249);
#9249 = CARTESIAN_POINT('',(16.45,1.,5.8));
#9250 = SURFACE_CURVE('',#9251,(#9255,#9262),.PCURVE_S1.);
#9251 = LINE('',#9252,#9253);
#9252 = CARTESIAN_POINT('',(15.35,1.,5.8));
#9253 = VECTOR('',#9254,1.);
#9254 = DIRECTION('',(1.,0.,-0.));
#9255 = PCURVE('',#6142,#9256);
#9256 = DEFINITIONAL_REPRESENTATION('',(#9257),#9261);
#9257 = LINE('',#9258,#9259);
#9258 = CARTESIAN_POINT('',(5.8,-1.7));
#9259 = VECTOR('',#9260,1.);
#9260 = DIRECTION('',(0.,1.));
#9261 = ( GEOMETRIC_REPRESENTATION_CONTEXT(2) 
PARAMETRIC_REPRESENTATION_CONTEXT() REPRESENTATION_CONTEXT('2D SPACE',''
  ) );
#9262 = PCURVE('',#9263,#9268);
#9263 = PLANE('',#9264);
#9264 = AXIS2_PLACEMENT_3D('',#9265,#9266,#9267);
#9265 = CARTESIAN_POINT('',(15.35,-7.,5.8));
#9266 = DIRECTION('',(0.,0.,1.));
#9267 = DIRECTION('',(1.,0.,-0.));
#9268 = DEFINITIONAL_REPRESENTATION('',(#9269),#9273);
#9269 = LINE('',#9270,#9271);
#9270 = CARTESIAN_POINT('',(0.,8.));
#9271 = VECTOR('',#9272,1.);
#9272 = DIRECTION('',(1.,0.));
#9273 = ( GEOMETRIC_REPRESENTATION_CONTEXT(2) 
PARAMETRIC_REPRESENTATION_CONTEXT() REPRESENTATION_CONTEXT('2D SPACE',''
  ) );
#9274 = ORIENTED_EDGE('',*,*,#9275,.F.);
#9275 = EDGE_CURVE('',#9276,#9248,#9278,.T.);
#9276 = VERTEX_POINT('',#9277);
#9277 = CARTESIAN_POINT('',(15.35,1.,6.9));
#9278 = SURFACE_CURVE('',#9279,(#9283,#9290),.PCURVE_S1.);
#9279 = LINE('',#9280,#9281);
#9280 = CARTESIAN_POINT('',(16.175,1.,6.075));
#9281 = VECTOR('',#9282,1.);
#9282 = DIRECTION('',(0.707106781187,0.,-0.707106781187));
#9283 = PCURVE('',#6142,#9284);
#9284 = DEFINITIONAL_REPRESENTATION('',(#9285),#9289);
#9285 = LINE('',#9286,#9287);
#9286 = CARTESIAN_POINT('',(6.075,-0.875));
#9287 = VECTOR('',#9288,1.);
#9288 = DIRECTION('',(-0.707106781187,0.707106781187));
#9289 = ( GEOMETRIC_REPRESENTATION_CONTEXT(2) 
PARAMETRIC_REPRESENTATION_CONTEXT() REPRESENTATION_CONTEXT('2D SPACE',''
  ) );
#9290 = PCURVE('',#9291,#9296);
#9291 = PLANE('',#9292);
#9292 = AXIS2_PLACEMENT_3D('',#9293,#9294,#9295);
#9293 = CARTESIAN_POINT('',(16.45,-3.,5.8));
#9294 = DIRECTION('',(0.707106781187,0.,0.707106781187));
#9295 = DIRECTION('',(-0.707106781187,0.,0.707106781187));
#9296 = DEFINITIONAL_REPRESENTATION('',(#9297),#9300);
#9297 = B_SPLINE_CURVE_WITH_KNOTS('',1,(#9298,#9299),.UNSPECIFIED.,.F.,
  .F.,(2,2),(-1.166726188958,0.388908729653),.PIECEWISE_BEZIER_KNOTS.);
#9298 = CARTESIAN_POINT('',(1.55563491861,-4.));
#9299 = CARTESIAN_POINT('',(1.110223024625E-16,-4.));
#9300 = ( GEOMETRIC_REPRESENTATION_CONTEXT(2) 
PARAMETRIC_REPRESENTATION_CONTEXT() REPRESENTATION_CONTEXT('2D SPACE',''
  ) );
#9301 = ORIENTED_EDGE('',*,*,#9302,.T.);
#9302 = EDGE_CURVE('',#9276,#9303,#9305,.T.);
#9303 = VERTEX_POINT('',#9304);
#9304 = CARTESIAN_POINT('',(15.35,1.,7.5));
#9305 = SURFACE_CURVE('',#9306,(#9310,#9317),.PCURVE_S1.);
#9306 = LINE('',#9307,#9308);
#9307 = CARTESIAN_POINT('',(15.35,1.,5.8));
#9308 = VECTOR('',#9309,1.);
#9309 = DIRECTION('',(0.,0.,1.));
#9310 = PCURVE('',#6142,#9311);
#9311 = DEFINITIONAL_REPRESENTATION('',(#9312),#9316);
#9312 = LINE('',#9313,#9314);
#9313 = CARTESIAN_POINT('',(5.8,-1.7));
#9314 = VECTOR('',#9315,1.);
#9315 = DIRECTION('',(1.,0.));
#9316 = ( GEOMETRIC_REPRESENTATION_CONTEXT(2) 
PARAMETRIC_REPRESENTATION_CONTEXT() REPRESENTATION_CONTEXT('2D SPACE',''
  ) );
#9317 = PCURVE('',#9318,#9323);
#9318 = PLANE('',#9319);
#9319 = AXIS2_PLACEMENT_3D('',#9320,#9321,#9322);
#9320 = CARTESIAN_POINT('',(15.35,-7.,5.8));
#9321 = DIRECTION('',(1.,0.,-0.));
#9322 = DIRECTION('',(0.,0.,1.));
#9323 = DEFINITIONAL_REPRESENTATION('',(#9324),#9328);
#9324 = LINE('',#9325,#9326);
#9325 = CARTESIAN_POINT('',(0.,-8.));
#9326 = VECTOR('',#9327,1.);
#9327 = DIRECTION('',(1.,0.));
#9328 = ( GEOMETRIC_REPRESENTATION_CONTEXT(2) 
PARAMETRIC_REPRESENTATION_CONTEXT() REPRESENTATION_CONTEXT('2D SPACE',''
  ) );
#9329 = ORIENTED_EDGE('',*,*,#9330,.T.);
#9330 = EDGE_CURVE('',#9303,#9331,#9333,.T.);
#9331 = VERTEX_POINT('',#9332);
#9332 = CARTESIAN_POINT('',(17.05,1.,7.5));
#9333 = SURFACE_CURVE('',#9334,(#9338,#9345),.PCURVE_S1.);
#9334 = LINE('',#9335,#9336);
#9335 = CARTESIAN_POINT('',(15.35,1.,7.5));
#9336 = VECTOR('',#9337,1.);
#9337 = DIRECTION('',(1.,0.,-0.));
#9338 = PCURVE('',#6142,#9339);
#9339 = DEFINITIONAL_REPRESENTATION('',(#9340),#9344);
#9340 = LINE('',#9341,#9342);
#9341 = CARTESIAN_POINT('',(7.5,-1.7));
#9342 = VECTOR('',#9343,1.);
#9343 = DIRECTION('',(0.,1.));
#9344 = ( GEOMETRIC_REPRESENTATION_CONTEXT(2) 
PARAMETRIC_REPRESENTATION_CONTEXT() REPRESENTATION_CONTEXT('2D SPACE',''
  ) );
#9345 = PCURVE('',#9346,#9351);
#9346 = PLANE('',#9347);
#9347 = AXIS2_PLACEMENT_3D('',#9348,#9349,#9350);
#9348 = CARTESIAN_POINT('',(15.35,-7.,7.5));
#9349 = DIRECTION('',(0.,0.,1.));
#9350 = DIRECTION('',(1.,0.,-0.));
#9351 = DEFINITIONAL_REPRESENTATION('',(#9352),#9356);
#9352 = LINE('',#9353,#9354);
#9353 = CARTESIAN_POINT('',(0.,8.));
#9354 = VECTOR('',#9355,1.);
#9355 = DIRECTION('',(1.,0.));
#9356 = ( GEOMETRIC_REPRESENTATION_CONTEXT(2) 
PARAMETRIC_REPRESENTATION_CONTEXT() REPRESENTATION_CONTEXT('2D SPACE',''
  ) );
#9357 = ORIENTED_EDGE('',*,*,#9358,.T.);
#9358 = EDGE_CURVE('',#9331,#9175,#9359,.T.);
#9359 = SURFACE_CURVE('',#9360,(#9364,#9371),.PCURVE_S1.);
#9360 = LINE('',#9361,#9362);
#9361 = CARTESIAN_POINT('',(17.05,1.,0.));
#9362 = VECTOR('',#9363,1.);
#9363 = DIRECTION('',(0.,0.,1.));
#9364 = PCURVE('',#6142,#9365);
#9365 = DEFINITIONAL_REPRESENTATION('',(#9366),#9370);
#9366 = LINE('',#9367,#9368);
#9367 = CARTESIAN_POINT('',(0.,0.));
#9368 = VECTOR('',#9369,1.);
#9369 = DIRECTION('',(1.,0.));
#9370 = ( GEOMETRIC_REPRESENTATION_CONTEXT(2) 
PARAMETRIC_REPRESENTATION_CONTEXT() REPRESENTATION_CONTEXT('2D SPACE',''
  ) );
#9371 = PCURVE('',#9137,#9372);
#9372 = DEFINITIONAL_REPRESENTATION('',(#9373),#9377);
#9373 = LINE('',#9374,#9375);
#9374 = CARTESIAN_POINT('',(0.,-8.));
#9375 = VECTOR('',#9376,1.);
#9376 = DIRECTION('',(1.,0.));
#9377 = ( GEOMETRIC_REPRESENTATION_CONTEXT(2) 
PARAMETRIC_REPRESENTATION_CONTEXT() REPRESENTATION_CONTEXT('2D SPACE',''
  ) );
#9378 = ORIENTED_EDGE('',*,*,#9199,.T.);
#9379 = ORIENTED_EDGE('',*,*,#6126,.F.);
#9380 = ADVANCED_FACE('',(#9381),#6436,.F.);
#9381 = FACE_BOUND('',#9382,.F.);
#9382 = EDGE_LOOP('',(#9383,#9384,#9407,#9435,#9462,#9490,#9518,#9539,
    #9540));
#9383 = ORIENTED_EDGE('',*,*,#7223,.F.);
#9384 = ORIENTED_EDGE('',*,*,#9385,.T.);
#9385 = EDGE_CURVE('',#7224,#9386,#9388,.T.);
#9386 = VERTEX_POINT('',#9387);
#9387 = CARTESIAN_POINT('',(17.05,-18.,5.8));
#9388 = SURFACE_CURVE('',#9389,(#9393,#9400),.PCURVE_S1.);
#9389 = LINE('',#9390,#9391);
#9390 = CARTESIAN_POINT('',(17.05,-18.,0.));
#9391 = VECTOR('',#9392,1.);
#9392 = DIRECTION('',(0.,0.,1.));
#9393 = PCURVE('',#6436,#9394);
#9394 = DEFINITIONAL_REPRESENTATION('',(#9395),#9399);
#9395 = LINE('',#9396,#9397);
#9396 = CARTESIAN_POINT('',(0.,0.));
#9397 = VECTOR('',#9398,1.);
#9398 = DIRECTION('',(1.,0.));
#9399 = ( GEOMETRIC_REPRESENTATION_CONTEXT(2) 
PARAMETRIC_REPRESENTATION_CONTEXT() REPRESENTATION_CONTEXT('2D SPACE',''
  ) );
#9400 = PCURVE('',#7262,#9401);
#9401 = DEFINITIONAL_REPRESENTATION('',(#9402),#9406);
#9402 = LINE('',#9403,#9404);
#9403 = CARTESIAN_POINT('',(0.,0.));
#9404 = VECTOR('',#9405,1.);
#9405 = DIRECTION('',(1.,0.));
#9406 = ( GEOMETRIC_REPRESENTATION_CONTEXT(2) 
PARAMETRIC_REPRESENTATION_CONTEXT() REPRESENTATION_CONTEXT('2D SPACE',''
  ) );
#9407 = ORIENTED_EDGE('',*,*,#9408,.F.);
#9408 = EDGE_CURVE('',#9409,#9386,#9411,.T.);
#9409 = VERTEX_POINT('',#9410);
#9410 = CARTESIAN_POINT('',(16.45,-18.,5.8));
#9411 = SURFACE_CURVE('',#9412,(#9416,#9423),.PCURVE_S1.);
#9412 = LINE('',#9413,#9414);
#9413 = CARTESIAN_POINT('',(15.35,-18.,5.8));
#9414 = VECTOR('',#9415,1.);
#9415 = DIRECTION('',(1.,0.,-0.));
#9416 = PCURVE('',#6436,#9417);
#9417 = DEFINITIONAL_REPRESENTATION('',(#9418),#9422);
#9418 = LINE('',#9419,#9420);
#9419 = CARTESIAN_POINT('',(5.8,-1.7));
#9420 = VECTOR('',#9421,1.);
#9421 = DIRECTION('',(0.,1.));
#9422 = ( GEOMETRIC_REPRESENTATION_CONTEXT(2) 
PARAMETRIC_REPRESENTATION_CONTEXT() REPRESENTATION_CONTEXT('2D SPACE',''
  ) );
#9423 = PCURVE('',#9424,#9429);
#9424 = PLANE('',#9425);
#9425 = AXIS2_PLACEMENT_3D('',#9426,#9427,#9428);
#9426 = CARTESIAN_POINT('',(15.35,-18.,5.8));
#9427 = DIRECTION('',(0.,0.,1.));
#9428 = DIRECTION('',(1.,0.,-0.));
#9429 = DEFINITIONAL_REPRESENTATION('',(#9430),#9434);
#9430 = LINE('',#9431,#9432);
#9431 = CARTESIAN_POINT('',(0.,0.));
#9432 = VECTOR('',#9433,1.);
#9433 = DIRECTION('',(1.,0.));
#9434 = ( GEOMETRIC_REPRESENTATION_CONTEXT(2) 
PARAMETRIC_REPRESENTATION_CONTEXT() REPRESENTATION_CONTEXT('2D SPACE',''
  ) );
#9435 = ORIENTED_EDGE('',*,*,#9436,.F.);
#9436 = EDGE_CURVE('',#9437,#9409,#9439,.T.);
#9437 = VERTEX_POINT('',#9438);
#9438 = CARTESIAN_POINT('',(15.35,-18.,6.9));
#9439 = SURFACE_CURVE('',#9440,(#9444,#9451),.PCURVE_S1.);
#9440 = LINE('',#9441,#9442);
#9441 = CARTESIAN_POINT('',(16.175,-18.,6.075));
#9442 = VECTOR('',#9443,1.);
#9443 = DIRECTION('',(0.707106781187,0.,-0.707106781187));
#9444 = PCURVE('',#6436,#9445);
#9445 = DEFINITIONAL_REPRESENTATION('',(#9446),#9450);
#9446 = LINE('',#9447,#9448);
#9447 = CARTESIAN_POINT('',(6.075,-0.875));
#9448 = VECTOR('',#9449,1.);
#9449 = DIRECTION('',(-0.707106781187,0.707106781187));
#9450 = ( GEOMETRIC_REPRESENTATION_CONTEXT(2) 
PARAMETRIC_REPRESENTATION_CONTEXT() REPRESENTATION_CONTEXT('2D SPACE',''
  ) );
#9451 = PCURVE('',#9452,#9457);
#9452 = PLANE('',#9453);
#9453 = AXIS2_PLACEMENT_3D('',#9454,#9455,#9456);
#9454 = CARTESIAN_POINT('',(16.45,-14.,5.8));
#9455 = DIRECTION('',(0.707106781187,0.,0.707106781187));
#9456 = DIRECTION('',(-0.707106781187,0.,0.707106781187));
#9457 = DEFINITIONAL_REPRESENTATION('',(#9458),#9461);
#9458 = B_SPLINE_CURVE_WITH_KNOTS('',1,(#9459,#9460),.UNSPECIFIED.,.F.,
  .F.,(2,2),(-1.166726188958,0.388908729653),.PIECEWISE_BEZIER_KNOTS.);
#9459 = CARTESIAN_POINT('',(1.55563491861,4.));
#9460 = CARTESIAN_POINT('',(1.110223024625E-16,4.));
#9461 = ( GEOMETRIC_REPRESENTATION_CONTEXT(2) 
PARAMETRIC_REPRESENTATION_CONTEXT() REPRESENTATION_CONTEXT('2D SPACE',''
  ) );
#9462 = ORIENTED_EDGE('',*,*,#9463,.T.);
#9463 = EDGE_CURVE('',#9437,#9464,#9466,.T.);
#9464 = VERTEX_POINT('',#9465);
#9465 = CARTESIAN_POINT('',(15.35,-18.,7.5));
#9466 = SURFACE_CURVE('',#9467,(#9471,#9478),.PCURVE_S1.);
#9467 = LINE('',#9468,#9469);
#9468 = CARTESIAN_POINT('',(15.35,-18.,5.8));
#9469 = VECTOR('',#9470,1.);
#9470 = DIRECTION('',(0.,0.,1.));
#9471 = PCURVE('',#6436,#9472);
#9472 = DEFINITIONAL_REPRESENTATION('',(#9473),#9477);
#9473 = LINE('',#9474,#9475);
#9474 = CARTESIAN_POINT('',(5.8,-1.7));
#9475 = VECTOR('',#9476,1.);
#9476 = DIRECTION('',(1.,0.));
#9477 = ( GEOMETRIC_REPRESENTATION_CONTEXT(2) 
PARAMETRIC_REPRESENTATION_CONTEXT() REPRESENTATION_CONTEXT('2D SPACE',''
  ) );
#9478 = PCURVE('',#9479,#9484);
#9479 = PLANE('',#9480);
#9480 = AXIS2_PLACEMENT_3D('',#9481,#9482,#9483);
#9481 = CARTESIAN_POINT('',(15.35,-18.,5.8));
#9482 = DIRECTION('',(1.,0.,-0.));
#9483 = DIRECTION('',(0.,0.,1.));
#9484 = DEFINITIONAL_REPRESENTATION('',(#9485),#9489);
#9485 = LINE('',#9486,#9487);
#9486 = CARTESIAN_POINT('',(0.,0.));
#9487 = VECTOR('',#9488,1.);
#9488 = DIRECTION('',(1.,0.));
#9489 = ( GEOMETRIC_REPRESENTATION_CONTEXT(2) 
PARAMETRIC_REPRESENTATION_CONTEXT() REPRESENTATION_CONTEXT('2D SPACE',''
  ) );
#9490 = ORIENTED_EDGE('',*,*,#9491,.T.);
#9491 = EDGE_CURVE('',#9464,#9492,#9494,.T.);
#9492 = VERTEX_POINT('',#9493);
#9493 = CARTESIAN_POINT('',(17.05,-18.,7.5));
#9494 = SURFACE_CURVE('',#9495,(#9499,#9506),.PCURVE_S1.);
#9495 = LINE('',#9496,#9497);
#9496 = CARTESIAN_POINT('',(15.35,-18.,7.5));
#9497 = VECTOR('',#9498,1.);
#9498 = DIRECTION('',(1.,0.,-0.));
#9499 = PCURVE('',#6436,#9500);
#9500 = DEFINITIONAL_REPRESENTATION('',(#9501),#9505);
#9501 = LINE('',#9502,#9503);
#9502 = CARTESIAN_POINT('',(7.5,-1.7));
#9503 = VECTOR('',#9504,1.);
#9504 = DIRECTION('',(0.,1.));
#9505 = ( GEOMETRIC_REPRESENTATION_CONTEXT(2) 
PARAMETRIC_REPRESENTATION_CONTEXT() REPRESENTATION_CONTEXT('2D SPACE',''
  ) );
#9506 = PCURVE('',#9507,#9512);
#9507 = PLANE('',#9508);
#9508 = AXIS2_PLACEMENT_3D('',#9509,#9510,#9511);
#9509 = CARTESIAN_POINT('',(15.35,-18.,7.5));
#9510 = DIRECTION('',(0.,0.,1.));
#9511 = DIRECTION('',(1.,0.,-0.));
#9512 = DEFINITIONAL_REPRESENTATION('',(#9513),#9517);
#9513 = LINE('',#9514,#9515);
#9514 = CARTESIAN_POINT('',(0.,0.));
#9515 = VECTOR('',#9516,1.);
#9516 = DIRECTION('',(1.,0.));
#9517 = ( GEOMETRIC_REPRESENTATION_CONTEXT(2) 
PARAMETRIC_REPRESENTATION_CONTEXT() REPRESENTATION_CONTEXT('2D SPACE',''
  ) );
#9518 = ORIENTED_EDGE('',*,*,#9519,.T.);
#9519 = EDGE_CURVE('',#9492,#8772,#9520,.T.);
#9520 = SURFACE_CURVE('',#9521,(#9525,#9532),.PCURVE_S1.);
#9521 = LINE('',#9522,#9523);
#9522 = CARTESIAN_POINT('',(17.05,-18.,0.));
#9523 = VECTOR('',#9524,1.);
#9524 = DIRECTION('',(0.,0.,1.));
#9525 = PCURVE('',#6436,#9526);
#9526 = DEFINITIONAL_REPRESENTATION('',(#9527),#9531);
#9527 = LINE('',#9528,#9529);
#9528 = CARTESIAN_POINT('',(0.,0.));
#9529 = VECTOR('',#9530,1.);
#9530 = DIRECTION('',(1.,0.));
#9531 = ( GEOMETRIC_REPRESENTATION_CONTEXT(2) 
PARAMETRIC_REPRESENTATION_CONTEXT() REPRESENTATION_CONTEXT('2D SPACE',''
  ) );
#9532 = PCURVE('',#8787,#9533);
#9533 = DEFINITIONAL_REPRESENTATION('',(#9534),#9538);
#9534 = LINE('',#9535,#9536);
#9535 = CARTESIAN_POINT('',(0.,0.));
#9536 = VECTOR('',#9537,1.);
#9537 = DIRECTION('',(1.,0.));
#9538 = ( GEOMETRIC_REPRESENTATION_CONTEXT(2) 
PARAMETRIC_REPRESENTATION_CONTEXT() REPRESENTATION_CONTEXT('2D SPACE',''
  ) );
#9539 = ORIENTED_EDGE('',*,*,#8799,.T.);
#9540 = ORIENTED_EDGE('',*,*,#6423,.T.);
#9541 = ADVANCED_FACE('',(#9542),#6601,.T.);
#9542 = FACE_BOUND('',#9543,.T.);
#9543 = EDGE_LOOP('',(#9544,#9545,#9546,#9547));
#9544 = ORIENTED_EDGE('',*,*,#6802,.F.);
#9545 = ORIENTED_EDGE('',*,*,#6638,.T.);
#9546 = ORIENTED_EDGE('',*,*,#6585,.T.);
#9547 = ORIENTED_EDGE('',*,*,#9548,.F.);
#9548 = EDGE_CURVE('',#6780,#6558,#9549,.T.);
#9549 = SURFACE_CURVE('',#9550,(#9554,#9561),.PCURVE_S1.);
#9550 = LINE('',#9551,#9552);
#9551 = CARTESIAN_POINT('',(10.,-17.05,7.5));
#9552 = VECTOR('',#9553,1.);
#9553 = DIRECTION('',(1.,0.,-0.));
#9554 = PCURVE('',#6601,#9555);
#9555 = DEFINITIONAL_REPRESENTATION('',(#9556),#9560);
#9556 = LINE('',#9557,#9558);
#9557 = CARTESIAN_POINT('',(0.,4.3));
#9558 = VECTOR('',#9559,1.);
#9559 = DIRECTION('',(1.,0.));
#9560 = ( GEOMETRIC_REPRESENTATION_CONTEXT(2) 
PARAMETRIC_REPRESENTATION_CONTEXT() REPRESENTATION_CONTEXT('2D SPACE',''
  ) );
#9561 = PCURVE('',#6573,#9562);
#9562 = DEFINITIONAL_REPRESENTATION('',(#9563),#9567);
#9563 = LINE('',#9564,#9565);
#9564 = CARTESIAN_POINT('',(1.7,0.));
#9565 = VECTOR('',#9566,1.);
#9566 = DIRECTION('',(0.,1.));
#9567 = ( GEOMETRIC_REPRESENTATION_CONTEXT(2) 
PARAMETRIC_REPRESENTATION_CONTEXT() REPRESENTATION_CONTEXT('2D SPACE',''
  ) );
#9568 = ADVANCED_FACE('',(#9569),#6573,.T.);
#9569 = FACE_BOUND('',#9570,.T.);
#9570 = EDGE_LOOP('',(#9571,#9572,#9593,#9594));
#9571 = ORIENTED_EDGE('',*,*,#6557,.F.);
#9572 = ORIENTED_EDGE('',*,*,#9573,.F.);
#9573 = EDGE_CURVE('',#6758,#6531,#9574,.T.);
#9574 = SURFACE_CURVE('',#9575,(#9579,#9586),.PCURVE_S1.);
#9575 = LINE('',#9576,#9577);
#9576 = CARTESIAN_POINT('',(9.9,-17.05,6.9));
#9577 = VECTOR('',#9578,1.);
#9578 = DIRECTION('',(1.,0.,0.));
#9579 = PCURVE('',#6573,#9580);
#9580 = DEFINITIONAL_REPRESENTATION('',(#9581),#9585);
#9581 = LINE('',#9582,#9583);
#9582 = CARTESIAN_POINT('',(1.1,-0.1));
#9583 = VECTOR('',#9584,1.);
#9584 = DIRECTION('',(0.,1.));
#9585 = ( GEOMETRIC_REPRESENTATION_CONTEXT(2) 
PARAMETRIC_REPRESENTATION_CONTEXT() REPRESENTATION_CONTEXT('2D SPACE',''
  ) );
#9586 = PCURVE('',#6546,#9587);
#9587 = DEFINITIONAL_REPRESENTATION('',(#9588),#9592);
#9588 = LINE('',#9589,#9590);
#9589 = CARTESIAN_POINT('',(1.55563491861,2.6));
#9590 = VECTOR('',#9591,1.);
#9591 = DIRECTION('',(0.,-1.));
#9592 = ( GEOMETRIC_REPRESENTATION_CONTEXT(2) 
PARAMETRIC_REPRESENTATION_CONTEXT() REPRESENTATION_CONTEXT('2D SPACE',''
  ) );
#9593 = ORIENTED_EDGE('',*,*,#6779,.T.);
#9594 = ORIENTED_EDGE('',*,*,#9548,.T.);
#9595 = ADVANCED_FACE('',(#9596),#6546,.F.);
#9596 = FACE_BOUND('',#9597,.F.);
#9597 = EDGE_LOOP('',(#9598,#9619,#9620,#9621));
#9598 = ORIENTED_EDGE('',*,*,#9599,.F.);
#9599 = EDGE_CURVE('',#6503,#6735,#9600,.T.);
#9600 = SURFACE_CURVE('',#9601,(#9605,#9612),.PCURVE_S1.);
#9601 = LINE('',#9602,#9603);
#9602 = CARTESIAN_POINT('',(15.1,-18.15,5.8));
#9603 = VECTOR('',#9604,1.);
#9604 = DIRECTION('',(-1.,0.,0.));
#9605 = PCURVE('',#6546,#9606);
#9606 = DEFINITIONAL_REPRESENTATION('',(#9607),#9611);
#9607 = LINE('',#9608,#9609);
#9608 = CARTESIAN_POINT('',(0.,-2.6));
#9609 = VECTOR('',#9610,1.);
#9610 = DIRECTION('',(0.,1.));
#9611 = ( GEOMETRIC_REPRESENTATION_CONTEXT(2) 
PARAMETRIC_REPRESENTATION_CONTEXT() REPRESENTATION_CONTEXT('2D SPACE',''
  ) );
#9612 = PCURVE('',#6518,#9613);
#9613 = DEFINITIONAL_REPRESENTATION('',(#9614),#9618);
#9614 = LINE('',#9615,#9616);
#9615 = CARTESIAN_POINT('',(5.1,1.6));
#9616 = VECTOR('',#9617,1.);
#9617 = DIRECTION('',(-1.,0.));
#9618 = ( GEOMETRIC_REPRESENTATION_CONTEXT(2) 
PARAMETRIC_REPRESENTATION_CONTEXT() REPRESENTATION_CONTEXT('2D SPACE',''
  ) );
#9619 = ORIENTED_EDGE('',*,*,#6530,.F.);
#9620 = ORIENTED_EDGE('',*,*,#9573,.F.);
#9621 = ORIENTED_EDGE('',*,*,#6757,.T.);
#9622 = ADVANCED_FACE('',(#9623),#6518,.F.);
#9623 = FACE_BOUND('',#9624,.F.);
#9624 = EDGE_LOOP('',(#9625,#9626,#9647,#9648));
#9625 = ORIENTED_EDGE('',*,*,#6734,.F.);
#9626 = ORIENTED_EDGE('',*,*,#9627,.T.);
#9627 = EDGE_CURVE('',#6712,#6475,#9628,.T.);
#9628 = SURFACE_CURVE('',#9629,(#9633,#9640),.PCURVE_S1.);
#9629 = LINE('',#9630,#9631);
#9630 = CARTESIAN_POINT('',(10.,-19.75,5.8));
#9631 = VECTOR('',#9632,1.);
#9632 = DIRECTION('',(1.,0.,-0.));
#9633 = PCURVE('',#6518,#9634);
#9634 = DEFINITIONAL_REPRESENTATION('',(#9635),#9639);
#9635 = LINE('',#9636,#9637);
#9636 = CARTESIAN_POINT('',(0.,0.));
#9637 = VECTOR('',#9638,1.);
#9638 = DIRECTION('',(1.,0.));
#9639 = ( GEOMETRIC_REPRESENTATION_CONTEXT(2) 
PARAMETRIC_REPRESENTATION_CONTEXT() REPRESENTATION_CONTEXT('2D SPACE',''
  ) );
#9640 = PCURVE('',#6490,#9641);
#9641 = DEFINITIONAL_REPRESENTATION('',(#9642),#9646);
#9642 = LINE('',#9643,#9644);
#9643 = CARTESIAN_POINT('',(5.8,0.));
#9644 = VECTOR('',#9645,1.);
#9645 = DIRECTION('',(0.,1.));
#9646 = ( GEOMETRIC_REPRESENTATION_CONTEXT(2) 
PARAMETRIC_REPRESENTATION_CONTEXT() REPRESENTATION_CONTEXT('2D SPACE',''
  ) );
#9647 = ORIENTED_EDGE('',*,*,#6502,.T.);
#9648 = ORIENTED_EDGE('',*,*,#9599,.T.);
#9649 = ADVANCED_FACE('',(#9650),#6490,.T.);
#9650 = FACE_BOUND('',#9651,.T.);
#9651 = EDGE_LOOP('',(#9652,#9653,#9654,#9655));
#9652 = ORIENTED_EDGE('',*,*,#6474,.F.);
#9653 = ORIENTED_EDGE('',*,*,#7200,.F.);
#9654 = ORIENTED_EDGE('',*,*,#6711,.T.);
#9655 = ORIENTED_EDGE('',*,*,#9627,.T.);
#9656 = ADVANCED_FACE('',(#9657),#6915,.T.);
#9657 = FACE_BOUND('',#9658,.T.);
#9658 = EDGE_LOOP('',(#9659,#9660,#9661,#9662));
#9659 = ORIENTED_EDGE('',*,*,#6899,.F.);
#9660 = ORIENTED_EDGE('',*,*,#7176,.F.);
#9661 = ORIENTED_EDGE('',*,*,#7103,.T.);
#9662 = ORIENTED_EDGE('',*,*,#8439,.T.);
#9663 = ADVANCED_FACE('',(#9664),#6966,.F.);
#9664 = FACE_BOUND('',#9665,.F.);
#9665 = EDGE_LOOP('',(#9666,#9667,#9668,#9689));
#9666 = ORIENTED_EDGE('',*,*,#8461,.F.);
#9667 = ORIENTED_EDGE('',*,*,#6950,.F.);
#9668 = ORIENTED_EDGE('',*,*,#9669,.F.);
#9669 = EDGE_CURVE('',#8562,#6951,#9670,.T.);
#9670 = SURFACE_CURVE('',#9671,(#9675,#9682),.PCURVE_S1.);
#9671 = LINE('',#9672,#9673);
#9672 = CARTESIAN_POINT('',(-16.1,-17.05,6.9));
#9673 = VECTOR('',#9674,1.);
#9674 = DIRECTION('',(1.,0.,0.));
#9675 = PCURVE('',#6966,#9676);
#9676 = DEFINITIONAL_REPRESENTATION('',(#9677),#9681);
#9677 = LINE('',#9678,#9679);
#9678 = CARTESIAN_POINT('',(1.55563491861,3.1));
#9679 = VECTOR('',#9680,1.);
#9680 = DIRECTION('',(0.,-1.));
#9681 = ( GEOMETRIC_REPRESENTATION_CONTEXT(2) 
PARAMETRIC_REPRESENTATION_CONTEXT() REPRESENTATION_CONTEXT('2D SPACE',''
  ) );
#9682 = PCURVE('',#6991,#9683);
#9683 = DEFINITIONAL_REPRESENTATION('',(#9684),#9688);
#9684 = LINE('',#9685,#9686);
#9685 = CARTESIAN_POINT('',(1.1,-0.1));
#9686 = VECTOR('',#9687,1.);
#9687 = DIRECTION('',(0.,1.));
#9688 = ( GEOMETRIC_REPRESENTATION_CONTEXT(2) 
PARAMETRIC_REPRESENTATION_CONTEXT() REPRESENTATION_CONTEXT('2D SPACE',''
  ) );
#9689 = ORIENTED_EDGE('',*,*,#8609,.F.);
#9690 = ADVANCED_FACE('',(#9691),#6991,.T.);
#9691 = FACE_BOUND('',#9692,.T.);
#9692 = EDGE_LOOP('',(#9693,#9694,#9695,#9696));
#9693 = ORIENTED_EDGE('',*,*,#6977,.F.);
#9694 = ORIENTED_EDGE('',*,*,#9669,.F.);
#9695 = ORIENTED_EDGE('',*,*,#8561,.T.);
#9696 = ORIENTED_EDGE('',*,*,#8508,.T.);
#9697 = ADVANCED_FACE('',(#9698),#7335,.F.);
#9698 = FACE_BOUND('',#9699,.F.);
#9699 = EDGE_LOOP('',(#9700,#9701,#9702,#9703,#9726,#9755,#9779));
#9700 = ORIENTED_EDGE('',*,*,#8987,.F.);
#9701 = ORIENTED_EDGE('',*,*,#7319,.T.);
#9702 = ORIENTED_EDGE('',*,*,#9224,.T.);
#9703 = ORIENTED_EDGE('',*,*,#9704,.F.);
#9704 = EDGE_CURVE('',#9705,#9225,#9707,.T.);
#9705 = VERTEX_POINT('',#9706);
#9706 = CARTESIAN_POINT('',(17.05,-8.2809570837E-02,5.8));
#9707 = SURFACE_CURVE('',#9708,(#9712,#9719),.PCURVE_S1.);
#9708 = LINE('',#9709,#9710);
#9709 = CARTESIAN_POINT('',(17.05,-7.,5.8));
#9710 = VECTOR('',#9711,1.);
#9711 = DIRECTION('',(-0.,1.,0.));
#9712 = PCURVE('',#7335,#9713);
#9713 = DEFINITIONAL_REPRESENTATION('',(#9714),#9718);
#9714 = LINE('',#9715,#9716);
#9715 = CARTESIAN_POINT('',(5.8,0.));
#9716 = VECTOR('',#9717,1.);
#9717 = DIRECTION('',(0.,-1.));
#9718 = ( GEOMETRIC_REPRESENTATION_CONTEXT(2) 
PARAMETRIC_REPRESENTATION_CONTEXT() REPRESENTATION_CONTEXT('2D SPACE',''
  ) );
#9719 = PCURVE('',#9263,#9720);
#9720 = DEFINITIONAL_REPRESENTATION('',(#9721),#9725);
#9721 = LINE('',#9722,#9723);
#9722 = CARTESIAN_POINT('',(1.7,0.));
#9723 = VECTOR('',#9724,1.);
#9724 = DIRECTION('',(0.,1.));
#9725 = ( GEOMETRIC_REPRESENTATION_CONTEXT(2) 
PARAMETRIC_REPRESENTATION_CONTEXT() REPRESENTATION_CONTEXT('2D SPACE',''
  ) );
#9726 = ORIENTED_EDGE('',*,*,#9727,.F.);
#9727 = EDGE_CURVE('',#9728,#9705,#9730,.T.);
#9728 = VERTEX_POINT('',#9729);
#9729 = CARTESIAN_POINT('',(17.05,-3.,3.5));
#9730 = SURFACE_CURVE('',#9731,(#9736,#9743),.PCURVE_S1.);
#9731 = CIRCLE('',#9732,3.);
#9732 = AXIS2_PLACEMENT_3D('',#9733,#9734,#9735);
#9733 = CARTESIAN_POINT('',(17.05,-3.,6.5));
#9734 = DIRECTION('',(1.,-0.,2.22044604925E-16));
#9735 = DIRECTION('',(2.22044604925E-16,0.,-1.));
#9736 = PCURVE('',#7335,#9737);
#9737 = DEFINITIONAL_REPRESENTATION('',(#9738),#9742);
#9738 = CIRCLE('',#9739,3.);
#9739 = AXIS2_PLACEMENT_2D('',#9740,#9741);
#9740 = CARTESIAN_POINT('',(6.5,-4.));
#9741 = DIRECTION('',(-1.,0.));
#9742 = ( GEOMETRIC_REPRESENTATION_CONTEXT(2) 
PARAMETRIC_REPRESENTATION_CONTEXT() REPRESENTATION_CONTEXT('2D SPACE',''
  ) );
#9743 = PCURVE('',#9744,#9749);
#9744 = CYLINDRICAL_SURFACE('',#9745,3.);
#9745 = AXIS2_PLACEMENT_3D('',#9746,#9747,#9748);
#9746 = CARTESIAN_POINT('',(17.05,-3.,6.5));
#9747 = DIRECTION('',(1.,0.,2.22044604925E-16));
#9748 = DIRECTION('',(2.22044604925E-16,0.,-1.));
#9749 = DEFINITIONAL_REPRESENTATION('',(#9750),#9754);
#9750 = LINE('',#9751,#9752);
#9751 = CARTESIAN_POINT('',(0.,0.));
#9752 = VECTOR('',#9753,1.);
#9753 = DIRECTION('',(1.,0.));
#9754 = ( GEOMETRIC_REPRESENTATION_CONTEXT(2) 
PARAMETRIC_REPRESENTATION_CONTEXT() REPRESENTATION_CONTEXT('2D SPACE',''
  ) );
#9755 = ORIENTED_EDGE('',*,*,#9756,.F.);
#9756 = EDGE_CURVE('',#9757,#9728,#9759,.T.);
#9757 = VERTEX_POINT('',#9758);
#9758 = CARTESIAN_POINT('',(17.05,-5.917190429163,5.8));
#9759 = SURFACE_CURVE('',#9760,(#9765,#9772),.PCURVE_S1.);
#9760 = CIRCLE('',#9761,3.);
#9761 = AXIS2_PLACEMENT_3D('',#9762,#9763,#9764);
#9762 = CARTESIAN_POINT('',(17.05,-3.,6.5));
#9763 = DIRECTION('',(1.,-0.,2.22044604925E-16));
#9764 = DIRECTION('',(2.22044604925E-16,0.,-1.));
#9765 = PCURVE('',#7335,#9766);
#9766 = DEFINITIONAL_REPRESENTATION('',(#9767),#9771);
#9767 = CIRCLE('',#9768,3.);
#9768 = AXIS2_PLACEMENT_2D('',#9769,#9770);
#9769 = CARTESIAN_POINT('',(6.5,-4.));
#9770 = DIRECTION('',(-1.,0.));
#9771 = ( GEOMETRIC_REPRESENTATION_CONTEXT(2) 
PARAMETRIC_REPRESENTATION_CONTEXT() REPRESENTATION_CONTEXT('2D SPACE',''
  ) );
#9772 = PCURVE('',#9744,#9773);
#9773 = DEFINITIONAL_REPRESENTATION('',(#9774),#9778);
#9774 = LINE('',#9775,#9776);
#9775 = CARTESIAN_POINT('',(0.,0.));
#9776 = VECTOR('',#9777,1.);
#9777 = DIRECTION('',(1.,0.));
#9778 = ( GEOMETRIC_REPRESENTATION_CONTEXT(2) 
PARAMETRIC_REPRESENTATION_CONTEXT() REPRESENTATION_CONTEXT('2D SPACE',''
  ) );
#9779 = ORIENTED_EDGE('',*,*,#9780,.F.);
#9780 = EDGE_CURVE('',#8988,#9757,#9781,.T.);
#9781 = SURFACE_CURVE('',#9782,(#9786,#9793),.PCURVE_S1.);
#9782 = LINE('',#9783,#9784);
#9783 = CARTESIAN_POINT('',(17.05,-7.,5.8));
#9784 = VECTOR('',#9785,1.);
#9785 = DIRECTION('',(-0.,1.,0.));
#9786 = PCURVE('',#7335,#9787);
#9787 = DEFINITIONAL_REPRESENTATION('',(#9788),#9792);
#9788 = LINE('',#9789,#9790);
#9789 = CARTESIAN_POINT('',(5.8,0.));
#9790 = VECTOR('',#9791,1.);
#9791 = DIRECTION('',(0.,-1.));
#9792 = ( GEOMETRIC_REPRESENTATION_CONTEXT(2) 
PARAMETRIC_REPRESENTATION_CONTEXT() REPRESENTATION_CONTEXT('2D SPACE',''
  ) );
#9793 = PCURVE('',#9026,#9794);
#9794 = DEFINITIONAL_REPRESENTATION('',(#9795),#9799);
#9795 = LINE('',#9796,#9797);
#9796 = CARTESIAN_POINT('',(1.7,0.));
#9797 = VECTOR('',#9798,1.);
#9798 = DIRECTION('',(0.,1.));
#9799 = ( GEOMETRIC_REPRESENTATION_CONTEXT(2) 
PARAMETRIC_REPRESENTATION_CONTEXT() REPRESENTATION_CONTEXT('2D SPACE',''
  ) );
#9800 = ADVANCED_FACE('',(#9801),#7262,.F.);
#9801 = FACE_BOUND('',#9802,.F.);
#9802 = EDGE_LOOP('',(#9803,#9804,#9805,#9806,#9829,#9858,#9882));
#9803 = ORIENTED_EDGE('',*,*,#9385,.F.);
#9804 = ORIENTED_EDGE('',*,*,#7246,.T.);
#9805 = ORIENTED_EDGE('',*,*,#8826,.T.);
#9806 = ORIENTED_EDGE('',*,*,#9807,.F.);
#9807 = EDGE_CURVE('',#9808,#8827,#9810,.T.);
#9808 = VERTEX_POINT('',#9809);
#9809 = CARTESIAN_POINT('',(17.05,-11.08280957083,5.8));
#9810 = SURFACE_CURVE('',#9811,(#9815,#9822),.PCURVE_S1.);
#9811 = LINE('',#9812,#9813);
#9812 = CARTESIAN_POINT('',(17.05,-18.,5.8));
#9813 = VECTOR('',#9814,1.);
#9814 = DIRECTION('',(-0.,1.,0.));
#9815 = PCURVE('',#7262,#9816);
#9816 = DEFINITIONAL_REPRESENTATION('',(#9817),#9821);
#9817 = LINE('',#9818,#9819);
#9818 = CARTESIAN_POINT('',(5.8,0.));
#9819 = VECTOR('',#9820,1.);
#9820 = DIRECTION('',(0.,-1.));
#9821 = ( GEOMETRIC_REPRESENTATION_CONTEXT(2) 
PARAMETRIC_REPRESENTATION_CONTEXT() REPRESENTATION_CONTEXT('2D SPACE',''
  ) );
#9822 = PCURVE('',#8865,#9823);
#9823 = DEFINITIONAL_REPRESENTATION('',(#9824),#9828);
#9824 = LINE('',#9825,#9826);
#9825 = CARTESIAN_POINT('',(1.7,0.));
#9826 = VECTOR('',#9827,1.);
#9827 = DIRECTION('',(0.,1.));
#9828 = ( GEOMETRIC_REPRESENTATION_CONTEXT(2) 
PARAMETRIC_REPRESENTATION_CONTEXT() REPRESENTATION_CONTEXT('2D SPACE',''
  ) );
#9829 = ORIENTED_EDGE('',*,*,#9830,.F.);
#9830 = EDGE_CURVE('',#9831,#9808,#9833,.T.);
#9831 = VERTEX_POINT('',#9832);
#9832 = CARTESIAN_POINT('',(17.05,-14.,3.5));
#9833 = SURFACE_CURVE('',#9834,(#9839,#9846),.PCURVE_S1.);
#9834 = CIRCLE('',#9835,3.);
#9835 = AXIS2_PLACEMENT_3D('',#9836,#9837,#9838);
#9836 = CARTESIAN_POINT('',(17.05,-14.,6.5));
#9837 = DIRECTION('',(1.,-0.,2.22044604925E-16));
#9838 = DIRECTION('',(2.22044604925E-16,0.,-1.));
#9839 = PCURVE('',#7262,#9840);
#9840 = DEFINITIONAL_REPRESENTATION('',(#9841),#9845);
#9841 = CIRCLE('',#9842,3.);
#9842 = AXIS2_PLACEMENT_2D('',#9843,#9844);
#9843 = CARTESIAN_POINT('',(6.5,-4.));
#9844 = DIRECTION('',(-1.,0.));
#9845 = ( GEOMETRIC_REPRESENTATION_CONTEXT(2) 
PARAMETRIC_REPRESENTATION_CONTEXT() REPRESENTATION_CONTEXT('2D SPACE',''
  ) );
#9846 = PCURVE('',#9847,#9852);
#9847 = CYLINDRICAL_SURFACE('',#9848,3.);
#9848 = AXIS2_PLACEMENT_3D('',#9849,#9850,#9851);
#9849 = CARTESIAN_POINT('',(17.05,-14.,6.5));
#9850 = DIRECTION('',(1.,0.,2.22044604925E-16));
#9851 = DIRECTION('',(2.22044604925E-16,0.,-1.));
#9852 = DEFINITIONAL_REPRESENTATION('',(#9853),#9857);
#9853 = LINE('',#9854,#9855);
#9854 = CARTESIAN_POINT('',(0.,0.));
#9855 = VECTOR('',#9856,1.);
#9856 = DIRECTION('',(1.,0.));
#9857 = ( GEOMETRIC_REPRESENTATION_CONTEXT(2) 
PARAMETRIC_REPRESENTATION_CONTEXT() REPRESENTATION_CONTEXT('2D SPACE',''
  ) );
#9858 = ORIENTED_EDGE('',*,*,#9859,.F.);
#9859 = EDGE_CURVE('',#9860,#9831,#9862,.T.);
#9860 = VERTEX_POINT('',#9861);
#9861 = CARTESIAN_POINT('',(17.05,-16.91719042916,5.8));
#9862 = SURFACE_CURVE('',#9863,(#9868,#9875),.PCURVE_S1.);
#9863 = CIRCLE('',#9864,3.);
#9864 = AXIS2_PLACEMENT_3D('',#9865,#9866,#9867);
#9865 = CARTESIAN_POINT('',(17.05,-14.,6.5));
#9866 = DIRECTION('',(1.,-0.,2.22044604925E-16));
#9867 = DIRECTION('',(2.22044604925E-16,0.,-1.));
#9868 = PCURVE('',#7262,#9869);
#9869 = DEFINITIONAL_REPRESENTATION('',(#9870),#9874);
#9870 = CIRCLE('',#9871,3.);
#9871 = AXIS2_PLACEMENT_2D('',#9872,#9873);
#9872 = CARTESIAN_POINT('',(6.5,-4.));
#9873 = DIRECTION('',(-1.,0.));
#9874 = ( GEOMETRIC_REPRESENTATION_CONTEXT(2) 
PARAMETRIC_REPRESENTATION_CONTEXT() REPRESENTATION_CONTEXT('2D SPACE',''
  ) );
#9875 = PCURVE('',#9847,#9876);
#9876 = DEFINITIONAL_REPRESENTATION('',(#9877),#9881);
#9877 = LINE('',#9878,#9879);
#9878 = CARTESIAN_POINT('',(0.,0.));
#9879 = VECTOR('',#9880,1.);
#9880 = DIRECTION('',(1.,0.));
#9881 = ( GEOMETRIC_REPRESENTATION_CONTEXT(2) 
PARAMETRIC_REPRESENTATION_CONTEXT() REPRESENTATION_CONTEXT('2D SPACE',''
  ) );
#9882 = ORIENTED_EDGE('',*,*,#9883,.F.);
#9883 = EDGE_CURVE('',#9386,#9860,#9884,.T.);
#9884 = SURFACE_CURVE('',#9885,(#9889,#9896),.PCURVE_S1.);
#9885 = LINE('',#9886,#9887);
#9886 = CARTESIAN_POINT('',(17.05,-18.,5.8));
#9887 = VECTOR('',#9888,1.);
#9888 = DIRECTION('',(-0.,1.,0.));
#9889 = PCURVE('',#7262,#9890);
#9890 = DEFINITIONAL_REPRESENTATION('',(#9891),#9895);
#9891 = LINE('',#9892,#9893);
#9892 = CARTESIAN_POINT('',(5.8,0.));
#9893 = VECTOR('',#9894,1.);
#9894 = DIRECTION('',(0.,-1.));
#9895 = ( GEOMETRIC_REPRESENTATION_CONTEXT(2) 
PARAMETRIC_REPRESENTATION_CONTEXT() REPRESENTATION_CONTEXT('2D SPACE',''
  ) );
#9896 = PCURVE('',#9424,#9897);
#9897 = DEFINITIONAL_REPRESENTATION('',(#9898),#9902);
#9898 = LINE('',#9899,#9900);
#9899 = CARTESIAN_POINT('',(1.7,0.));
#9900 = VECTOR('',#9901,1.);
#9901 = DIRECTION('',(0.,1.));
#9902 = ( GEOMETRIC_REPRESENTATION_CONTEXT(2) 
PARAMETRIC_REPRESENTATION_CONTEXT() REPRESENTATION_CONTEXT('2D SPACE',''
  ) );
#9903 = ADVANCED_FACE('',(#9904),#7416,.F.);
#9904 = FACE_BOUND('',#9905,.F.);
#9905 = EDGE_LOOP('',(#9906,#9929,#9930,#9953));
#9906 = ORIENTED_EDGE('',*,*,#9907,.F.);
#9907 = EDGE_CURVE('',#7399,#9908,#9910,.T.);
#9908 = VERTEX_POINT('',#9909);
#9909 = CARTESIAN_POINT('',(-10.,-18.95,4.));
#9910 = SURFACE_CURVE('',#9911,(#9915,#9922),.PCURVE_S1.);
#9911 = LINE('',#9912,#9913);
#9912 = CARTESIAN_POINT('',(-10.,-18.95,0.));
#9913 = VECTOR('',#9914,1.);
#9914 = DIRECTION('',(0.,0.,1.));
#9915 = PCURVE('',#7416,#9916);
#9916 = DEFINITIONAL_REPRESENTATION('',(#9917),#9921);
#9917 = LINE('',#9918,#9919);
#9918 = CARTESIAN_POINT('',(0.,0.));
#9919 = VECTOR('',#9920,1.);
#9920 = DIRECTION('',(1.,0.));
#9921 = ( GEOMETRIC_REPRESENTATION_CONTEXT(2) 
PARAMETRIC_REPRESENTATION_CONTEXT() REPRESENTATION_CONTEXT('2D SPACE',''
  ) );
#9922 = PCURVE('',#7498,#9923);
#9923 = DEFINITIONAL_REPRESENTATION('',(#9924),#9928);
#9924 = LINE('',#9925,#9926);
#9925 = CARTESIAN_POINT('',(0.,0.));
#9926 = VECTOR('',#9927,1.);
#9927 = DIRECTION('',(1.,0.));
#9928 = ( GEOMETRIC_REPRESENTATION_CONTEXT(2) 
PARAMETRIC_REPRESENTATION_CONTEXT() REPRESENTATION_CONTEXT('2D SPACE',''
  ) );
#9929 = ORIENTED_EDGE('',*,*,#7398,.T.);
#9930 = ORIENTED_EDGE('',*,*,#9931,.T.);
#9931 = EDGE_CURVE('',#7401,#9932,#9934,.T.);
#9932 = VERTEX_POINT('',#9933);
#9933 = CARTESIAN_POINT('',(-10.,-17.75,4.));
#9934 = SURFACE_CURVE('',#9935,(#9939,#9946),.PCURVE_S1.);
#9935 = LINE('',#9936,#9937);
#9936 = CARTESIAN_POINT('',(-10.,-17.75,0.));
#9937 = VECTOR('',#9938,1.);
#9938 = DIRECTION('',(0.,0.,1.));
#9939 = PCURVE('',#7416,#9940);
#9940 = DEFINITIONAL_REPRESENTATION('',(#9941),#9945);
#9941 = LINE('',#9942,#9943);
#9942 = CARTESIAN_POINT('',(0.,-1.2));
#9943 = VECTOR('',#9944,1.);
#9944 = DIRECTION('',(1.,0.));
#9945 = ( GEOMETRIC_REPRESENTATION_CONTEXT(2) 
PARAMETRIC_REPRESENTATION_CONTEXT() REPRESENTATION_CONTEXT('2D SPACE',''
  ) );
#9946 = PCURVE('',#7444,#9947);
#9947 = DEFINITIONAL_REPRESENTATION('',(#9948),#9952);
#9948 = LINE('',#9949,#9950);
#9949 = CARTESIAN_POINT('',(0.,0.));
#9950 = VECTOR('',#9951,1.);
#9951 = DIRECTION('',(1.,0.));
#9952 = ( GEOMETRIC_REPRESENTATION_CONTEXT(2) 
PARAMETRIC_REPRESENTATION_CONTEXT() REPRESENTATION_CONTEXT('2D SPACE',''
  ) );
#9953 = ORIENTED_EDGE('',*,*,#9954,.F.);
#9954 = EDGE_CURVE('',#9908,#9932,#9955,.T.);
#9955 = SURFACE_CURVE('',#9956,(#9960,#9967),.PCURVE_S1.);
#9956 = LINE('',#9957,#9958);
#9957 = CARTESIAN_POINT('',(-10.,-18.95,4.));
#9958 = VECTOR('',#9959,1.);
#9959 = DIRECTION('',(-0.,1.,0.));
#9960 = PCURVE('',#7416,#9961);
#9961 = DEFINITIONAL_REPRESENTATION('',(#9962),#9966);
#9962 = LINE('',#9963,#9964);
#9963 = CARTESIAN_POINT('',(4.,0.));
#9964 = VECTOR('',#9965,1.);
#9965 = DIRECTION('',(0.,-1.));
#9966 = ( GEOMETRIC_REPRESENTATION_CONTEXT(2) 
PARAMETRIC_REPRESENTATION_CONTEXT() REPRESENTATION_CONTEXT('2D SPACE',''
  ) );
#9967 = PCURVE('',#9968,#9973);
#9968 = PLANE('',#9969);
#9969 = AXIS2_PLACEMENT_3D('',#9970,#9971,#9972);
#9970 = CARTESIAN_POINT('',(-10.,-18.95,4.));
#9971 = DIRECTION('',(0.,0.,1.));
#9972 = DIRECTION('',(1.,0.,-0.));
#9973 = DEFINITIONAL_REPRESENTATION('',(#9974),#9978);
#9974 = LINE('',#9975,#9976);
#9975 = CARTESIAN_POINT('',(0.,0.));
#9976 = VECTOR('',#9977,1.);
#9977 = DIRECTION('',(0.,1.));
#9978 = ( GEOMETRIC_REPRESENTATION_CONTEXT(2) 
PARAMETRIC_REPRESENTATION_CONTEXT() REPRESENTATION_CONTEXT('2D SPACE',''
  ) );
#9979 = ADVANCED_FACE('',(#9980),#7498,.F.);
#9980 = FACE_BOUND('',#9981,.F.);
#9981 = EDGE_LOOP('',(#9982,#9983,#9984,#10007));
#9982 = ORIENTED_EDGE('',*,*,#7484,.F.);
#9983 = ORIENTED_EDGE('',*,*,#9907,.T.);
#9984 = ORIENTED_EDGE('',*,*,#9985,.T.);
#9985 = EDGE_CURVE('',#9908,#9986,#9988,.T.);
#9986 = VERTEX_POINT('',#9987);
#9987 = CARTESIAN_POINT('',(2.,-18.95,4.));
#9988 = SURFACE_CURVE('',#9989,(#9993,#10000),.PCURVE_S1.);
#9989 = LINE('',#9990,#9991);
#9990 = CARTESIAN_POINT('',(-10.,-18.95,4.));
#9991 = VECTOR('',#9992,1.);
#9992 = DIRECTION('',(1.,0.,-0.));
#9993 = PCURVE('',#7498,#9994);
#9994 = DEFINITIONAL_REPRESENTATION('',(#9995),#9999);
#9995 = LINE('',#9996,#9997);
#9996 = CARTESIAN_POINT('',(4.,0.));
#9997 = VECTOR('',#9998,1.);
#9998 = DIRECTION('',(0.,1.));
#9999 = ( GEOMETRIC_REPRESENTATION_CONTEXT(2) 
PARAMETRIC_REPRESENTATION_CONTEXT() REPRESENTATION_CONTEXT('2D SPACE',''
  ) );
#10000 = PCURVE('',#9968,#10001);
#10001 = DEFINITIONAL_REPRESENTATION('',(#10002),#10006);
#10002 = LINE('',#10003,#10004);
#10003 = CARTESIAN_POINT('',(0.,0.));
#10004 = VECTOR('',#10005,1.);
#10005 = DIRECTION('',(1.,0.));
#10006 = ( GEOMETRIC_REPRESENTATION_CONTEXT(2) 
PARAMETRIC_REPRESENTATION_CONTEXT() REPRESENTATION_CONTEXT('2D SPACE',''
  ) );
#10007 = ORIENTED_EDGE('',*,*,#10008,.F.);
#10008 = EDGE_CURVE('',#7457,#9986,#10009,.T.);
#10009 = SURFACE_CURVE('',#10010,(#10014,#10021),.PCURVE_S1.);
#10010 = LINE('',#10011,#10012);
#10011 = CARTESIAN_POINT('',(2.,-18.95,0.));
#10012 = VECTOR('',#10013,1.);
#10013 = DIRECTION('',(0.,0.,1.));
#10014 = PCURVE('',#7498,#10015);
#10015 = DEFINITIONAL_REPRESENTATION('',(#10016),#10020);
#10016 = LINE('',#10017,#10018);
#10017 = CARTESIAN_POINT('',(0.,12.));
#10018 = VECTOR('',#10019,1.);
#10019 = DIRECTION('',(1.,0.));
#10020 = ( GEOMETRIC_REPRESENTATION_CONTEXT(2) 
PARAMETRIC_REPRESENTATION_CONTEXT() REPRESENTATION_CONTEXT('2D SPACE',''
  ) );
#10021 = PCURVE('',#7472,#10022);
#10022 = DEFINITIONAL_REPRESENTATION('',(#10023),#10027);
#10023 = LINE('',#10024,#10025);
#10024 = CARTESIAN_POINT('',(0.,0.));
#10025 = VECTOR('',#10026,1.);
#10026 = DIRECTION('',(1.,0.));
#10027 = ( GEOMETRIC_REPRESENTATION_CONTEXT(2) 
PARAMETRIC_REPRESENTATION_CONTEXT() REPRESENTATION_CONTEXT('2D SPACE',''
  ) );
#10028 = ADVANCED_FACE('',(#10029),#7472,.T.);
#10029 = FACE_BOUND('',#10030,.T.);
#10030 = EDGE_LOOP('',(#10031,#10032,#10033,#10056));
#10031 = ORIENTED_EDGE('',*,*,#10008,.F.);
#10032 = ORIENTED_EDGE('',*,*,#7456,.T.);
#10033 = ORIENTED_EDGE('',*,*,#10034,.T.);
#10034 = EDGE_CURVE('',#7429,#10035,#10037,.T.);
#10035 = VERTEX_POINT('',#10036);
#10036 = CARTESIAN_POINT('',(2.,-17.75,4.));
#10037 = SURFACE_CURVE('',#10038,(#10042,#10049),.PCURVE_S1.);
#10038 = LINE('',#10039,#10040);
#10039 = CARTESIAN_POINT('',(2.,-17.75,0.));
#10040 = VECTOR('',#10041,1.);
#10041 = DIRECTION('',(0.,0.,1.));
#10042 = PCURVE('',#7472,#10043);
#10043 = DEFINITIONAL_REPRESENTATION('',(#10044),#10048);
#10044 = LINE('',#10045,#10046);
#10045 = CARTESIAN_POINT('',(0.,-1.2));
#10046 = VECTOR('',#10047,1.);
#10047 = DIRECTION('',(1.,0.));
#10048 = ( GEOMETRIC_REPRESENTATION_CONTEXT(2) 
PARAMETRIC_REPRESENTATION_CONTEXT() REPRESENTATION_CONTEXT('2D SPACE',''
  ) );
#10049 = PCURVE('',#7444,#10050);
#10050 = DEFINITIONAL_REPRESENTATION('',(#10051),#10055);
#10051 = LINE('',#10052,#10053);
#10052 = CARTESIAN_POINT('',(0.,12.));
#10053 = VECTOR('',#10054,1.);
#10054 = DIRECTION('',(1.,0.));
#10055 = ( GEOMETRIC_REPRESENTATION_CONTEXT(2) 
PARAMETRIC_REPRESENTATION_CONTEXT() REPRESENTATION_CONTEXT('2D SPACE',''
  ) );
#10056 = ORIENTED_EDGE('',*,*,#10057,.F.);
#10057 = EDGE_CURVE('',#9986,#10035,#10058,.T.);
#10058 = SURFACE_CURVE('',#10059,(#10063,#10070),.PCURVE_S1.);
#10059 = LINE('',#10060,#10061);
#10060 = CARTESIAN_POINT('',(2.,-18.95,4.));
#10061 = VECTOR('',#10062,1.);
#10062 = DIRECTION('',(-0.,1.,0.));
#10063 = PCURVE('',#7472,#10064);
#10064 = DEFINITIONAL_REPRESENTATION('',(#10065),#10069);
#10065 = LINE('',#10066,#10067);
#10066 = CARTESIAN_POINT('',(4.,0.));
#10067 = VECTOR('',#10068,1.);
#10068 = DIRECTION('',(0.,-1.));
#10069 = ( GEOMETRIC_REPRESENTATION_CONTEXT(2) 
PARAMETRIC_REPRESENTATION_CONTEXT() REPRESENTATION_CONTEXT('2D SPACE',''
  ) );
#10070 = PCURVE('',#9968,#10071);
#10071 = DEFINITIONAL_REPRESENTATION('',(#10072),#10076);
#10072 = LINE('',#10073,#10074);
#10073 = CARTESIAN_POINT('',(12.,0.));
#10074 = VECTOR('',#10075,1.);
#10075 = DIRECTION('',(0.,1.));
#10076 = ( GEOMETRIC_REPRESENTATION_CONTEXT(2) 
PARAMETRIC_REPRESENTATION_CONTEXT() REPRESENTATION_CONTEXT('2D SPACE',''
  ) );
#10077 = ADVANCED_FACE('',(#10078),#7444,.T.);
#10078 = FACE_BOUND('',#10079,.T.);
#10079 = EDGE_LOOP('',(#10080,#10081,#10082,#10103));
#10080 = ORIENTED_EDGE('',*,*,#7428,.F.);
#10081 = ORIENTED_EDGE('',*,*,#9931,.T.);
#10082 = ORIENTED_EDGE('',*,*,#10083,.T.);
#10083 = EDGE_CURVE('',#9932,#10035,#10084,.T.);
#10084 = SURFACE_CURVE('',#10085,(#10089,#10096),.PCURVE_S1.);
#10085 = LINE('',#10086,#10087);
#10086 = CARTESIAN_POINT('',(-10.,-17.75,4.));
#10087 = VECTOR('',#10088,1.);
#10088 = DIRECTION('',(1.,0.,-0.));
#10089 = PCURVE('',#7444,#10090);
#10090 = DEFINITIONAL_REPRESENTATION('',(#10091),#10095);
#10091 = LINE('',#10092,#10093);
#10092 = CARTESIAN_POINT('',(4.,0.));
#10093 = VECTOR('',#10094,1.);
#10094 = DIRECTION('',(0.,1.));
#10095 = ( GEOMETRIC_REPRESENTATION_CONTEXT(2) 
PARAMETRIC_REPRESENTATION_CONTEXT() REPRESENTATION_CONTEXT('2D SPACE',''
  ) );
#10096 = PCURVE('',#9968,#10097);
#10097 = DEFINITIONAL_REPRESENTATION('',(#10098),#10102);
#10098 = LINE('',#10099,#10100);
#10099 = CARTESIAN_POINT('',(0.,1.2));
#10100 = VECTOR('',#10101,1.);
#10101 = DIRECTION('',(1.,0.));
#10102 = ( GEOMETRIC_REPRESENTATION_CONTEXT(2) 
PARAMETRIC_REPRESENTATION_CONTEXT() REPRESENTATION_CONTEXT('2D SPACE',''
  ) );
#10103 = ORIENTED_EDGE('',*,*,#10034,.F.);
#10104 = ADVANCED_FACE('',(#10105),#7530,.F.);
#10105 = FACE_BOUND('',#10106,.F.);
#10106 = EDGE_LOOP('',(#10107,#10130,#10131,#10154));
#10107 = ORIENTED_EDGE('',*,*,#10108,.F.);
#10108 = EDGE_CURVE('',#7513,#10109,#10111,.T.);
#10109 = VERTEX_POINT('',#10110);
#10110 = CARTESIAN_POINT('',(14.5,-13.,4.));
#10111 = SURFACE_CURVE('',#10112,(#10116,#10123),.PCURVE_S1.);
#10112 = LINE('',#10113,#10114);
#10113 = CARTESIAN_POINT('',(14.5,-13.,0.));
#10114 = VECTOR('',#10115,1.);
#10115 = DIRECTION('',(0.,0.,1.));
#10116 = PCURVE('',#7530,#10117);
#10117 = DEFINITIONAL_REPRESENTATION('',(#10118),#10122);
#10118 = LINE('',#10119,#10120);
#10119 = CARTESIAN_POINT('',(0.,0.));
#10120 = VECTOR('',#10121,1.);
#10121 = DIRECTION('',(1.,0.));
#10122 = ( GEOMETRIC_REPRESENTATION_CONTEXT(2) 
PARAMETRIC_REPRESENTATION_CONTEXT() REPRESENTATION_CONTEXT('2D SPACE',''
  ) );
#10123 = PCURVE('',#7612,#10124);
#10124 = DEFINITIONAL_REPRESENTATION('',(#10125),#10129);
#10125 = LINE('',#10126,#10127);
#10126 = CARTESIAN_POINT('',(0.,0.));
#10127 = VECTOR('',#10128,1.);
#10128 = DIRECTION('',(1.,0.));
#10129 = ( GEOMETRIC_REPRESENTATION_CONTEXT(2) 
PARAMETRIC_REPRESENTATION_CONTEXT() REPRESENTATION_CONTEXT('2D SPACE',''
  ) );
#10130 = ORIENTED_EDGE('',*,*,#7512,.T.);
#10131 = ORIENTED_EDGE('',*,*,#10132,.T.);
#10132 = EDGE_CURVE('',#7515,#10133,#10135,.T.);
#10133 = VERTEX_POINT('',#10134);
#10134 = CARTESIAN_POINT('',(14.5,1.,4.));
#10135 = SURFACE_CURVE('',#10136,(#10140,#10147),.PCURVE_S1.);
#10136 = LINE('',#10137,#10138);
#10137 = CARTESIAN_POINT('',(14.5,1.,0.));
#10138 = VECTOR('',#10139,1.);
#10139 = DIRECTION('',(0.,0.,1.));
#10140 = PCURVE('',#7530,#10141);
#10141 = DEFINITIONAL_REPRESENTATION('',(#10142),#10146);
#10142 = LINE('',#10143,#10144);
#10143 = CARTESIAN_POINT('',(0.,-14.));
#10144 = VECTOR('',#10145,1.);
#10145 = DIRECTION('',(1.,0.));
#10146 = ( GEOMETRIC_REPRESENTATION_CONTEXT(2) 
PARAMETRIC_REPRESENTATION_CONTEXT() REPRESENTATION_CONTEXT('2D SPACE',''
  ) );
#10147 = PCURVE('',#7558,#10148);
#10148 = DEFINITIONAL_REPRESENTATION('',(#10149),#10153);
#10149 = LINE('',#10150,#10151);
#10150 = CARTESIAN_POINT('',(0.,0.));
#10151 = VECTOR('',#10152,1.);
#10152 = DIRECTION('',(1.,0.));
#10153 = ( GEOMETRIC_REPRESENTATION_CONTEXT(2) 
PARAMETRIC_REPRESENTATION_CONTEXT() REPRESENTATION_CONTEXT('2D SPACE',''
  ) );
#10154 = ORIENTED_EDGE('',*,*,#10155,.F.);
#10155 = EDGE_CURVE('',#10109,#10133,#10156,.T.);
#10156 = SURFACE_CURVE('',#10157,(#10161,#10168),.PCURVE_S1.);
#10157 = LINE('',#10158,#10159);
#10158 = CARTESIAN_POINT('',(14.5,-13.,4.));
#10159 = VECTOR('',#10160,1.);
#10160 = DIRECTION('',(-0.,1.,0.));
#10161 = PCURVE('',#7530,#10162);
#10162 = DEFINITIONAL_REPRESENTATION('',(#10163),#10167);
#10163 = LINE('',#10164,#10165);
#10164 = CARTESIAN_POINT('',(4.,0.));
#10165 = VECTOR('',#10166,1.);
#10166 = DIRECTION('',(0.,-1.));
#10167 = ( GEOMETRIC_REPRESENTATION_CONTEXT(2) 
PARAMETRIC_REPRESENTATION_CONTEXT() REPRESENTATION_CONTEXT('2D SPACE',''
  ) );
#10168 = PCURVE('',#10169,#10174);
#10169 = PLANE('',#10170);
#10170 = AXIS2_PLACEMENT_3D('',#10171,#10172,#10173);
#10171 = CARTESIAN_POINT('',(14.5,-13.,4.));
#10172 = DIRECTION('',(0.,0.,1.));
#10173 = DIRECTION('',(1.,0.,-0.));
#10174 = DEFINITIONAL_REPRESENTATION('',(#10175),#10179);
#10175 = LINE('',#10176,#10177);
#10176 = CARTESIAN_POINT('',(0.,0.));
#10177 = VECTOR('',#10178,1.);
#10178 = DIRECTION('',(0.,1.));
#10179 = ( GEOMETRIC_REPRESENTATION_CONTEXT(2) 
PARAMETRIC_REPRESENTATION_CONTEXT() REPRESENTATION_CONTEXT('2D SPACE',''
  ) );
#10180 = ADVANCED_FACE('',(#10181),#7612,.F.);
#10181 = FACE_BOUND('',#10182,.F.);
#10182 = EDGE_LOOP('',(#10183,#10184,#10185,#10208));
#10183 = ORIENTED_EDGE('',*,*,#7598,.F.);
#10184 = ORIENTED_EDGE('',*,*,#10108,.T.);
#10185 = ORIENTED_EDGE('',*,*,#10186,.T.);
#10186 = EDGE_CURVE('',#10109,#10187,#10189,.T.);
#10187 = VERTEX_POINT('',#10188);
#10188 = CARTESIAN_POINT('',(15.7,-13.,4.));
#10189 = SURFACE_CURVE('',#10190,(#10194,#10201),.PCURVE_S1.);
#10190 = LINE('',#10191,#10192);
#10191 = CARTESIAN_POINT('',(14.5,-13.,4.));
#10192 = VECTOR('',#10193,1.);
#10193 = DIRECTION('',(1.,0.,-0.));
#10194 = PCURVE('',#7612,#10195);
#10195 = DEFINITIONAL_REPRESENTATION('',(#10196),#10200);
#10196 = LINE('',#10197,#10198);
#10197 = CARTESIAN_POINT('',(4.,0.));
#10198 = VECTOR('',#10199,1.);
#10199 = DIRECTION('',(0.,1.));
#10200 = ( GEOMETRIC_REPRESENTATION_CONTEXT(2) 
PARAMETRIC_REPRESENTATION_CONTEXT() REPRESENTATION_CONTEXT('2D SPACE',''
  ) );
#10201 = PCURVE('',#10169,#10202);
#10202 = DEFINITIONAL_REPRESENTATION('',(#10203),#10207);
#10203 = LINE('',#10204,#10205);
#10204 = CARTESIAN_POINT('',(0.,0.));
#10205 = VECTOR('',#10206,1.);
#10206 = DIRECTION('',(1.,0.));
#10207 = ( GEOMETRIC_REPRESENTATION_CONTEXT(2) 
PARAMETRIC_REPRESENTATION_CONTEXT() REPRESENTATION_CONTEXT('2D SPACE',''
  ) );
#10208 = ORIENTED_EDGE('',*,*,#10209,.F.);
#10209 = EDGE_CURVE('',#7571,#10187,#10210,.T.);
#10210 = SURFACE_CURVE('',#10211,(#10215,#10222),.PCURVE_S1.);
#10211 = LINE('',#10212,#10213);
#10212 = CARTESIAN_POINT('',(15.7,-13.,0.));
#10213 = VECTOR('',#10214,1.);
#10214 = DIRECTION('',(0.,0.,1.));
#10215 = PCURVE('',#7612,#10216);
#10216 = DEFINITIONAL_REPRESENTATION('',(#10217),#10221);
#10217 = LINE('',#10218,#10219);
#10218 = CARTESIAN_POINT('',(0.,1.2));
#10219 = VECTOR('',#10220,1.);
#10220 = DIRECTION('',(1.,0.));
#10221 = ( GEOMETRIC_REPRESENTATION_CONTEXT(2) 
PARAMETRIC_REPRESENTATION_CONTEXT() REPRESENTATION_CONTEXT('2D SPACE',''
  ) );
#10222 = PCURVE('',#7586,#10223);
#10223 = DEFINITIONAL_REPRESENTATION('',(#10224),#10228);
#10224 = LINE('',#10225,#10226);
#10225 = CARTESIAN_POINT('',(0.,0.));
#10226 = VECTOR('',#10227,1.);
#10227 = DIRECTION('',(1.,0.));
#10228 = ( GEOMETRIC_REPRESENTATION_CONTEXT(2) 
PARAMETRIC_REPRESENTATION_CONTEXT() REPRESENTATION_CONTEXT('2D SPACE',''
  ) );
#10229 = ADVANCED_FACE('',(#10230),#7586,.T.);
#10230 = FACE_BOUND('',#10231,.T.);
#10231 = EDGE_LOOP('',(#10232,#10233,#10234,#10257));
#10232 = ORIENTED_EDGE('',*,*,#10209,.F.);
#10233 = ORIENTED_EDGE('',*,*,#7570,.T.);
#10234 = ORIENTED_EDGE('',*,*,#10235,.T.);
#10235 = EDGE_CURVE('',#7543,#10236,#10238,.T.);
#10236 = VERTEX_POINT('',#10237);
#10237 = CARTESIAN_POINT('',(15.7,1.,4.));
#10238 = SURFACE_CURVE('',#10239,(#10243,#10250),.PCURVE_S1.);
#10239 = LINE('',#10240,#10241);
#10240 = CARTESIAN_POINT('',(15.7,1.,0.));
#10241 = VECTOR('',#10242,1.);
#10242 = DIRECTION('',(0.,0.,1.));
#10243 = PCURVE('',#7586,#10244);
#10244 = DEFINITIONAL_REPRESENTATION('',(#10245),#10249);
#10245 = LINE('',#10246,#10247);
#10246 = CARTESIAN_POINT('',(0.,-14.));
#10247 = VECTOR('',#10248,1.);
#10248 = DIRECTION('',(1.,0.));
#10249 = ( GEOMETRIC_REPRESENTATION_CONTEXT(2) 
PARAMETRIC_REPRESENTATION_CONTEXT() REPRESENTATION_CONTEXT('2D SPACE',''
  ) );
#10250 = PCURVE('',#7558,#10251);
#10251 = DEFINITIONAL_REPRESENTATION('',(#10252),#10256);
#10252 = LINE('',#10253,#10254);
#10253 = CARTESIAN_POINT('',(0.,1.2));
#10254 = VECTOR('',#10255,1.);
#10255 = DIRECTION('',(1.,0.));
#10256 = ( GEOMETRIC_REPRESENTATION_CONTEXT(2) 
PARAMETRIC_REPRESENTATION_CONTEXT() REPRESENTATION_CONTEXT('2D SPACE',''
  ) );
#10257 = ORIENTED_EDGE('',*,*,#10258,.F.);
#10258 = EDGE_CURVE('',#10187,#10236,#10259,.T.);
#10259 = SURFACE_CURVE('',#10260,(#10264,#10271),.PCURVE_S1.);
#10260 = LINE('',#10261,#10262);
#10261 = CARTESIAN_POINT('',(15.7,-13.,4.));
#10262 = VECTOR('',#10263,1.);
#10263 = DIRECTION('',(-0.,1.,0.));
#10264 = PCURVE('',#7586,#10265);
#10265 = DEFINITIONAL_REPRESENTATION('',(#10266),#10270);
#10266 = LINE('',#10267,#10268);
#10267 = CARTESIAN_POINT('',(4.,0.));
#10268 = VECTOR('',#10269,1.);
#10269 = DIRECTION('',(0.,-1.));
#10270 = ( GEOMETRIC_REPRESENTATION_CONTEXT(2) 
PARAMETRIC_REPRESENTATION_CONTEXT() REPRESENTATION_CONTEXT('2D SPACE',''
  ) );
#10271 = PCURVE('',#10169,#10272);
#10272 = DEFINITIONAL_REPRESENTATION('',(#10273),#10277);
#10273 = LINE('',#10274,#10275);
#10274 = CARTESIAN_POINT('',(1.2,0.));
#10275 = VECTOR('',#10276,1.);
#10276 = DIRECTION('',(0.,1.));
#10277 = ( GEOMETRIC_REPRESENTATION_CONTEXT(2) 
PARAMETRIC_REPRESENTATION_CONTEXT() REPRESENTATION_CONTEXT('2D SPACE',''
  ) );
#10278 = ADVANCED_FACE('',(#10279),#7558,.T.);
#10279 = FACE_BOUND('',#10280,.T.);
#10280 = EDGE_LOOP('',(#10281,#10282,#10283,#10304));
#10281 = ORIENTED_EDGE('',*,*,#7542,.F.);
#10282 = ORIENTED_EDGE('',*,*,#10132,.T.);
#10283 = ORIENTED_EDGE('',*,*,#10284,.T.);
#10284 = EDGE_CURVE('',#10133,#10236,#10285,.T.);
#10285 = SURFACE_CURVE('',#10286,(#10290,#10297),.PCURVE_S1.);
#10286 = LINE('',#10287,#10288);
#10287 = CARTESIAN_POINT('',(14.5,1.,4.));
#10288 = VECTOR('',#10289,1.);
#10289 = DIRECTION('',(1.,0.,-0.));
#10290 = PCURVE('',#7558,#10291);
#10291 = DEFINITIONAL_REPRESENTATION('',(#10292),#10296);
#10292 = LINE('',#10293,#10294);
#10293 = CARTESIAN_POINT('',(4.,0.));
#10294 = VECTOR('',#10295,1.);
#10295 = DIRECTION('',(0.,1.));
#10296 = ( GEOMETRIC_REPRESENTATION_CONTEXT(2) 
PARAMETRIC_REPRESENTATION_CONTEXT() REPRESENTATION_CONTEXT('2D SPACE',''
  ) );
#10297 = PCURVE('',#10169,#10298);
#10298 = DEFINITIONAL_REPRESENTATION('',(#10299),#10303);
#10299 = LINE('',#10300,#10301);
#10300 = CARTESIAN_POINT('',(0.,14.));
#10301 = VECTOR('',#10302,1.);
#10302 = DIRECTION('',(1.,0.));
#10303 = ( GEOMETRIC_REPRESENTATION_CONTEXT(2) 
PARAMETRIC_REPRESENTATION_CONTEXT() REPRESENTATION_CONTEXT('2D SPACE',''
  ) );
#10304 = ORIENTED_EDGE('',*,*,#10235,.F.);
#10305 = ADVANCED_FACE('',(#10306),#7644,.F.);
#10306 = FACE_BOUND('',#10307,.F.);
#10307 = EDGE_LOOP('',(#10308,#10331,#10332,#10355,#10383,#10411,#10439,
    #10467,#10494));
#10308 = ORIENTED_EDGE('',*,*,#10309,.F.);
#10309 = EDGE_CURVE('',#7627,#10310,#10312,.T.);
#10310 = VERTEX_POINT('',#10311);
#10311 = CARTESIAN_POINT('',(-16.35,19.75,5.8));
#10312 = SURFACE_CURVE('',#10313,(#10317,#10324),.PCURVE_S1.);
#10313 = LINE('',#10314,#10315);
#10314 = CARTESIAN_POINT('',(-16.35,19.75,0.));
#10315 = VECTOR('',#10316,1.);
#10316 = DIRECTION('',(0.,0.,1.));
#10317 = PCURVE('',#7644,#10318);
#10318 = DEFINITIONAL_REPRESENTATION('',(#10319),#10323);
#10319 = LINE('',#10320,#10321);
#10320 = CARTESIAN_POINT('',(0.,0.));
#10321 = VECTOR('',#10322,1.);
#10322 = DIRECTION('',(1.,0.));
#10323 = ( GEOMETRIC_REPRESENTATION_CONTEXT(2) 
PARAMETRIC_REPRESENTATION_CONTEXT() REPRESENTATION_CONTEXT('2D SPACE',''
  ) );
#10324 = PCURVE('',#7726,#10325);
#10325 = DEFINITIONAL_REPRESENTATION('',(#10326),#10330);
#10326 = LINE('',#10327,#10328);
#10327 = CARTESIAN_POINT('',(0.,0.));
#10328 = VECTOR('',#10329,1.);
#10329 = DIRECTION('',(1.,0.));
#10330 = ( GEOMETRIC_REPRESENTATION_CONTEXT(2) 
PARAMETRIC_REPRESENTATION_CONTEXT() REPRESENTATION_CONTEXT('2D SPACE',''
  ) );
#10331 = ORIENTED_EDGE('',*,*,#7626,.T.);
#10332 = ORIENTED_EDGE('',*,*,#10333,.F.);
#10333 = EDGE_CURVE('',#10334,#7629,#10336,.T.);
#10334 = VERTEX_POINT('',#10335);
#10335 = CARTESIAN_POINT('',(-16.35,21.35,13.55));
#10336 = SURFACE_CURVE('',#10337,(#10341,#10348),.PCURVE_S1.);
#10337 = LINE('',#10338,#10339);
#10338 = CARTESIAN_POINT('',(-16.35,21.35,13.55));
#10339 = VECTOR('',#10340,1.);
#10340 = DIRECTION('',(0.,0.,-1.));
#10341 = PCURVE('',#7644,#10342);
#10342 = DEFINITIONAL_REPRESENTATION('',(#10343),#10347);
#10343 = LINE('',#10344,#10345);
#10344 = CARTESIAN_POINT('',(13.55,-1.6));
#10345 = VECTOR('',#10346,1.);
#10346 = DIRECTION('',(-1.,0.));
#10347 = ( GEOMETRIC_REPRESENTATION_CONTEXT(2) 
PARAMETRIC_REPRESENTATION_CONTEXT() REPRESENTATION_CONTEXT('2D SPACE',''
  ) );
#10348 = PCURVE('',#7672,#10349);
#10349 = DEFINITIONAL_REPRESENTATION('',(#10350),#10354);
#10350 = LINE('',#10351,#10352);
#10351 = CARTESIAN_POINT('',(13.55,0.));
#10352 = VECTOR('',#10353,1.);
#10353 = DIRECTION('',(-1.,0.));
#10354 = ( GEOMETRIC_REPRESENTATION_CONTEXT(2) 
PARAMETRIC_REPRESENTATION_CONTEXT() REPRESENTATION_CONTEXT('2D SPACE',''
  ) );
#10355 = ORIENTED_EDGE('',*,*,#10356,.F.);
#10356 = EDGE_CURVE('',#10357,#10334,#10359,.T.);
#10357 = VERTEX_POINT('',#10358);
#10358 = CARTESIAN_POINT('',(-16.35,19.75,13.55));
#10359 = SURFACE_CURVE('',#10360,(#10364,#10371),.PCURVE_S1.);
#10360 = LINE('',#10361,#10362);
#10361 = CARTESIAN_POINT('',(-16.35,19.75,13.55));
#10362 = VECTOR('',#10363,1.);
#10363 = DIRECTION('',(-0.,1.,0.));
#10364 = PCURVE('',#7644,#10365);
#10365 = DEFINITIONAL_REPRESENTATION('',(#10366),#10370);
#10366 = LINE('',#10367,#10368);
#10367 = CARTESIAN_POINT('',(13.55,0.));
#10368 = VECTOR('',#10369,1.);
#10369 = DIRECTION('',(0.,-1.));
#10370 = ( GEOMETRIC_REPRESENTATION_CONTEXT(2) 
PARAMETRIC_REPRESENTATION_CONTEXT() REPRESENTATION_CONTEXT('2D SPACE',''
  ) );
#10371 = PCURVE('',#10372,#10377);
#10372 = PLANE('',#10373);
#10373 = AXIS2_PLACEMENT_3D('',#10374,#10375,#10376);
#10374 = CARTESIAN_POINT('',(-16.35,19.75,13.55));
#10375 = DIRECTION('',(0.,0.,1.));
#10376 = DIRECTION('',(1.,0.,-0.));
#10377 = DEFINITIONAL_REPRESENTATION('',(#10378),#10382);
#10378 = LINE('',#10379,#10380);
#10379 = CARTESIAN_POINT('',(0.,0.));
#10380 = VECTOR('',#10381,1.);
#10381 = DIRECTION('',(0.,1.));
#10382 = ( GEOMETRIC_REPRESENTATION_CONTEXT(2) 
PARAMETRIC_REPRESENTATION_CONTEXT() REPRESENTATION_CONTEXT('2D SPACE',''
  ) );
#10383 = ORIENTED_EDGE('',*,*,#10384,.F.);
#10384 = EDGE_CURVE('',#10385,#10357,#10387,.T.);
#10385 = VERTEX_POINT('',#10386);
#10386 = CARTESIAN_POINT('',(-16.35,19.75,7.5));
#10387 = SURFACE_CURVE('',#10388,(#10392,#10399),.PCURVE_S1.);
#10388 = LINE('',#10389,#10390);
#10389 = CARTESIAN_POINT('',(-16.35,19.75,7.5));
#10390 = VECTOR('',#10391,1.);
#10391 = DIRECTION('',(0.,0.,1.));
#10392 = PCURVE('',#7644,#10393);
#10393 = DEFINITIONAL_REPRESENTATION('',(#10394),#10398);
#10394 = LINE('',#10395,#10396);
#10395 = CARTESIAN_POINT('',(7.5,0.));
#10396 = VECTOR('',#10397,1.);
#10397 = DIRECTION('',(1.,0.));
#10398 = ( GEOMETRIC_REPRESENTATION_CONTEXT(2) 
PARAMETRIC_REPRESENTATION_CONTEXT() REPRESENTATION_CONTEXT('2D SPACE',''
  ) );
#10399 = PCURVE('',#10400,#10405);
#10400 = PLANE('',#10401);
#10401 = AXIS2_PLACEMENT_3D('',#10402,#10403,#10404);
#10402 = CARTESIAN_POINT('',(-16.35,19.75,7.5));
#10403 = DIRECTION('',(-0.,1.,0.));
#10404 = DIRECTION('',(0.,0.,1.));
#10405 = DEFINITIONAL_REPRESENTATION('',(#10406),#10410);
#10406 = LINE('',#10407,#10408);
#10407 = CARTESIAN_POINT('',(0.,0.));
#10408 = VECTOR('',#10409,1.);
#10409 = DIRECTION('',(1.,0.));
#10410 = ( GEOMETRIC_REPRESENTATION_CONTEXT(2) 
PARAMETRIC_REPRESENTATION_CONTEXT() REPRESENTATION_CONTEXT('2D SPACE',''
  ) );
#10411 = ORIENTED_EDGE('',*,*,#10412,.F.);
#10412 = EDGE_CURVE('',#10413,#10385,#10415,.T.);
#10413 = VERTEX_POINT('',#10414);
#10414 = CARTESIAN_POINT('',(-16.35,17.05,7.5));
#10415 = SURFACE_CURVE('',#10416,(#10420,#10427),.PCURVE_S1.);
#10416 = LINE('',#10417,#10418);
#10417 = CARTESIAN_POINT('',(-16.35,17.05,7.5));
#10418 = VECTOR('',#10419,1.);
#10419 = DIRECTION('',(0.,1.,-2.065531208605E-16));
#10420 = PCURVE('',#7644,#10421);
#10421 = DEFINITIONAL_REPRESENTATION('',(#10422),#10426);
#10422 = LINE('',#10423,#10424);
#10423 = CARTESIAN_POINT('',(7.5,2.7));
#10424 = VECTOR('',#10425,1.);
#10425 = DIRECTION('',(-2.065531208605E-16,-1.));
#10426 = ( GEOMETRIC_REPRESENTATION_CONTEXT(2) 
PARAMETRIC_REPRESENTATION_CONTEXT() REPRESENTATION_CONTEXT('2D SPACE',''
  ) );
#10427 = PCURVE('',#10428,#10433);
#10428 = PLANE('',#10429);
#10429 = AXIS2_PLACEMENT_3D('',#10430,#10431,#10432);
#10430 = CARTESIAN_POINT('',(-16.35,19.75,7.5));
#10431 = DIRECTION('',(0.,0.,1.));
#10432 = DIRECTION('',(1.,0.,-0.));
#10433 = DEFINITIONAL_REPRESENTATION('',(#10434),#10438);
#10434 = LINE('',#10435,#10436);
#10435 = CARTESIAN_POINT('',(0.,-2.7));
#10436 = VECTOR('',#10437,1.);
#10437 = DIRECTION('',(0.,1.));
#10438 = ( GEOMETRIC_REPRESENTATION_CONTEXT(2) 
PARAMETRIC_REPRESENTATION_CONTEXT() REPRESENTATION_CONTEXT('2D SPACE',''
  ) );
#10439 = ORIENTED_EDGE('',*,*,#10440,.F.);
#10440 = EDGE_CURVE('',#10441,#10413,#10443,.T.);
#10441 = VERTEX_POINT('',#10442);
#10442 = CARTESIAN_POINT('',(-16.35,17.05,6.9));
#10443 = SURFACE_CURVE('',#10444,(#10448,#10455),.PCURVE_S1.);
#10444 = LINE('',#10445,#10446);
#10445 = CARTESIAN_POINT('',(-16.35,17.05,5.8));
#10446 = VECTOR('',#10447,1.);
#10447 = DIRECTION('',(0.,0.,1.));
#10448 = PCURVE('',#7644,#10449);
#10449 = DEFINITIONAL_REPRESENTATION('',(#10450),#10454);
#10450 = LINE('',#10451,#10452);
#10451 = CARTESIAN_POINT('',(5.8,2.7));
#10452 = VECTOR('',#10453,1.);
#10453 = DIRECTION('',(1.,0.));
#10454 = ( GEOMETRIC_REPRESENTATION_CONTEXT(2) 
PARAMETRIC_REPRESENTATION_CONTEXT() REPRESENTATION_CONTEXT('2D SPACE',''
  ) );
#10455 = PCURVE('',#10456,#10461);
#10456 = PLANE('',#10457);
#10457 = AXIS2_PLACEMENT_3D('',#10458,#10459,#10460);
#10458 = CARTESIAN_POINT('',(-16.35,17.05,5.8));
#10459 = DIRECTION('',(-0.,1.,0.));
#10460 = DIRECTION('',(0.,0.,1.));
#10461 = DEFINITIONAL_REPRESENTATION('',(#10462),#10466);
#10462 = LINE('',#10463,#10464);
#10463 = CARTESIAN_POINT('',(0.,0.));
#10464 = VECTOR('',#10465,1.);
#10465 = DIRECTION('',(1.,0.));
#10466 = ( GEOMETRIC_REPRESENTATION_CONTEXT(2) 
PARAMETRIC_REPRESENTATION_CONTEXT() REPRESENTATION_CONTEXT('2D SPACE',''
  ) );
#10467 = ORIENTED_EDGE('',*,*,#10468,.F.);
#10468 = EDGE_CURVE('',#10469,#10441,#10471,.T.);
#10469 = VERTEX_POINT('',#10470);
#10470 = CARTESIAN_POINT('',(-16.35,18.15,5.8));
#10471 = SURFACE_CURVE('',#10472,(#10476,#10483),.PCURVE_S1.);
#10472 = LINE('',#10473,#10474);
#10473 = CARTESIAN_POINT('',(-16.35,17.875,6.075));
#10474 = VECTOR('',#10475,1.);
#10475 = DIRECTION('',(0.,-0.707106781187,0.707106781187));
#10476 = PCURVE('',#7644,#10477);
#10477 = DEFINITIONAL_REPRESENTATION('',(#10478),#10482);
#10478 = LINE('',#10479,#10480);
#10479 = CARTESIAN_POINT('',(6.075,1.875));
#10480 = VECTOR('',#10481,1.);
#10481 = DIRECTION('',(0.707106781187,0.707106781187));
#10482 = ( GEOMETRIC_REPRESENTATION_CONTEXT(2) 
PARAMETRIC_REPRESENTATION_CONTEXT() REPRESENTATION_CONTEXT('2D SPACE',''
  ) );
#10483 = PCURVE('',#10484,#10489);
#10484 = PLANE('',#10485);
#10485 = AXIS2_PLACEMENT_3D('',#10486,#10487,#10488);
#10486 = CARTESIAN_POINT('',(-13.175,18.15,5.8));
#10487 = DIRECTION('',(-0.,0.707106781187,0.707106781187));
#10488 = DIRECTION('',(0.,-0.707106781187,0.707106781187));
#10489 = DEFINITIONAL_REPRESENTATION('',(#10490),#10493);
#10490 = B_SPLINE_CURVE_WITH_KNOTS('',1,(#10491,#10492),.UNSPECIFIED.,
  .F.,.F.,(2,2),(-0.388908729653,1.166726188958),
  .PIECEWISE_BEZIER_KNOTS.);
#10491 = CARTESIAN_POINT('',(0.,-3.175));
#10492 = CARTESIAN_POINT('',(1.55563491861,-3.175));
#10493 = ( GEOMETRIC_REPRESENTATION_CONTEXT(2) 
PARAMETRIC_REPRESENTATION_CONTEXT() REPRESENTATION_CONTEXT('2D SPACE',''
  ) );
#10494 = ORIENTED_EDGE('',*,*,#10495,.T.);
#10495 = EDGE_CURVE('',#10469,#10310,#10496,.T.);
#10496 = SURFACE_CURVE('',#10497,(#10501,#10508),.PCURVE_S1.);
#10497 = LINE('',#10498,#10499);
#10498 = CARTESIAN_POINT('',(-16.35,17.05,5.8));
#10499 = VECTOR('',#10500,1.);
#10500 = DIRECTION('',(-0.,1.,0.));
#10501 = PCURVE('',#7644,#10502);
#10502 = DEFINITIONAL_REPRESENTATION('',(#10503),#10507);
#10503 = LINE('',#10504,#10505);
#10504 = CARTESIAN_POINT('',(5.8,2.7));
#10505 = VECTOR('',#10506,1.);
#10506 = DIRECTION('',(0.,-1.));
#10507 = ( GEOMETRIC_REPRESENTATION_CONTEXT(2) 
PARAMETRIC_REPRESENTATION_CONTEXT() REPRESENTATION_CONTEXT('2D SPACE',''
  ) );
#10508 = PCURVE('',#10509,#10514);
#10509 = PLANE('',#10510);
#10510 = AXIS2_PLACEMENT_3D('',#10511,#10512,#10513);
#10511 = CARTESIAN_POINT('',(-16.35,17.05,5.8));
#10512 = DIRECTION('',(0.,0.,1.));
#10513 = DIRECTION('',(1.,0.,-0.));
#10514 = DEFINITIONAL_REPRESENTATION('',(#10515),#10519);
#10515 = LINE('',#10516,#10517);
#10516 = CARTESIAN_POINT('',(0.,0.));
#10517 = VECTOR('',#10518,1.);
#10518 = DIRECTION('',(0.,1.));
#10519 = ( GEOMETRIC_REPRESENTATION_CONTEXT(2) 
PARAMETRIC_REPRESENTATION_CONTEXT() REPRESENTATION_CONTEXT('2D SPACE',''
  ) );
#10520 = ADVANCED_FACE('',(#10521),#7726,.F.);
#10521 = FACE_BOUND('',#10522,.F.);
#10522 = EDGE_LOOP('',(#10523,#10546,#10547,#10548));
#10523 = ORIENTED_EDGE('',*,*,#10524,.F.);
#10524 = EDGE_CURVE('',#7685,#10525,#10527,.T.);
#10525 = VERTEX_POINT('',#10526);
#10526 = CARTESIAN_POINT('',(-10.,19.75,5.8));
#10527 = SURFACE_CURVE('',#10528,(#10532,#10539),.PCURVE_S1.);
#10528 = LINE('',#10529,#10530);
#10529 = CARTESIAN_POINT('',(-10.,19.75,0.));
#10530 = VECTOR('',#10531,1.);
#10531 = DIRECTION('',(0.,0.,1.));
#10532 = PCURVE('',#7726,#10533);
#10533 = DEFINITIONAL_REPRESENTATION('',(#10534),#10538);
#10534 = LINE('',#10535,#10536);
#10535 = CARTESIAN_POINT('',(0.,6.35));
#10536 = VECTOR('',#10537,1.);
#10537 = DIRECTION('',(1.,0.));
#10538 = ( GEOMETRIC_REPRESENTATION_CONTEXT(2) 
PARAMETRIC_REPRESENTATION_CONTEXT() REPRESENTATION_CONTEXT('2D SPACE',''
  ) );
#10539 = PCURVE('',#7700,#10540);
#10540 = DEFINITIONAL_REPRESENTATION('',(#10541),#10545);
#10541 = LINE('',#10542,#10543);
#10542 = CARTESIAN_POINT('',(0.,0.));
#10543 = VECTOR('',#10544,1.);
#10544 = DIRECTION('',(1.,0.));
#10545 = ( GEOMETRIC_REPRESENTATION_CONTEXT(2) 
PARAMETRIC_REPRESENTATION_CONTEXT() REPRESENTATION_CONTEXT('2D SPACE',''
  ) );
#10546 = ORIENTED_EDGE('',*,*,#7712,.F.);
#10547 = ORIENTED_EDGE('',*,*,#10309,.T.);
#10548 = ORIENTED_EDGE('',*,*,#10549,.T.);
#10549 = EDGE_CURVE('',#10310,#10525,#10550,.T.);
#10550 = SURFACE_CURVE('',#10551,(#10555,#10562),.PCURVE_S1.);
#10551 = LINE('',#10552,#10553);
#10552 = CARTESIAN_POINT('',(-16.35,19.75,5.8));
#10553 = VECTOR('',#10554,1.);
#10554 = DIRECTION('',(1.,0.,-0.));
#10555 = PCURVE('',#7726,#10556);
#10556 = DEFINITIONAL_REPRESENTATION('',(#10557),#10561);
#10557 = LINE('',#10558,#10559);
#10558 = CARTESIAN_POINT('',(5.8,0.));
#10559 = VECTOR('',#10560,1.);
#10560 = DIRECTION('',(0.,1.));
#10561 = ( GEOMETRIC_REPRESENTATION_CONTEXT(2) 
PARAMETRIC_REPRESENTATION_CONTEXT() REPRESENTATION_CONTEXT('2D SPACE',''
  ) );
#10562 = PCURVE('',#10509,#10563);
#10563 = DEFINITIONAL_REPRESENTATION('',(#10564),#10568);
#10564 = LINE('',#10565,#10566);
#10565 = CARTESIAN_POINT('',(0.,2.7));
#10566 = VECTOR('',#10567,1.);
#10567 = DIRECTION('',(1.,0.));
#10568 = ( GEOMETRIC_REPRESENTATION_CONTEXT(2) 
PARAMETRIC_REPRESENTATION_CONTEXT() REPRESENTATION_CONTEXT('2D SPACE',''
  ) );
#10569 = ADVANCED_FACE('',(#10570),#7700,.T.);
#10570 = FACE_BOUND('',#10571,.T.);
#10571 = EDGE_LOOP('',(#10572,#10573,#10574,#10597,#10620,#10643,#10666,
    #10689,#10711));
#10572 = ORIENTED_EDGE('',*,*,#10524,.F.);
#10573 = ORIENTED_EDGE('',*,*,#7684,.T.);
#10574 = ORIENTED_EDGE('',*,*,#10575,.F.);
#10575 = EDGE_CURVE('',#10576,#7657,#10578,.T.);
#10576 = VERTEX_POINT('',#10577);
#10577 = CARTESIAN_POINT('',(-10.,21.35,13.55));
#10578 = SURFACE_CURVE('',#10579,(#10583,#10590),.PCURVE_S1.);
#10579 = LINE('',#10580,#10581);
#10580 = CARTESIAN_POINT('',(-10.,21.35,13.55));
#10581 = VECTOR('',#10582,1.);
#10582 = DIRECTION('',(0.,0.,-1.));
#10583 = PCURVE('',#7700,#10584);
#10584 = DEFINITIONAL_REPRESENTATION('',(#10585),#10589);
#10585 = LINE('',#10586,#10587);
#10586 = CARTESIAN_POINT('',(13.55,-1.6));
#10587 = VECTOR('',#10588,1.);
#10588 = DIRECTION('',(-1.,0.));
#10589 = ( GEOMETRIC_REPRESENTATION_CONTEXT(2) 
PARAMETRIC_REPRESENTATION_CONTEXT() REPRESENTATION_CONTEXT('2D SPACE',''
  ) );
#10590 = PCURVE('',#7672,#10591);
#10591 = DEFINITIONAL_REPRESENTATION('',(#10592),#10596);
#10592 = LINE('',#10593,#10594);
#10593 = CARTESIAN_POINT('',(13.55,6.35));
#10594 = VECTOR('',#10595,1.);
#10595 = DIRECTION('',(-1.,0.));
#10596 = ( GEOMETRIC_REPRESENTATION_CONTEXT(2) 
PARAMETRIC_REPRESENTATION_CONTEXT() REPRESENTATION_CONTEXT('2D SPACE',''
  ) );
#10597 = ORIENTED_EDGE('',*,*,#10598,.F.);
#10598 = EDGE_CURVE('',#10599,#10576,#10601,.T.);
#10599 = VERTEX_POINT('',#10600);
#10600 = CARTESIAN_POINT('',(-10.,19.75,13.55));
#10601 = SURFACE_CURVE('',#10602,(#10606,#10613),.PCURVE_S1.);
#10602 = LINE('',#10603,#10604);
#10603 = CARTESIAN_POINT('',(-10.,19.75,13.55));
#10604 = VECTOR('',#10605,1.);
#10605 = DIRECTION('',(-0.,1.,0.));
#10606 = PCURVE('',#7700,#10607);
#10607 = DEFINITIONAL_REPRESENTATION('',(#10608),#10612);
#10608 = LINE('',#10609,#10610);
#10609 = CARTESIAN_POINT('',(13.55,0.));
#10610 = VECTOR('',#10611,1.);
#10611 = DIRECTION('',(0.,-1.));
#10612 = ( GEOMETRIC_REPRESENTATION_CONTEXT(2) 
PARAMETRIC_REPRESENTATION_CONTEXT() REPRESENTATION_CONTEXT('2D SPACE',''
  ) );
#10613 = PCURVE('',#10372,#10614);
#10614 = DEFINITIONAL_REPRESENTATION('',(#10615),#10619);
#10615 = LINE('',#10616,#10617);
#10616 = CARTESIAN_POINT('',(6.35,0.));
#10617 = VECTOR('',#10618,1.);
#10618 = DIRECTION('',(0.,1.));
#10619 = ( GEOMETRIC_REPRESENTATION_CONTEXT(2) 
PARAMETRIC_REPRESENTATION_CONTEXT() REPRESENTATION_CONTEXT('2D SPACE',''
  ) );
#10620 = ORIENTED_EDGE('',*,*,#10621,.F.);
#10621 = EDGE_CURVE('',#10622,#10599,#10624,.T.);
#10622 = VERTEX_POINT('',#10623);
#10623 = CARTESIAN_POINT('',(-10.,19.75,7.5));
#10624 = SURFACE_CURVE('',#10625,(#10629,#10636),.PCURVE_S1.);
#10625 = LINE('',#10626,#10627);
#10626 = CARTESIAN_POINT('',(-10.,19.75,7.5));
#10627 = VECTOR('',#10628,1.);
#10628 = DIRECTION('',(0.,0.,1.));
#10629 = PCURVE('',#7700,#10630);
#10630 = DEFINITIONAL_REPRESENTATION('',(#10631),#10635);
#10631 = LINE('',#10632,#10633);
#10632 = CARTESIAN_POINT('',(7.5,0.));
#10633 = VECTOR('',#10634,1.);
#10634 = DIRECTION('',(1.,0.));
#10635 = ( GEOMETRIC_REPRESENTATION_CONTEXT(2) 
PARAMETRIC_REPRESENTATION_CONTEXT() REPRESENTATION_CONTEXT('2D SPACE',''
  ) );
#10636 = PCURVE('',#10400,#10637);
#10637 = DEFINITIONAL_REPRESENTATION('',(#10638),#10642);
#10638 = LINE('',#10639,#10640);
#10639 = CARTESIAN_POINT('',(0.,6.35));
#10640 = VECTOR('',#10641,1.);
#10641 = DIRECTION('',(1.,0.));
#10642 = ( GEOMETRIC_REPRESENTATION_CONTEXT(2) 
PARAMETRIC_REPRESENTATION_CONTEXT() REPRESENTATION_CONTEXT('2D SPACE',''
  ) );
#10643 = ORIENTED_EDGE('',*,*,#10644,.F.);
#10644 = EDGE_CURVE('',#10645,#10622,#10647,.T.);
#10645 = VERTEX_POINT('',#10646);
#10646 = CARTESIAN_POINT('',(-10.,17.05,7.5));
#10647 = SURFACE_CURVE('',#10648,(#10652,#10659),.PCURVE_S1.);
#10648 = LINE('',#10649,#10650);
#10649 = CARTESIAN_POINT('',(-10.,17.05,7.5));
#10650 = VECTOR('',#10651,1.);
#10651 = DIRECTION('',(0.,1.,-2.065531208605E-16));
#10652 = PCURVE('',#7700,#10653);
#10653 = DEFINITIONAL_REPRESENTATION('',(#10654),#10658);
#10654 = LINE('',#10655,#10656);
#10655 = CARTESIAN_POINT('',(7.5,2.7));
#10656 = VECTOR('',#10657,1.);
#10657 = DIRECTION('',(-2.065531208605E-16,-1.));
#10658 = ( GEOMETRIC_REPRESENTATION_CONTEXT(2) 
PARAMETRIC_REPRESENTATION_CONTEXT() REPRESENTATION_CONTEXT('2D SPACE',''
  ) );
#10659 = PCURVE('',#10428,#10660);
#10660 = DEFINITIONAL_REPRESENTATION('',(#10661),#10665);
#10661 = LINE('',#10662,#10663);
#10662 = CARTESIAN_POINT('',(6.35,-2.7));
#10663 = VECTOR('',#10664,1.);
#10664 = DIRECTION('',(0.,1.));
#10665 = ( GEOMETRIC_REPRESENTATION_CONTEXT(2) 
PARAMETRIC_REPRESENTATION_CONTEXT() REPRESENTATION_CONTEXT('2D SPACE',''
  ) );
#10666 = ORIENTED_EDGE('',*,*,#10667,.F.);
#10667 = EDGE_CURVE('',#10668,#10645,#10670,.T.);
#10668 = VERTEX_POINT('',#10669);
#10669 = CARTESIAN_POINT('',(-10.,17.05,6.9));
#10670 = SURFACE_CURVE('',#10671,(#10675,#10682),.PCURVE_S1.);
#10671 = LINE('',#10672,#10673);
#10672 = CARTESIAN_POINT('',(-10.,17.05,5.8));
#10673 = VECTOR('',#10674,1.);
#10674 = DIRECTION('',(0.,0.,1.));
#10675 = PCURVE('',#7700,#10676);
#10676 = DEFINITIONAL_REPRESENTATION('',(#10677),#10681);
#10677 = LINE('',#10678,#10679);
#10678 = CARTESIAN_POINT('',(5.8,2.7));
#10679 = VECTOR('',#10680,1.);
#10680 = DIRECTION('',(1.,0.));
#10681 = ( GEOMETRIC_REPRESENTATION_CONTEXT(2) 
PARAMETRIC_REPRESENTATION_CONTEXT() REPRESENTATION_CONTEXT('2D SPACE',''
  ) );
#10682 = PCURVE('',#10456,#10683);
#10683 = DEFINITIONAL_REPRESENTATION('',(#10684),#10688);
#10684 = LINE('',#10685,#10686);
#10685 = CARTESIAN_POINT('',(0.,6.35));
#10686 = VECTOR('',#10687,1.);
#10687 = DIRECTION('',(1.,0.));
#10688 = ( GEOMETRIC_REPRESENTATION_CONTEXT(2) 
PARAMETRIC_REPRESENTATION_CONTEXT() REPRESENTATION_CONTEXT('2D SPACE',''
  ) );
#10689 = ORIENTED_EDGE('',*,*,#10690,.F.);
#10690 = EDGE_CURVE('',#10691,#10668,#10693,.T.);
#10691 = VERTEX_POINT('',#10692);
#10692 = CARTESIAN_POINT('',(-10.,18.15,5.8));
#10693 = SURFACE_CURVE('',#10694,(#10698,#10705),.PCURVE_S1.);
#10694 = LINE('',#10695,#10696);
#10695 = CARTESIAN_POINT('',(-10.,17.875,6.075));
#10696 = VECTOR('',#10697,1.);
#10697 = DIRECTION('',(0.,-0.707106781187,0.707106781187));
#10698 = PCURVE('',#7700,#10699);
#10699 = DEFINITIONAL_REPRESENTATION('',(#10700),#10704);
#10700 = LINE('',#10701,#10702);
#10701 = CARTESIAN_POINT('',(6.075,1.875));
#10702 = VECTOR('',#10703,1.);
#10703 = DIRECTION('',(0.707106781187,0.707106781187));
#10704 = ( GEOMETRIC_REPRESENTATION_CONTEXT(2) 
PARAMETRIC_REPRESENTATION_CONTEXT() REPRESENTATION_CONTEXT('2D SPACE',''
  ) );
#10705 = PCURVE('',#10484,#10706);
#10706 = DEFINITIONAL_REPRESENTATION('',(#10707),#10710);
#10707 = B_SPLINE_CURVE_WITH_KNOTS('',1,(#10708,#10709),.UNSPECIFIED.,
  .F.,.F.,(2,2),(-0.388908729653,1.166726188958),
  .PIECEWISE_BEZIER_KNOTS.);
#10708 = CARTESIAN_POINT('',(0.,3.175));
#10709 = CARTESIAN_POINT('',(1.55563491861,3.175));
#10710 = ( GEOMETRIC_REPRESENTATION_CONTEXT(2) 
PARAMETRIC_REPRESENTATION_CONTEXT() REPRESENTATION_CONTEXT('2D SPACE',''
  ) );
#10711 = ORIENTED_EDGE('',*,*,#10712,.T.);
#10712 = EDGE_CURVE('',#10691,#10525,#10713,.T.);
#10713 = SURFACE_CURVE('',#10714,(#10718,#10725),.PCURVE_S1.);
#10714 = LINE('',#10715,#10716);
#10715 = CARTESIAN_POINT('',(-10.,17.05,5.8));
#10716 = VECTOR('',#10717,1.);
#10717 = DIRECTION('',(-0.,1.,0.));
#10718 = PCURVE('',#7700,#10719);
#10719 = DEFINITIONAL_REPRESENTATION('',(#10720),#10724);
#10720 = LINE('',#10721,#10722);
#10721 = CARTESIAN_POINT('',(5.8,2.7));
#10722 = VECTOR('',#10723,1.);
#10723 = DIRECTION('',(0.,-1.));
#10724 = ( GEOMETRIC_REPRESENTATION_CONTEXT(2) 
PARAMETRIC_REPRESENTATION_CONTEXT() REPRESENTATION_CONTEXT('2D SPACE',''
  ) );
#10725 = PCURVE('',#10509,#10726);
#10726 = DEFINITIONAL_REPRESENTATION('',(#10727),#10731);
#10727 = LINE('',#10728,#10729);
#10728 = CARTESIAN_POINT('',(6.35,0.));
#10729 = VECTOR('',#10730,1.);
#10730 = DIRECTION('',(0.,1.));
#10731 = ( GEOMETRIC_REPRESENTATION_CONTEXT(2) 
PARAMETRIC_REPRESENTATION_CONTEXT() REPRESENTATION_CONTEXT('2D SPACE',''
  ) );
#10732 = ADVANCED_FACE('',(#10733),#7672,.T.);
#10733 = FACE_BOUND('',#10734,.T.);
#10734 = EDGE_LOOP('',(#10735,#10736,#10737,#10758));
#10735 = ORIENTED_EDGE('',*,*,#7656,.F.);
#10736 = ORIENTED_EDGE('',*,*,#10333,.F.);
#10737 = ORIENTED_EDGE('',*,*,#10738,.T.);
#10738 = EDGE_CURVE('',#10334,#10576,#10739,.T.);
#10739 = SURFACE_CURVE('',#10740,(#10744,#10751),.PCURVE_S1.);
#10740 = LINE('',#10741,#10742);
#10741 = CARTESIAN_POINT('',(-16.35,21.35,13.55));
#10742 = VECTOR('',#10743,1.);
#10743 = DIRECTION('',(1.,0.,-0.));
#10744 = PCURVE('',#7672,#10745);
#10745 = DEFINITIONAL_REPRESENTATION('',(#10746),#10750);
#10746 = LINE('',#10747,#10748);
#10747 = CARTESIAN_POINT('',(13.55,0.));
#10748 = VECTOR('',#10749,1.);
#10749 = DIRECTION('',(0.,1.));
#10750 = ( GEOMETRIC_REPRESENTATION_CONTEXT(2) 
PARAMETRIC_REPRESENTATION_CONTEXT() REPRESENTATION_CONTEXT('2D SPACE',''
  ) );
#10751 = PCURVE('',#10372,#10752);
#10752 = DEFINITIONAL_REPRESENTATION('',(#10753),#10757);
#10753 = LINE('',#10754,#10755);
#10754 = CARTESIAN_POINT('',(0.,1.6));
#10755 = VECTOR('',#10756,1.);
#10756 = DIRECTION('',(1.,0.));
#10757 = ( GEOMETRIC_REPRESENTATION_CONTEXT(2) 
PARAMETRIC_REPRESENTATION_CONTEXT() REPRESENTATION_CONTEXT('2D SPACE',''
  ) );
#10758 = ORIENTED_EDGE('',*,*,#10575,.T.);
#10759 = ADVANCED_FACE('',(#10760),#7758,.F.);
#10760 = FACE_BOUND('',#10761,.F.);
#10761 = EDGE_LOOP('',(#10762,#10785,#10786,#10809));
#10762 = ORIENTED_EDGE('',*,*,#10763,.F.);
#10763 = EDGE_CURVE('',#7741,#10764,#10766,.T.);
#10764 = VERTEX_POINT('',#10765);
#10765 = CARTESIAN_POINT('',(-9.25,21.25,8.));
#10766 = SURFACE_CURVE('',#10767,(#10771,#10778),.PCURVE_S1.);
#10767 = LINE('',#10768,#10769);
#10768 = CARTESIAN_POINT('',(-9.25,21.25,0.));
#10769 = VECTOR('',#10770,1.);
#10770 = DIRECTION('',(0.,0.,1.));
#10771 = PCURVE('',#7758,#10772);
#10772 = DEFINITIONAL_REPRESENTATION('',(#10773),#10777);
#10773 = LINE('',#10774,#10775);
#10774 = CARTESIAN_POINT('',(0.,0.));
#10775 = VECTOR('',#10776,1.);
#10776 = DIRECTION('',(1.,0.));
#10777 = ( GEOMETRIC_REPRESENTATION_CONTEXT(2) 
PARAMETRIC_REPRESENTATION_CONTEXT() REPRESENTATION_CONTEXT('2D SPACE',''
  ) );
#10778 = PCURVE('',#7840,#10779);
#10779 = DEFINITIONAL_REPRESENTATION('',(#10780),#10784);
#10780 = LINE('',#10781,#10782);
#10781 = CARTESIAN_POINT('',(0.,0.));
#10782 = VECTOR('',#10783,1.);
#10783 = DIRECTION('',(1.,0.));
#10784 = ( GEOMETRIC_REPRESENTATION_CONTEXT(2) 
PARAMETRIC_REPRESENTATION_CONTEXT() REPRESENTATION_CONTEXT('2D SPACE',''
  ) );
#10785 = ORIENTED_EDGE('',*,*,#7740,.T.);
#10786 = ORIENTED_EDGE('',*,*,#10787,.T.);
#10787 = EDGE_CURVE('',#7743,#10788,#10790,.T.);
#10788 = VERTEX_POINT('',#10789);
#10789 = CARTESIAN_POINT('',(-9.25,26.25,8.));
#10790 = SURFACE_CURVE('',#10791,(#10795,#10802),.PCURVE_S1.);
#10791 = LINE('',#10792,#10793);
#10792 = CARTESIAN_POINT('',(-9.25,26.25,0.));
#10793 = VECTOR('',#10794,1.);
#10794 = DIRECTION('',(0.,0.,1.));
#10795 = PCURVE('',#7758,#10796);
#10796 = DEFINITIONAL_REPRESENTATION('',(#10797),#10801);
#10797 = LINE('',#10798,#10799);
#10798 = CARTESIAN_POINT('',(0.,-5.));
#10799 = VECTOR('',#10800,1.);
#10800 = DIRECTION('',(1.,0.));
#10801 = ( GEOMETRIC_REPRESENTATION_CONTEXT(2) 
PARAMETRIC_REPRESENTATION_CONTEXT() REPRESENTATION_CONTEXT('2D SPACE',''
  ) );
#10802 = PCURVE('',#7786,#10803);
#10803 = DEFINITIONAL_REPRESENTATION('',(#10804),#10808);
#10804 = LINE('',#10805,#10806);
#10805 = CARTESIAN_POINT('',(0.,0.));
#10806 = VECTOR('',#10807,1.);
#10807 = DIRECTION('',(1.,0.));
#10808 = ( GEOMETRIC_REPRESENTATION_CONTEXT(2) 
PARAMETRIC_REPRESENTATION_CONTEXT() REPRESENTATION_CONTEXT('2D SPACE',''
  ) );
#10809 = ORIENTED_EDGE('',*,*,#10810,.F.);
#10810 = EDGE_CURVE('',#10764,#10788,#10811,.T.);
#10811 = SURFACE_CURVE('',#10812,(#10816,#10823),.PCURVE_S1.);
#10812 = LINE('',#10813,#10814);
#10813 = CARTESIAN_POINT('',(-9.25,21.25,8.));
#10814 = VECTOR('',#10815,1.);
#10815 = DIRECTION('',(-0.,1.,0.));
#10816 = PCURVE('',#7758,#10817);
#10817 = DEFINITIONAL_REPRESENTATION('',(#10818),#10822);
#10818 = LINE('',#10819,#10820);
#10819 = CARTESIAN_POINT('',(8.,0.));
#10820 = VECTOR('',#10821,1.);
#10821 = DIRECTION('',(0.,-1.));
#10822 = ( GEOMETRIC_REPRESENTATION_CONTEXT(2) 
PARAMETRIC_REPRESENTATION_CONTEXT() REPRESENTATION_CONTEXT('2D SPACE',''
  ) );
#10823 = PCURVE('',#10824,#10829);
#10824 = PLANE('',#10825);
#10825 = AXIS2_PLACEMENT_3D('',#10826,#10827,#10828);
#10826 = CARTESIAN_POINT('',(-9.25,21.25,8.));
#10827 = DIRECTION('',(0.,0.,1.));
#10828 = DIRECTION('',(1.,0.,-0.));
#10829 = DEFINITIONAL_REPRESENTATION('',(#10830),#10834);
#10830 = LINE('',#10831,#10832);
#10831 = CARTESIAN_POINT('',(0.,0.));
#10832 = VECTOR('',#10833,1.);
#10833 = DIRECTION('',(0.,1.));
#10834 = ( GEOMETRIC_REPRESENTATION_CONTEXT(2) 
PARAMETRIC_REPRESENTATION_CONTEXT() REPRESENTATION_CONTEXT('2D SPACE',''
  ) );
#10835 = ADVANCED_FACE('',(#10836),#7840,.F.);
#10836 = FACE_BOUND('',#10837,.F.);
#10837 = EDGE_LOOP('',(#10838,#10839,#10840,#10863));
#10838 = ORIENTED_EDGE('',*,*,#7826,.F.);
#10839 = ORIENTED_EDGE('',*,*,#10763,.T.);
#10840 = ORIENTED_EDGE('',*,*,#10841,.T.);
#10841 = EDGE_CURVE('',#10764,#10842,#10844,.T.);
#10842 = VERTEX_POINT('',#10843);
#10843 = CARTESIAN_POINT('',(-8.05,21.25,8.));
#10844 = SURFACE_CURVE('',#10845,(#10849,#10856),.PCURVE_S1.);
#10845 = LINE('',#10846,#10847);
#10846 = CARTESIAN_POINT('',(-9.25,21.25,8.));
#10847 = VECTOR('',#10848,1.);
#10848 = DIRECTION('',(1.,0.,-0.));
#10849 = PCURVE('',#7840,#10850);
#10850 = DEFINITIONAL_REPRESENTATION('',(#10851),#10855);
#10851 = LINE('',#10852,#10853);
#10852 = CARTESIAN_POINT('',(8.,0.));
#10853 = VECTOR('',#10854,1.);
#10854 = DIRECTION('',(0.,1.));
#10855 = ( GEOMETRIC_REPRESENTATION_CONTEXT(2) 
PARAMETRIC_REPRESENTATION_CONTEXT() REPRESENTATION_CONTEXT('2D SPACE',''
  ) );
#10856 = PCURVE('',#10824,#10857);
#10857 = DEFINITIONAL_REPRESENTATION('',(#10858),#10862);
#10858 = LINE('',#10859,#10860);
#10859 = CARTESIAN_POINT('',(0.,0.));
#10860 = VECTOR('',#10861,1.);
#10861 = DIRECTION('',(1.,0.));
#10862 = ( GEOMETRIC_REPRESENTATION_CONTEXT(2) 
PARAMETRIC_REPRESENTATION_CONTEXT() REPRESENTATION_CONTEXT('2D SPACE',''
  ) );
#10863 = ORIENTED_EDGE('',*,*,#10864,.F.);
#10864 = EDGE_CURVE('',#7799,#10842,#10865,.T.);
#10865 = SURFACE_CURVE('',#10866,(#10870,#10877),.PCURVE_S1.);
#10866 = LINE('',#10867,#10868);
#10867 = CARTESIAN_POINT('',(-8.05,21.25,0.));
#10868 = VECTOR('',#10869,1.);
#10869 = DIRECTION('',(0.,0.,1.));
#10870 = PCURVE('',#7840,#10871);
#10871 = DEFINITIONAL_REPRESENTATION('',(#10872),#10876);
#10872 = LINE('',#10873,#10874);
#10873 = CARTESIAN_POINT('',(0.,1.2));
#10874 = VECTOR('',#10875,1.);
#10875 = DIRECTION('',(1.,0.));
#10876 = ( GEOMETRIC_REPRESENTATION_CONTEXT(2) 
PARAMETRIC_REPRESENTATION_CONTEXT() REPRESENTATION_CONTEXT('2D SPACE',''
  ) );
#10877 = PCURVE('',#7814,#10878);
#10878 = DEFINITIONAL_REPRESENTATION('',(#10879),#10883);
#10879 = LINE('',#10880,#10881);
#10880 = CARTESIAN_POINT('',(0.,0.));
#10881 = VECTOR('',#10882,1.);
#10882 = DIRECTION('',(1.,0.));
#10883 = ( GEOMETRIC_REPRESENTATION_CONTEXT(2) 
PARAMETRIC_REPRESENTATION_CONTEXT() REPRESENTATION_CONTEXT('2D SPACE',''
  ) );
#10884 = ADVANCED_FACE('',(#10885),#7814,.T.);
#10885 = FACE_BOUND('',#10886,.T.);
#10886 = EDGE_LOOP('',(#10887,#10888,#10889,#10912));
#10887 = ORIENTED_EDGE('',*,*,#10864,.F.);
#10888 = ORIENTED_EDGE('',*,*,#7798,.T.);
#10889 = ORIENTED_EDGE('',*,*,#10890,.T.);
#10890 = EDGE_CURVE('',#7771,#10891,#10893,.T.);
#10891 = VERTEX_POINT('',#10892);
#10892 = CARTESIAN_POINT('',(-8.05,26.25,8.));
#10893 = SURFACE_CURVE('',#10894,(#10898,#10905),.PCURVE_S1.);
#10894 = LINE('',#10895,#10896);
#10895 = CARTESIAN_POINT('',(-8.05,26.25,0.));
#10896 = VECTOR('',#10897,1.);
#10897 = DIRECTION('',(0.,0.,1.));
#10898 = PCURVE('',#7814,#10899);
#10899 = DEFINITIONAL_REPRESENTATION('',(#10900),#10904);
#10900 = LINE('',#10901,#10902);
#10901 = CARTESIAN_POINT('',(0.,-5.));
#10902 = VECTOR('',#10903,1.);
#10903 = DIRECTION('',(1.,0.));
#10904 = ( GEOMETRIC_REPRESENTATION_CONTEXT(2) 
PARAMETRIC_REPRESENTATION_CONTEXT() REPRESENTATION_CONTEXT('2D SPACE',''
  ) );
#10905 = PCURVE('',#7786,#10906);
#10906 = DEFINITIONAL_REPRESENTATION('',(#10907),#10911);
#10907 = LINE('',#10908,#10909);
#10908 = CARTESIAN_POINT('',(0.,1.2));
#10909 = VECTOR('',#10910,1.);
#10910 = DIRECTION('',(1.,0.));
#10911 = ( GEOMETRIC_REPRESENTATION_CONTEXT(2) 
PARAMETRIC_REPRESENTATION_CONTEXT() REPRESENTATION_CONTEXT('2D SPACE',''
  ) );
#10912 = ORIENTED_EDGE('',*,*,#10913,.F.);
#10913 = EDGE_CURVE('',#10842,#10891,#10914,.T.);
#10914 = SURFACE_CURVE('',#10915,(#10919,#10926),.PCURVE_S1.);
#10915 = LINE('',#10916,#10917);
#10916 = CARTESIAN_POINT('',(-8.05,21.25,8.));
#10917 = VECTOR('',#10918,1.);
#10918 = DIRECTION('',(-0.,1.,0.));
#10919 = PCURVE('',#7814,#10920);
#10920 = DEFINITIONAL_REPRESENTATION('',(#10921),#10925);
#10921 = LINE('',#10922,#10923);
#10922 = CARTESIAN_POINT('',(8.,0.));
#10923 = VECTOR('',#10924,1.);
#10924 = DIRECTION('',(0.,-1.));
#10925 = ( GEOMETRIC_REPRESENTATION_CONTEXT(2) 
PARAMETRIC_REPRESENTATION_CONTEXT() REPRESENTATION_CONTEXT('2D SPACE',''
  ) );
#10926 = PCURVE('',#10824,#10927);
#10927 = DEFINITIONAL_REPRESENTATION('',(#10928),#10932);
#10928 = LINE('',#10929,#10930);
#10929 = CARTESIAN_POINT('',(1.2,0.));
#10930 = VECTOR('',#10931,1.);
#10931 = DIRECTION('',(0.,1.));
#10932 = ( GEOMETRIC_REPRESENTATION_CONTEXT(2) 
PARAMETRIC_REPRESENTATION_CONTEXT() REPRESENTATION_CONTEXT('2D SPACE',''
  ) );
#10933 = ADVANCED_FACE('',(#10934),#7786,.T.);
#10934 = FACE_BOUND('',#10935,.T.);
#10935 = EDGE_LOOP('',(#10936,#10937,#10938,#10959));
#10936 = ORIENTED_EDGE('',*,*,#7770,.F.);
#10937 = ORIENTED_EDGE('',*,*,#10787,.T.);
#10938 = ORIENTED_EDGE('',*,*,#10939,.T.);
#10939 = EDGE_CURVE('',#10788,#10891,#10940,.T.);
#10940 = SURFACE_CURVE('',#10941,(#10945,#10952),.PCURVE_S1.);
#10941 = LINE('',#10942,#10943);
#10942 = CARTESIAN_POINT('',(-9.25,26.25,8.));
#10943 = VECTOR('',#10944,1.);
#10944 = DIRECTION('',(1.,0.,-0.));
#10945 = PCURVE('',#7786,#10946);
#10946 = DEFINITIONAL_REPRESENTATION('',(#10947),#10951);
#10947 = LINE('',#10948,#10949);
#10948 = CARTESIAN_POINT('',(8.,0.));
#10949 = VECTOR('',#10950,1.);
#10950 = DIRECTION('',(0.,1.));
#10951 = ( GEOMETRIC_REPRESENTATION_CONTEXT(2) 
PARAMETRIC_REPRESENTATION_CONTEXT() REPRESENTATION_CONTEXT('2D SPACE',''
  ) );
#10952 = PCURVE('',#10824,#10953);
#10953 = DEFINITIONAL_REPRESENTATION('',(#10954),#10958);
#10954 = LINE('',#10955,#10956);
#10955 = CARTESIAN_POINT('',(0.,5.));
#10956 = VECTOR('',#10957,1.);
#10957 = DIRECTION('',(1.,0.));
#10958 = ( GEOMETRIC_REPRESENTATION_CONTEXT(2) 
PARAMETRIC_REPRESENTATION_CONTEXT() REPRESENTATION_CONTEXT('2D SPACE',''
  ) );
#10959 = ORIENTED_EDGE('',*,*,#10890,.F.);
#10960 = ADVANCED_FACE('',(#10961),#7872,.T.);
#10961 = FACE_BOUND('',#10962,.T.);
#10962 = EDGE_LOOP('',(#10963,#10964,#10987,#11015));
#10963 = ORIENTED_EDGE('',*,*,#7854,.F.);
#10964 = ORIENTED_EDGE('',*,*,#10965,.T.);
#10965 = EDGE_CURVE('',#7855,#10966,#10968,.T.);
#10966 = VERTEX_POINT('',#10967);
#10967 = CARTESIAN_POINT('',(-8.65,21.1,8.));
#10968 = SURFACE_CURVE('',#10969,(#10973,#10980),.PCURVE_S1.);
#10969 = LINE('',#10970,#10971);
#10970 = CARTESIAN_POINT('',(-8.65,21.1,0.));
#10971 = VECTOR('',#10972,1.);
#10972 = DIRECTION('',(0.,0.,1.));
#10973 = PCURVE('',#7872,#10974);
#10974 = DEFINITIONAL_REPRESENTATION('',(#10975),#10979);
#10975 = LINE('',#10976,#10977);
#10976 = CARTESIAN_POINT('',(0.,0.));
#10977 = VECTOR('',#10978,1.);
#10978 = DIRECTION('',(1.,0.));
#10979 = ( GEOMETRIC_REPRESENTATION_CONTEXT(2) 
PARAMETRIC_REPRESENTATION_CONTEXT() REPRESENTATION_CONTEXT('2D SPACE',''
  ) );
#10980 = PCURVE('',#8173,#10981);
#10981 = DEFINITIONAL_REPRESENTATION('',(#10982),#10986);
#10982 = LINE('',#10983,#10984);
#10983 = CARTESIAN_POINT('',(0.,-1.2));
#10984 = VECTOR('',#10985,1.);
#10985 = DIRECTION('',(1.,0.));
#10986 = ( GEOMETRIC_REPRESENTATION_CONTEXT(2) 
PARAMETRIC_REPRESENTATION_CONTEXT() REPRESENTATION_CONTEXT('2D SPACE',''
  ) );
#10987 = ORIENTED_EDGE('',*,*,#10988,.T.);
#10988 = EDGE_CURVE('',#10966,#10989,#10991,.T.);
#10989 = VERTEX_POINT('',#10990);
#10990 = CARTESIAN_POINT('',(10.,21.1,8.));
#10991 = SURFACE_CURVE('',#10992,(#10996,#11003),.PCURVE_S1.);
#10992 = LINE('',#10993,#10994);
#10993 = CARTESIAN_POINT('',(-8.65,21.1,8.));
#10994 = VECTOR('',#10995,1.);
#10995 = DIRECTION('',(1.,0.,-0.));
#10996 = PCURVE('',#7872,#10997);
#10997 = DEFINITIONAL_REPRESENTATION('',(#10998),#11002);
#10998 = LINE('',#10999,#11000);
#10999 = CARTESIAN_POINT('',(8.,0.));
#11000 = VECTOR('',#11001,1.);
#11001 = DIRECTION('',(0.,1.));
#11002 = ( GEOMETRIC_REPRESENTATION_CONTEXT(2) 
PARAMETRIC_REPRESENTATION_CONTEXT() REPRESENTATION_CONTEXT('2D SPACE',''
  ) );
#11003 = PCURVE('',#11004,#11009);
#11004 = PLANE('',#11005);
#11005 = AXIS2_PLACEMENT_3D('',#11006,#11007,#11008);
#11006 = CARTESIAN_POINT('',(-8.65,19.9,8.));
#11007 = DIRECTION('',(0.,0.,1.));
#11008 = DIRECTION('',(1.,0.,-0.));
#11009 = DEFINITIONAL_REPRESENTATION('',(#11010),#11014);
#11010 = LINE('',#11011,#11012);
#11011 = CARTESIAN_POINT('',(0.,1.2));
#11012 = VECTOR('',#11013,1.);
#11013 = DIRECTION('',(1.,0.));
#11014 = ( GEOMETRIC_REPRESENTATION_CONTEXT(2) 
PARAMETRIC_REPRESENTATION_CONTEXT() REPRESENTATION_CONTEXT('2D SPACE',''
  ) );
#11015 = ORIENTED_EDGE('',*,*,#11016,.F.);
#11016 = EDGE_CURVE('',#7857,#10989,#11017,.T.);
#11017 = SURFACE_CURVE('',#11018,(#11022,#11028),.PCURVE_S1.);
#11018 = LINE('',#11019,#11020);
#11019 = CARTESIAN_POINT('',(10.,21.1,0.));
#11020 = VECTOR('',#11021,1.);
#11021 = DIRECTION('',(0.,0.,1.));
#11022 = PCURVE('',#7872,#11023);
#11023 = DEFINITIONAL_REPRESENTATION('',(#11024),#11027);
#11024 = B_SPLINE_CURVE_WITH_KNOTS('',1,(#11025,#11026),.UNSPECIFIED.,
  .F.,.F.,(2,2),(0.,8.),.PIECEWISE_BEZIER_KNOTS.);
#11025 = CARTESIAN_POINT('',(0.,18.65));
#11026 = CARTESIAN_POINT('',(8.,18.65));
#11027 = ( GEOMETRIC_REPRESENTATION_CONTEXT(2) 
PARAMETRIC_REPRESENTATION_CONTEXT() REPRESENTATION_CONTEXT('2D SPACE',''
  ) );
#11028 = PCURVE('',#7900,#11029);
#11029 = DEFINITIONAL_REPRESENTATION('',(#11030),#11033);
#11030 = B_SPLINE_CURVE_WITH_KNOTS('',1,(#11031,#11032),.UNSPECIFIED.,
  .F.,.F.,(2,2),(0.,8.),.PIECEWISE_BEZIER_KNOTS.);
#11031 = CARTESIAN_POINT('',(0.,-1.35));
#11032 = CARTESIAN_POINT('',(8.,-1.35));
#11033 = ( GEOMETRIC_REPRESENTATION_CONTEXT(2) 
PARAMETRIC_REPRESENTATION_CONTEXT() REPRESENTATION_CONTEXT('2D SPACE',''
  ) );
#11034 = ADVANCED_FACE('',(#11035),#8173,.F.);
#11035 = FACE_BOUND('',#11036,.F.);
#11036 = EDGE_LOOP('',(#11037,#11060,#11061,#11062));
#11037 = ORIENTED_EDGE('',*,*,#11038,.F.);
#11038 = EDGE_CURVE('',#8132,#11039,#11041,.T.);
#11039 = VERTEX_POINT('',#11040);
#11040 = CARTESIAN_POINT('',(-8.65,19.9,8.));
#11041 = SURFACE_CURVE('',#11042,(#11046,#11053),.PCURVE_S1.);
#11042 = LINE('',#11043,#11044);
#11043 = CARTESIAN_POINT('',(-8.65,19.9,0.));
#11044 = VECTOR('',#11045,1.);
#11045 = DIRECTION('',(0.,0.,1.));
#11046 = PCURVE('',#8173,#11047);
#11047 = DEFINITIONAL_REPRESENTATION('',(#11048),#11052);
#11048 = LINE('',#11049,#11050);
#11049 = CARTESIAN_POINT('',(0.,0.));
#11050 = VECTOR('',#11051,1.);
#11051 = DIRECTION('',(1.,0.));
#11052 = ( GEOMETRIC_REPRESENTATION_CONTEXT(2) 
PARAMETRIC_REPRESENTATION_CONTEXT() REPRESENTATION_CONTEXT('2D SPACE',''
  ) );
#11053 = PCURVE('',#8147,#11054);
#11054 = DEFINITIONAL_REPRESENTATION('',(#11055),#11059);
#11055 = LINE('',#11056,#11057);
#11056 = CARTESIAN_POINT('',(0.,0.));
#11057 = VECTOR('',#11058,1.);
#11058 = DIRECTION('',(1.,0.));
#11059 = ( GEOMETRIC_REPRESENTATION_CONTEXT(2) 
PARAMETRIC_REPRESENTATION_CONTEXT() REPRESENTATION_CONTEXT('2D SPACE',''
  ) );
#11060 = ORIENTED_EDGE('',*,*,#8159,.T.);
#11061 = ORIENTED_EDGE('',*,*,#10965,.T.);
#11062 = ORIENTED_EDGE('',*,*,#11063,.F.);
#11063 = EDGE_CURVE('',#11039,#10966,#11064,.T.);
#11064 = SURFACE_CURVE('',#11065,(#11069,#11076),.PCURVE_S1.);
#11065 = LINE('',#11066,#11067);
#11066 = CARTESIAN_POINT('',(-8.65,19.9,8.));
#11067 = VECTOR('',#11068,1.);
#11068 = DIRECTION('',(-0.,1.,0.));
#11069 = PCURVE('',#8173,#11070);
#11070 = DEFINITIONAL_REPRESENTATION('',(#11071),#11075);
#11071 = LINE('',#11072,#11073);
#11072 = CARTESIAN_POINT('',(8.,0.));
#11073 = VECTOR('',#11074,1.);
#11074 = DIRECTION('',(0.,-1.));
#11075 = ( GEOMETRIC_REPRESENTATION_CONTEXT(2) 
PARAMETRIC_REPRESENTATION_CONTEXT() REPRESENTATION_CONTEXT('2D SPACE',''
  ) );
#11076 = PCURVE('',#11004,#11077);
#11077 = DEFINITIONAL_REPRESENTATION('',(#11078),#11082);
#11078 = LINE('',#11079,#11080);
#11079 = CARTESIAN_POINT('',(0.,0.));
#11080 = VECTOR('',#11081,1.);
#11081 = DIRECTION('',(0.,1.));
#11082 = ( GEOMETRIC_REPRESENTATION_CONTEXT(2) 
PARAMETRIC_REPRESENTATION_CONTEXT() REPRESENTATION_CONTEXT('2D SPACE',''
  ) );
#11083 = ADVANCED_FACE('',(#11084),#8147,.F.);
#11084 = FACE_BOUND('',#11085,.F.);
#11085 = EDGE_LOOP('',(#11086,#11087,#11088,#11111));
#11086 = ORIENTED_EDGE('',*,*,#8131,.F.);
#11087 = ORIENTED_EDGE('',*,*,#11038,.T.);
#11088 = ORIENTED_EDGE('',*,*,#11089,.T.);
#11089 = EDGE_CURVE('',#11039,#11090,#11092,.T.);
#11090 = VERTEX_POINT('',#11091);
#11091 = CARTESIAN_POINT('',(10.,19.9,8.));
#11092 = SURFACE_CURVE('',#11093,(#11097,#11104),.PCURVE_S1.);
#11093 = LINE('',#11094,#11095);
#11094 = CARTESIAN_POINT('',(-8.65,19.9,8.));
#11095 = VECTOR('',#11096,1.);
#11096 = DIRECTION('',(1.,0.,-0.));
#11097 = PCURVE('',#8147,#11098);
#11098 = DEFINITIONAL_REPRESENTATION('',(#11099),#11103);
#11099 = LINE('',#11100,#11101);
#11100 = CARTESIAN_POINT('',(8.,0.));
#11101 = VECTOR('',#11102,1.);
#11102 = DIRECTION('',(0.,1.));
#11103 = ( GEOMETRIC_REPRESENTATION_CONTEXT(2) 
PARAMETRIC_REPRESENTATION_CONTEXT() REPRESENTATION_CONTEXT('2D SPACE',''
  ) );
#11104 = PCURVE('',#11004,#11105);
#11105 = DEFINITIONAL_REPRESENTATION('',(#11106),#11110);
#11106 = LINE('',#11107,#11108);
#11107 = CARTESIAN_POINT('',(0.,0.));
#11108 = VECTOR('',#11109,1.);
#11109 = DIRECTION('',(1.,0.));
#11110 = ( GEOMETRIC_REPRESENTATION_CONTEXT(2) 
PARAMETRIC_REPRESENTATION_CONTEXT() REPRESENTATION_CONTEXT('2D SPACE',''
  ) );
#11111 = ORIENTED_EDGE('',*,*,#11112,.F.);
#11112 = EDGE_CURVE('',#8109,#11090,#11113,.T.);
#11113 = SURFACE_CURVE('',#11114,(#11118,#11124),.PCURVE_S1.);
#11114 = LINE('',#11115,#11116);
#11115 = CARTESIAN_POINT('',(10.,19.9,0.));
#11116 = VECTOR('',#11117,1.);
#11117 = DIRECTION('',(0.,0.,1.));
#11118 = PCURVE('',#8147,#11119);
#11119 = DEFINITIONAL_REPRESENTATION('',(#11120),#11123);
#11120 = B_SPLINE_CURVE_WITH_KNOTS('',1,(#11121,#11122),.UNSPECIFIED.,
  .F.,.F.,(2,2),(0.,8.),.PIECEWISE_BEZIER_KNOTS.);
#11121 = CARTESIAN_POINT('',(0.,18.65));
#11122 = CARTESIAN_POINT('',(8.,18.65));
#11123 = ( GEOMETRIC_REPRESENTATION_CONTEXT(2) 
PARAMETRIC_REPRESENTATION_CONTEXT() REPRESENTATION_CONTEXT('2D SPACE',''
  ) );
#11124 = PCURVE('',#7900,#11125);
#11125 = DEFINITIONAL_REPRESENTATION('',(#11126),#11129);
#11126 = B_SPLINE_CURVE_WITH_KNOTS('',1,(#11127,#11128),.UNSPECIFIED.,
  .F.,.F.,(2,2),(0.,8.),.PIECEWISE_BEZIER_KNOTS.);
#11127 = CARTESIAN_POINT('',(0.,-0.15));
#11128 = CARTESIAN_POINT('',(8.,-0.15));
#11129 = ( GEOMETRIC_REPRESENTATION_CONTEXT(2) 
PARAMETRIC_REPRESENTATION_CONTEXT() REPRESENTATION_CONTEXT('2D SPACE',''
  ) );
#11130 = ADVANCED_FACE('',(#11131),#7900,.F.);
#11131 = FACE_BOUND('',#11132,.F.);
#11132 = EDGE_LOOP('',(#11133,#11156,#11157,#11158,#11177,#11178,#11179,
    #11200,#11226,#11249,#11277,#11305,#11333,#11361,#11388));
#11133 = ORIENTED_EDGE('',*,*,#11134,.F.);
#11134 = EDGE_CURVE('',#8081,#11135,#11137,.T.);
#11135 = VERTEX_POINT('',#11136);
#11136 = CARTESIAN_POINT('',(10.,19.75,5.8));
#11137 = SURFACE_CURVE('',#11138,(#11142,#11149),.PCURVE_S1.);
#11138 = LINE('',#11139,#11140);
#11139 = CARTESIAN_POINT('',(10.,19.75,0.));
#11140 = VECTOR('',#11141,1.);
#11141 = DIRECTION('',(0.,0.,1.));
#11142 = PCURVE('',#7900,#11143);
#11143 = DEFINITIONAL_REPRESENTATION('',(#11144),#11148);
#11144 = LINE('',#11145,#11146);
#11145 = CARTESIAN_POINT('',(0.,0.));
#11146 = VECTOR('',#11147,1.);
#11147 = DIRECTION('',(1.,0.));
#11148 = ( GEOMETRIC_REPRESENTATION_CONTEXT(2) 
PARAMETRIC_REPRESENTATION_CONTEXT() REPRESENTATION_CONTEXT('2D SPACE',''
  ) );
#11149 = PCURVE('',#8096,#11150);
#11150 = DEFINITIONAL_REPRESENTATION('',(#11151),#11155);
#11151 = LINE('',#11152,#11153);
#11152 = CARTESIAN_POINT('',(0.,0.));
#11153 = VECTOR('',#11154,1.);
#11154 = DIRECTION('',(1.,0.));
#11155 = ( GEOMETRIC_REPRESENTATION_CONTEXT(2) 
PARAMETRIC_REPRESENTATION_CONTEXT() REPRESENTATION_CONTEXT('2D SPACE',''
  ) );
#11156 = ORIENTED_EDGE('',*,*,#8108,.T.);
#11157 = ORIENTED_EDGE('',*,*,#11112,.T.);
#11158 = ORIENTED_EDGE('',*,*,#11159,.F.);
#11159 = EDGE_CURVE('',#10989,#11090,#11160,.T.);
#11160 = SURFACE_CURVE('',#11161,(#11165,#11171),.PCURVE_S1.);
#11161 = LINE('',#11162,#11163);
#11162 = CARTESIAN_POINT('',(10.,19.825,8.));
#11163 = VECTOR('',#11164,1.);
#11164 = DIRECTION('',(0.,-1.,0.));
#11165 = PCURVE('',#7900,#11166);
#11166 = DEFINITIONAL_REPRESENTATION('',(#11167),#11170);
#11167 = B_SPLINE_CURVE_WITH_KNOTS('',1,(#11168,#11169),.UNSPECIFIED.,
  .F.,.F.,(2,2),(-1.275,-7.5E-02),.PIECEWISE_BEZIER_KNOTS.);
#11168 = CARTESIAN_POINT('',(8.,-1.35));
#11169 = CARTESIAN_POINT('',(8.,-0.15));
#11170 = ( GEOMETRIC_REPRESENTATION_CONTEXT(2) 
PARAMETRIC_REPRESENTATION_CONTEXT() REPRESENTATION_CONTEXT('2D SPACE',''
  ) );
#11171 = PCURVE('',#11004,#11172);
#11172 = DEFINITIONAL_REPRESENTATION('',(#11173),#11176);
#11173 = B_SPLINE_CURVE_WITH_KNOTS('',1,(#11174,#11175),.UNSPECIFIED.,
  .F.,.F.,(2,2),(-1.275,-7.5E-02),.PIECEWISE_BEZIER_KNOTS.);
#11174 = CARTESIAN_POINT('',(18.65,1.2));
#11175 = CARTESIAN_POINT('',(18.65,0.));
#11176 = ( GEOMETRIC_REPRESENTATION_CONTEXT(2) 
PARAMETRIC_REPRESENTATION_CONTEXT() REPRESENTATION_CONTEXT('2D SPACE',''
  ) );
#11177 = ORIENTED_EDGE('',*,*,#11016,.F.);
#11178 = ORIENTED_EDGE('',*,*,#7884,.T.);
#11179 = ORIENTED_EDGE('',*,*,#11180,.T.);
#11180 = EDGE_CURVE('',#7885,#11181,#11183,.T.);
#11181 = VERTEX_POINT('',#11182);
#11182 = CARTESIAN_POINT('',(10.,21.25,8.));
#11183 = SURFACE_CURVE('',#11184,(#11188,#11194),.PCURVE_S1.);
#11184 = LINE('',#11185,#11186);
#11185 = CARTESIAN_POINT('',(10.,21.25,0.));
#11186 = VECTOR('',#11187,1.);
#11187 = DIRECTION('',(0.,0.,1.));
#11188 = PCURVE('',#7900,#11189);
#11189 = DEFINITIONAL_REPRESENTATION('',(#11190),#11193);
#11190 = B_SPLINE_CURVE_WITH_KNOTS('',1,(#11191,#11192),.UNSPECIFIED.,
  .F.,.F.,(2,2),(0.,8.),.PIECEWISE_BEZIER_KNOTS.);
#11191 = CARTESIAN_POINT('',(0.,-1.5));
#11192 = CARTESIAN_POINT('',(8.,-1.5));
#11193 = ( GEOMETRIC_REPRESENTATION_CONTEXT(2) 
PARAMETRIC_REPRESENTATION_CONTEXT() REPRESENTATION_CONTEXT('2D SPACE',''
  ) );
#11194 = PCURVE('',#7928,#11195);
#11195 = DEFINITIONAL_REPRESENTATION('',(#11196),#11199);
#11196 = B_SPLINE_CURVE_WITH_KNOTS('',1,(#11197,#11198),.UNSPECIFIED.,
  .F.,.F.,(2,2),(0.,8.),.PIECEWISE_BEZIER_KNOTS.);
#11197 = CARTESIAN_POINT('',(0.,0.35));
#11198 = CARTESIAN_POINT('',(8.,0.35));
#11199 = ( GEOMETRIC_REPRESENTATION_CONTEXT(2) 
PARAMETRIC_REPRESENTATION_CONTEXT() REPRESENTATION_CONTEXT('2D SPACE',''
  ) );
#11200 = ORIENTED_EDGE('',*,*,#11201,.F.);
#11201 = EDGE_CURVE('',#11202,#11181,#11204,.T.);
#11202 = VERTEX_POINT('',#11203);
#11203 = CARTESIAN_POINT('',(10.,21.35,8.));
#11204 = SURFACE_CURVE('',#11205,(#11209,#11215),.PCURVE_S1.);
#11205 = LINE('',#11206,#11207);
#11206 = CARTESIAN_POINT('',(10.,20.5,8.));
#11207 = VECTOR('',#11208,1.);
#11208 = DIRECTION('',(0.,-1.,0.));
#11209 = PCURVE('',#7900,#11210);
#11210 = DEFINITIONAL_REPRESENTATION('',(#11211),#11214);
#11211 = B_SPLINE_CURVE_WITH_KNOTS('',1,(#11212,#11213),.UNSPECIFIED.,
  .F.,.F.,(2,2),(-0.85,-0.75),.PIECEWISE_BEZIER_KNOTS.);
#11212 = CARTESIAN_POINT('',(8.,-1.6));
#11213 = CARTESIAN_POINT('',(8.,-1.5));
#11214 = ( GEOMETRIC_REPRESENTATION_CONTEXT(2) 
PARAMETRIC_REPRESENTATION_CONTEXT() REPRESENTATION_CONTEXT('2D SPACE',''
  ) );
#11215 = PCURVE('',#11216,#11221);
#11216 = PLANE('',#11217);
#11217 = AXIS2_PLACEMENT_3D('',#11218,#11219,#11220);
#11218 = CARTESIAN_POINT('',(9.65,21.25,8.));
#11219 = DIRECTION('',(0.,0.,1.));
#11220 = DIRECTION('',(1.,0.,-0.));
#11221 = DEFINITIONAL_REPRESENTATION('',(#11222),#11225);
#11222 = B_SPLINE_CURVE_WITH_KNOTS('',1,(#11223,#11224),.UNSPECIFIED.,
  .F.,.F.,(2,2),(-0.85,-0.75),.PIECEWISE_BEZIER_KNOTS.);
#11223 = CARTESIAN_POINT('',(0.35,0.1));
#11224 = CARTESIAN_POINT('',(0.35,0.));
#11225 = ( GEOMETRIC_REPRESENTATION_CONTEXT(2) 
PARAMETRIC_REPRESENTATION_CONTEXT() REPRESENTATION_CONTEXT('2D SPACE',''
  ) );
#11226 = ORIENTED_EDGE('',*,*,#11227,.F.);
#11227 = EDGE_CURVE('',#11228,#11202,#11230,.T.);
#11228 = VERTEX_POINT('',#11229);
#11229 = CARTESIAN_POINT('',(10.,21.35,13.55));
#11230 = SURFACE_CURVE('',#11231,(#11235,#11242),.PCURVE_S1.);
#11231 = LINE('',#11232,#11233);
#11232 = CARTESIAN_POINT('',(10.,21.35,13.55));
#11233 = VECTOR('',#11234,1.);
#11234 = DIRECTION('',(0.,0.,-1.));
#11235 = PCURVE('',#7900,#11236);
#11236 = DEFINITIONAL_REPRESENTATION('',(#11237),#11241);
#11237 = LINE('',#11238,#11239);
#11238 = CARTESIAN_POINT('',(13.55,-1.6));
#11239 = VECTOR('',#11240,1.);
#11240 = DIRECTION('',(-1.,0.));
#11241 = ( GEOMETRIC_REPRESENTATION_CONTEXT(2) 
PARAMETRIC_REPRESENTATION_CONTEXT() REPRESENTATION_CONTEXT('2D SPACE',''
  ) );
#11242 = PCURVE('',#8040,#11243);
#11243 = DEFINITIONAL_REPRESENTATION('',(#11244),#11248);
#11244 = LINE('',#11245,#11246);
#11245 = CARTESIAN_POINT('',(13.55,0.));
#11246 = VECTOR('',#11247,1.);
#11247 = DIRECTION('',(-1.,0.));
#11248 = ( GEOMETRIC_REPRESENTATION_CONTEXT(2) 
PARAMETRIC_REPRESENTATION_CONTEXT() REPRESENTATION_CONTEXT('2D SPACE',''
  ) );
#11249 = ORIENTED_EDGE('',*,*,#11250,.F.);
#11250 = EDGE_CURVE('',#11251,#11228,#11253,.T.);
#11251 = VERTEX_POINT('',#11252);
#11252 = CARTESIAN_POINT('',(10.,19.75,13.55));
#11253 = SURFACE_CURVE('',#11254,(#11258,#11265),.PCURVE_S1.);
#11254 = LINE('',#11255,#11256);
#11255 = CARTESIAN_POINT('',(10.,19.75,13.55));
#11256 = VECTOR('',#11257,1.);
#11257 = DIRECTION('',(-0.,1.,0.));
#11258 = PCURVE('',#7900,#11259);
#11259 = DEFINITIONAL_REPRESENTATION('',(#11260),#11264);
#11260 = LINE('',#11261,#11262);
#11261 = CARTESIAN_POINT('',(13.55,0.));
#11262 = VECTOR('',#11263,1.);
#11263 = DIRECTION('',(0.,-1.));
#11264 = ( GEOMETRIC_REPRESENTATION_CONTEXT(2) 
PARAMETRIC_REPRESENTATION_CONTEXT() REPRESENTATION_CONTEXT('2D SPACE',''
  ) );
#11265 = PCURVE('',#11266,#11271);
#11266 = PLANE('',#11267);
#11267 = AXIS2_PLACEMENT_3D('',#11268,#11269,#11270);
#11268 = CARTESIAN_POINT('',(10.,19.75,13.55));
#11269 = DIRECTION('',(0.,0.,1.));
#11270 = DIRECTION('',(1.,0.,-0.));
#11271 = DEFINITIONAL_REPRESENTATION('',(#11272),#11276);
#11272 = LINE('',#11273,#11274);
#11273 = CARTESIAN_POINT('',(0.,0.));
#11274 = VECTOR('',#11275,1.);
#11275 = DIRECTION('',(0.,1.));
#11276 = ( GEOMETRIC_REPRESENTATION_CONTEXT(2) 
PARAMETRIC_REPRESENTATION_CONTEXT() REPRESENTATION_CONTEXT('2D SPACE',''
  ) );
#11277 = ORIENTED_EDGE('',*,*,#11278,.F.);
#11278 = EDGE_CURVE('',#11279,#11251,#11281,.T.);
#11279 = VERTEX_POINT('',#11280);
#11280 = CARTESIAN_POINT('',(10.,19.75,7.5));
#11281 = SURFACE_CURVE('',#11282,(#11286,#11293),.PCURVE_S1.);
#11282 = LINE('',#11283,#11284);
#11283 = CARTESIAN_POINT('',(10.,19.75,7.5));
#11284 = VECTOR('',#11285,1.);
#11285 = DIRECTION('',(0.,0.,1.));
#11286 = PCURVE('',#7900,#11287);
#11287 = DEFINITIONAL_REPRESENTATION('',(#11288),#11292);
#11288 = LINE('',#11289,#11290);
#11289 = CARTESIAN_POINT('',(7.5,0.));
#11290 = VECTOR('',#11291,1.);
#11291 = DIRECTION('',(1.,0.));
#11292 = ( GEOMETRIC_REPRESENTATION_CONTEXT(2) 
PARAMETRIC_REPRESENTATION_CONTEXT() REPRESENTATION_CONTEXT('2D SPACE',''
  ) );
#11293 = PCURVE('',#11294,#11299);
#11294 = PLANE('',#11295);
#11295 = AXIS2_PLACEMENT_3D('',#11296,#11297,#11298);
#11296 = CARTESIAN_POINT('',(10.,19.75,7.5));
#11297 = DIRECTION('',(-0.,1.,0.));
#11298 = DIRECTION('',(0.,0.,1.));
#11299 = DEFINITIONAL_REPRESENTATION('',(#11300),#11304);
#11300 = LINE('',#11301,#11302);
#11301 = CARTESIAN_POINT('',(0.,0.));
#11302 = VECTOR('',#11303,1.);
#11303 = DIRECTION('',(1.,0.));
#11304 = ( GEOMETRIC_REPRESENTATION_CONTEXT(2) 
PARAMETRIC_REPRESENTATION_CONTEXT() REPRESENTATION_CONTEXT('2D SPACE',''
  ) );
#11305 = ORIENTED_EDGE('',*,*,#11306,.F.);
#11306 = EDGE_CURVE('',#11307,#11279,#11309,.T.);
#11307 = VERTEX_POINT('',#11308);
#11308 = CARTESIAN_POINT('',(10.,18.45,7.5));
#11309 = SURFACE_CURVE('',#11310,(#11314,#11321),.PCURVE_S1.);
#11310 = LINE('',#11311,#11312);
#11311 = CARTESIAN_POINT('',(10.,18.45,7.5));
#11312 = VECTOR('',#11313,1.);
#11313 = DIRECTION('',(0.,1.,-3.062684205863E-16));
#11314 = PCURVE('',#7900,#11315);
#11315 = DEFINITIONAL_REPRESENTATION('',(#11316),#11320);
#11316 = LINE('',#11317,#11318);
#11317 = CARTESIAN_POINT('',(7.5,1.3));
#11318 = VECTOR('',#11319,1.);
#11319 = DIRECTION('',(-3.062684205863E-16,-1.));
#11320 = ( GEOMETRIC_REPRESENTATION_CONTEXT(2) 
PARAMETRIC_REPRESENTATION_CONTEXT() REPRESENTATION_CONTEXT('2D SPACE',''
  ) );
#11321 = PCURVE('',#11322,#11327);
#11322 = PLANE('',#11323);
#11323 = AXIS2_PLACEMENT_3D('',#11324,#11325,#11326);
#11324 = CARTESIAN_POINT('',(10.,19.75,7.5));
#11325 = DIRECTION('',(0.,0.,1.));
#11326 = DIRECTION('',(1.,0.,-0.));
#11327 = DEFINITIONAL_REPRESENTATION('',(#11328),#11332);
#11328 = LINE('',#11329,#11330);
#11329 = CARTESIAN_POINT('',(0.,-1.3));
#11330 = VECTOR('',#11331,1.);
#11331 = DIRECTION('',(0.,1.));
#11332 = ( GEOMETRIC_REPRESENTATION_CONTEXT(2) 
PARAMETRIC_REPRESENTATION_CONTEXT() REPRESENTATION_CONTEXT('2D SPACE',''
  ) );
#11333 = ORIENTED_EDGE('',*,*,#11334,.F.);
#11334 = EDGE_CURVE('',#11335,#11307,#11337,.T.);
#11335 = VERTEX_POINT('',#11336);
#11336 = CARTESIAN_POINT('',(10.,18.45,6.9));
#11337 = SURFACE_CURVE('',#11338,(#11342,#11349),.PCURVE_S1.);
#11338 = LINE('',#11339,#11340);
#11339 = CARTESIAN_POINT('',(10.,18.45,5.8));
#11340 = VECTOR('',#11341,1.);
#11341 = DIRECTION('',(0.,0.,1.));
#11342 = PCURVE('',#7900,#11343);
#11343 = DEFINITIONAL_REPRESENTATION('',(#11344),#11348);
#11344 = LINE('',#11345,#11346);
#11345 = CARTESIAN_POINT('',(5.8,1.3));
#11346 = VECTOR('',#11347,1.);
#11347 = DIRECTION('',(1.,0.));
#11348 = ( GEOMETRIC_REPRESENTATION_CONTEXT(2) 
PARAMETRIC_REPRESENTATION_CONTEXT() REPRESENTATION_CONTEXT('2D SPACE',''
  ) );
#11349 = PCURVE('',#11350,#11355);
#11350 = PLANE('',#11351);
#11351 = AXIS2_PLACEMENT_3D('',#11352,#11353,#11354);
#11352 = CARTESIAN_POINT('',(10.,18.45,5.8));
#11353 = DIRECTION('',(-0.,1.,0.));
#11354 = DIRECTION('',(0.,0.,1.));
#11355 = DEFINITIONAL_REPRESENTATION('',(#11356),#11360);
#11356 = LINE('',#11357,#11358);
#11357 = CARTESIAN_POINT('',(0.,0.));
#11358 = VECTOR('',#11359,1.);
#11359 = DIRECTION('',(1.,0.));
#11360 = ( GEOMETRIC_REPRESENTATION_CONTEXT(2) 
PARAMETRIC_REPRESENTATION_CONTEXT() REPRESENTATION_CONTEXT('2D SPACE',''
  ) );
#11361 = ORIENTED_EDGE('',*,*,#11362,.F.);
#11362 = EDGE_CURVE('',#11363,#11335,#11365,.T.);
#11363 = VERTEX_POINT('',#11364);
#11364 = CARTESIAN_POINT('',(10.,19.55,5.8));
#11365 = SURFACE_CURVE('',#11366,(#11370,#11377),.PCURVE_S1.);
#11366 = LINE('',#11367,#11368);
#11367 = CARTESIAN_POINT('',(10.,19.275,6.075));
#11368 = VECTOR('',#11369,1.);
#11369 = DIRECTION('',(0.,-0.707106781187,0.707106781187));
#11370 = PCURVE('',#7900,#11371);
#11371 = DEFINITIONAL_REPRESENTATION('',(#11372),#11376);
#11372 = LINE('',#11373,#11374);
#11373 = CARTESIAN_POINT('',(6.075,0.475));
#11374 = VECTOR('',#11375,1.);
#11375 = DIRECTION('',(0.707106781187,0.707106781187));
#11376 = ( GEOMETRIC_REPRESENTATION_CONTEXT(2) 
PARAMETRIC_REPRESENTATION_CONTEXT() REPRESENTATION_CONTEXT('2D SPACE',''
  ) );
#11377 = PCURVE('',#11378,#11383);
#11378 = PLANE('',#11379);
#11379 = AXIS2_PLACEMENT_3D('',#11380,#11381,#11382);
#11380 = CARTESIAN_POINT('',(13.175,19.55,5.8));
#11381 = DIRECTION('',(-0.,0.707106781187,0.707106781187));
#11382 = DIRECTION('',(0.,-0.707106781187,0.707106781187));
#11383 = DEFINITIONAL_REPRESENTATION('',(#11384),#11387);
#11384 = B_SPLINE_CURVE_WITH_KNOTS('',1,(#11385,#11386),.UNSPECIFIED.,
  .F.,.F.,(2,2),(-0.388908729653,1.166726188958),
  .PIECEWISE_BEZIER_KNOTS.);
#11385 = CARTESIAN_POINT('',(2.997602166488E-15,-3.175));
#11386 = CARTESIAN_POINT('',(1.55563491861,-3.175));
#11387 = ( GEOMETRIC_REPRESENTATION_CONTEXT(2) 
PARAMETRIC_REPRESENTATION_CONTEXT() REPRESENTATION_CONTEXT('2D SPACE',''
  ) );
#11388 = ORIENTED_EDGE('',*,*,#11389,.T.);
#11389 = EDGE_CURVE('',#11363,#11135,#11390,.T.);
#11390 = SURFACE_CURVE('',#11391,(#11395,#11402),.PCURVE_S1.);
#11391 = LINE('',#11392,#11393);
#11392 = CARTESIAN_POINT('',(10.,18.45,5.8));
#11393 = VECTOR('',#11394,1.);
#11394 = DIRECTION('',(-0.,1.,0.));
#11395 = PCURVE('',#7900,#11396);
#11396 = DEFINITIONAL_REPRESENTATION('',(#11397),#11401);
#11397 = LINE('',#11398,#11399);
#11398 = CARTESIAN_POINT('',(5.8,1.3));
#11399 = VECTOR('',#11400,1.);
#11400 = DIRECTION('',(0.,-1.));
#11401 = ( GEOMETRIC_REPRESENTATION_CONTEXT(2) 
PARAMETRIC_REPRESENTATION_CONTEXT() REPRESENTATION_CONTEXT('2D SPACE',''
  ) );
#11402 = PCURVE('',#11403,#11408);
#11403 = PLANE('',#11404);
#11404 = AXIS2_PLACEMENT_3D('',#11405,#11406,#11407);
#11405 = CARTESIAN_POINT('',(10.,18.45,5.8));
#11406 = DIRECTION('',(0.,0.,1.));
#11407 = DIRECTION('',(1.,0.,-0.));
#11408 = DEFINITIONAL_REPRESENTATION('',(#11409),#11413);
#11409 = LINE('',#11410,#11411);
#11410 = CARTESIAN_POINT('',(0.,0.));
#11411 = VECTOR('',#11412,1.);
#11412 = DIRECTION('',(0.,1.));
#11413 = ( GEOMETRIC_REPRESENTATION_CONTEXT(2) 
PARAMETRIC_REPRESENTATION_CONTEXT() REPRESENTATION_CONTEXT('2D SPACE',''
  ) );
#11414 = ADVANCED_FACE('',(#11415),#8096,.F.);
#11415 = FACE_BOUND('',#11416,.F.);
#11416 = EDGE_LOOP('',(#11417,#11440,#11441,#11442));
#11417 = ORIENTED_EDGE('',*,*,#11418,.F.);
#11418 = EDGE_CURVE('',#8053,#11419,#11421,.T.);
#11419 = VERTEX_POINT('',#11420);
#11420 = CARTESIAN_POINT('',(16.35,19.75,5.8));
#11421 = SURFACE_CURVE('',#11422,(#11426,#11433),.PCURVE_S1.);
#11422 = LINE('',#11423,#11424);
#11423 = CARTESIAN_POINT('',(16.35,19.75,0.));
#11424 = VECTOR('',#11425,1.);
#11425 = DIRECTION('',(0.,0.,1.));
#11426 = PCURVE('',#8096,#11427);
#11427 = DEFINITIONAL_REPRESENTATION('',(#11428),#11432);
#11428 = LINE('',#11429,#11430);
#11429 = CARTESIAN_POINT('',(0.,6.35));
#11430 = VECTOR('',#11431,1.);
#11431 = DIRECTION('',(1.,0.));
#11432 = ( GEOMETRIC_REPRESENTATION_CONTEXT(2) 
PARAMETRIC_REPRESENTATION_CONTEXT() REPRESENTATION_CONTEXT('2D SPACE',''
  ) );
#11433 = PCURVE('',#8068,#11434);
#11434 = DEFINITIONAL_REPRESENTATION('',(#11435),#11439);
#11435 = LINE('',#11436,#11437);
#11436 = CARTESIAN_POINT('',(0.,0.));
#11437 = VECTOR('',#11438,1.);
#11438 = DIRECTION('',(1.,0.));
#11439 = ( GEOMETRIC_REPRESENTATION_CONTEXT(2) 
PARAMETRIC_REPRESENTATION_CONTEXT() REPRESENTATION_CONTEXT('2D SPACE',''
  ) );
#11440 = ORIENTED_EDGE('',*,*,#8080,.F.);
#11441 = ORIENTED_EDGE('',*,*,#11134,.T.);
#11442 = ORIENTED_EDGE('',*,*,#11443,.T.);
#11443 = EDGE_CURVE('',#11135,#11419,#11444,.T.);
#11444 = SURFACE_CURVE('',#11445,(#11449,#11456),.PCURVE_S1.);
#11445 = LINE('',#11446,#11447);
#11446 = CARTESIAN_POINT('',(10.,19.75,5.8));
#11447 = VECTOR('',#11448,1.);
#11448 = DIRECTION('',(1.,0.,-0.));
#11449 = PCURVE('',#8096,#11450);
#11450 = DEFINITIONAL_REPRESENTATION('',(#11451),#11455);
#11451 = LINE('',#11452,#11453);
#11452 = CARTESIAN_POINT('',(5.8,0.));
#11453 = VECTOR('',#11454,1.);
#11454 = DIRECTION('',(0.,1.));
#11455 = ( GEOMETRIC_REPRESENTATION_CONTEXT(2) 
PARAMETRIC_REPRESENTATION_CONTEXT() REPRESENTATION_CONTEXT('2D SPACE',''
  ) );
#11456 = PCURVE('',#11403,#11457);
#11457 = DEFINITIONAL_REPRESENTATION('',(#11458),#11462);
#11458 = LINE('',#11459,#11460);
#11459 = CARTESIAN_POINT('',(0.,1.3));
#11460 = VECTOR('',#11461,1.);
#11461 = DIRECTION('',(1.,0.));
#11462 = ( GEOMETRIC_REPRESENTATION_CONTEXT(2) 
PARAMETRIC_REPRESENTATION_CONTEXT() REPRESENTATION_CONTEXT('2D SPACE',''
  ) );
#11463 = ADVANCED_FACE('',(#11464),#8068,.T.);
#11464 = FACE_BOUND('',#11465,.T.);
#11465 = EDGE_LOOP('',(#11466,#11467,#11468,#11491,#11514,#11537,#11560,
    #11583,#11605));
#11466 = ORIENTED_EDGE('',*,*,#11418,.F.);
#11467 = ORIENTED_EDGE('',*,*,#8052,.T.);
#11468 = ORIENTED_EDGE('',*,*,#11469,.F.);
#11469 = EDGE_CURVE('',#11470,#8025,#11472,.T.);
#11470 = VERTEX_POINT('',#11471);
#11471 = CARTESIAN_POINT('',(16.35,21.35,13.55));
#11472 = SURFACE_CURVE('',#11473,(#11477,#11484),.PCURVE_S1.);
#11473 = LINE('',#11474,#11475);
#11474 = CARTESIAN_POINT('',(16.35,21.35,13.55));
#11475 = VECTOR('',#11476,1.);
#11476 = DIRECTION('',(0.,0.,-1.));
#11477 = PCURVE('',#8068,#11478);
#11478 = DEFINITIONAL_REPRESENTATION('',(#11479),#11483);
#11479 = LINE('',#11480,#11481);
#11480 = CARTESIAN_POINT('',(13.55,-1.6));
#11481 = VECTOR('',#11482,1.);
#11482 = DIRECTION('',(-1.,0.));
#11483 = ( GEOMETRIC_REPRESENTATION_CONTEXT(2) 
PARAMETRIC_REPRESENTATION_CONTEXT() REPRESENTATION_CONTEXT('2D SPACE',''
  ) );
#11484 = PCURVE('',#8040,#11485);
#11485 = DEFINITIONAL_REPRESENTATION('',(#11486),#11490);
#11486 = LINE('',#11487,#11488);
#11487 = CARTESIAN_POINT('',(13.55,6.35));
#11488 = VECTOR('',#11489,1.);
#11489 = DIRECTION('',(-1.,0.));
#11490 = ( GEOMETRIC_REPRESENTATION_CONTEXT(2) 
PARAMETRIC_REPRESENTATION_CONTEXT() REPRESENTATION_CONTEXT('2D SPACE',''
  ) );
#11491 = ORIENTED_EDGE('',*,*,#11492,.F.);
#11492 = EDGE_CURVE('',#11493,#11470,#11495,.T.);
#11493 = VERTEX_POINT('',#11494);
#11494 = CARTESIAN_POINT('',(16.35,19.75,13.55));
#11495 = SURFACE_CURVE('',#11496,(#11500,#11507),.PCURVE_S1.);
#11496 = LINE('',#11497,#11498);
#11497 = CARTESIAN_POINT('',(16.35,19.75,13.55));
#11498 = VECTOR('',#11499,1.);
#11499 = DIRECTION('',(-0.,1.,0.));
#11500 = PCURVE('',#8068,#11501);
#11501 = DEFINITIONAL_REPRESENTATION('',(#11502),#11506);
#11502 = LINE('',#11503,#11504);
#11503 = CARTESIAN_POINT('',(13.55,0.));
#11504 = VECTOR('',#11505,1.);
#11505 = DIRECTION('',(0.,-1.));
#11506 = ( GEOMETRIC_REPRESENTATION_CONTEXT(2) 
PARAMETRIC_REPRESENTATION_CONTEXT() REPRESENTATION_CONTEXT('2D SPACE',''
  ) );
#11507 = PCURVE('',#11266,#11508);
#11508 = DEFINITIONAL_REPRESENTATION('',(#11509),#11513);
#11509 = LINE('',#11510,#11511);
#11510 = CARTESIAN_POINT('',(6.35,0.));
#11511 = VECTOR('',#11512,1.);
#11512 = DIRECTION('',(0.,1.));
#11513 = ( GEOMETRIC_REPRESENTATION_CONTEXT(2) 
PARAMETRIC_REPRESENTATION_CONTEXT() REPRESENTATION_CONTEXT('2D SPACE',''
  ) );
#11514 = ORIENTED_EDGE('',*,*,#11515,.F.);
#11515 = EDGE_CURVE('',#11516,#11493,#11518,.T.);
#11516 = VERTEX_POINT('',#11517);
#11517 = CARTESIAN_POINT('',(16.35,19.75,7.5));
#11518 = SURFACE_CURVE('',#11519,(#11523,#11530),.PCURVE_S1.);
#11519 = LINE('',#11520,#11521);
#11520 = CARTESIAN_POINT('',(16.35,19.75,7.5));
#11521 = VECTOR('',#11522,1.);
#11522 = DIRECTION('',(0.,0.,1.));
#11523 = PCURVE('',#8068,#11524);
#11524 = DEFINITIONAL_REPRESENTATION('',(#11525),#11529);
#11525 = LINE('',#11526,#11527);
#11526 = CARTESIAN_POINT('',(7.5,0.));
#11527 = VECTOR('',#11528,1.);
#11528 = DIRECTION('',(1.,0.));
#11529 = ( GEOMETRIC_REPRESENTATION_CONTEXT(2) 
PARAMETRIC_REPRESENTATION_CONTEXT() REPRESENTATION_CONTEXT('2D SPACE',''
  ) );
#11530 = PCURVE('',#11294,#11531);
#11531 = DEFINITIONAL_REPRESENTATION('',(#11532),#11536);
#11532 = LINE('',#11533,#11534);
#11533 = CARTESIAN_POINT('',(0.,6.35));
#11534 = VECTOR('',#11535,1.);
#11535 = DIRECTION('',(1.,0.));
#11536 = ( GEOMETRIC_REPRESENTATION_CONTEXT(2) 
PARAMETRIC_REPRESENTATION_CONTEXT() REPRESENTATION_CONTEXT('2D SPACE',''
  ) );
#11537 = ORIENTED_EDGE('',*,*,#11538,.F.);
#11538 = EDGE_CURVE('',#11539,#11516,#11541,.T.);
#11539 = VERTEX_POINT('',#11540);
#11540 = CARTESIAN_POINT('',(16.35,18.45,7.5));
#11541 = SURFACE_CURVE('',#11542,(#11546,#11553),.PCURVE_S1.);
#11542 = LINE('',#11543,#11544);
#11543 = CARTESIAN_POINT('',(16.35,18.45,7.5));
#11544 = VECTOR('',#11545,1.);
#11545 = DIRECTION('',(0.,1.,-3.062684205863E-16));
#11546 = PCURVE('',#8068,#11547);
#11547 = DEFINITIONAL_REPRESENTATION('',(#11548),#11552);
#11548 = LINE('',#11549,#11550);
#11549 = CARTESIAN_POINT('',(7.5,1.3));
#11550 = VECTOR('',#11551,1.);
#11551 = DIRECTION('',(-3.062684205863E-16,-1.));
#11552 = ( GEOMETRIC_REPRESENTATION_CONTEXT(2) 
PARAMETRIC_REPRESENTATION_CONTEXT() REPRESENTATION_CONTEXT('2D SPACE',''
  ) );
#11553 = PCURVE('',#11322,#11554);
#11554 = DEFINITIONAL_REPRESENTATION('',(#11555),#11559);
#11555 = LINE('',#11556,#11557);
#11556 = CARTESIAN_POINT('',(6.35,-1.3));
#11557 = VECTOR('',#11558,1.);
#11558 = DIRECTION('',(0.,1.));
#11559 = ( GEOMETRIC_REPRESENTATION_CONTEXT(2) 
PARAMETRIC_REPRESENTATION_CONTEXT() REPRESENTATION_CONTEXT('2D SPACE',''
  ) );
#11560 = ORIENTED_EDGE('',*,*,#11561,.F.);
#11561 = EDGE_CURVE('',#11562,#11539,#11564,.T.);
#11562 = VERTEX_POINT('',#11563);
#11563 = CARTESIAN_POINT('',(16.35,18.45,6.9));
#11564 = SURFACE_CURVE('',#11565,(#11569,#11576),.PCURVE_S1.);
#11565 = LINE('',#11566,#11567);
#11566 = CARTESIAN_POINT('',(16.35,18.45,5.8));
#11567 = VECTOR('',#11568,1.);
#11568 = DIRECTION('',(0.,0.,1.));
#11569 = PCURVE('',#8068,#11570);
#11570 = DEFINITIONAL_REPRESENTATION('',(#11571),#11575);
#11571 = LINE('',#11572,#11573);
#11572 = CARTESIAN_POINT('',(5.8,1.3));
#11573 = VECTOR('',#11574,1.);
#11574 = DIRECTION('',(1.,0.));
#11575 = ( GEOMETRIC_REPRESENTATION_CONTEXT(2) 
PARAMETRIC_REPRESENTATION_CONTEXT() REPRESENTATION_CONTEXT('2D SPACE',''
  ) );
#11576 = PCURVE('',#11350,#11577);
#11577 = DEFINITIONAL_REPRESENTATION('',(#11578),#11582);
#11578 = LINE('',#11579,#11580);
#11579 = CARTESIAN_POINT('',(0.,6.35));
#11580 = VECTOR('',#11581,1.);
#11581 = DIRECTION('',(1.,0.));
#11582 = ( GEOMETRIC_REPRESENTATION_CONTEXT(2) 
PARAMETRIC_REPRESENTATION_CONTEXT() REPRESENTATION_CONTEXT('2D SPACE',''
  ) );
#11583 = ORIENTED_EDGE('',*,*,#11584,.F.);
#11584 = EDGE_CURVE('',#11585,#11562,#11587,.T.);
#11585 = VERTEX_POINT('',#11586);
#11586 = CARTESIAN_POINT('',(16.35,19.55,5.8));
#11587 = SURFACE_CURVE('',#11588,(#11592,#11599),.PCURVE_S1.);
#11588 = LINE('',#11589,#11590);
#11589 = CARTESIAN_POINT('',(16.35,19.275,6.075));
#11590 = VECTOR('',#11591,1.);
#11591 = DIRECTION('',(0.,-0.707106781187,0.707106781187));
#11592 = PCURVE('',#8068,#11593);
#11593 = DEFINITIONAL_REPRESENTATION('',(#11594),#11598);
#11594 = LINE('',#11595,#11596);
#11595 = CARTESIAN_POINT('',(6.075,0.475));
#11596 = VECTOR('',#11597,1.);
#11597 = DIRECTION('',(0.707106781187,0.707106781187));
#11598 = ( GEOMETRIC_REPRESENTATION_CONTEXT(2) 
PARAMETRIC_REPRESENTATION_CONTEXT() REPRESENTATION_CONTEXT('2D SPACE',''
  ) );
#11599 = PCURVE('',#11378,#11600);
#11600 = DEFINITIONAL_REPRESENTATION('',(#11601),#11604);
#11601 = B_SPLINE_CURVE_WITH_KNOTS('',1,(#11602,#11603),.UNSPECIFIED.,
  .F.,.F.,(2,2),(-0.388908729653,1.166726188958),
  .PIECEWISE_BEZIER_KNOTS.);
#11602 = CARTESIAN_POINT('',(2.997602166488E-15,3.175));
#11603 = CARTESIAN_POINT('',(1.55563491861,3.175));
#11604 = ( GEOMETRIC_REPRESENTATION_CONTEXT(2) 
PARAMETRIC_REPRESENTATION_CONTEXT() REPRESENTATION_CONTEXT('2D SPACE',''
  ) );
#11605 = ORIENTED_EDGE('',*,*,#11606,.T.);
#11606 = EDGE_CURVE('',#11585,#11419,#11607,.T.);
#11607 = SURFACE_CURVE('',#11608,(#11612,#11619),.PCURVE_S1.);
#11608 = LINE('',#11609,#11610);
#11609 = CARTESIAN_POINT('',(16.35,18.45,5.8));
#11610 = VECTOR('',#11611,1.);
#11611 = DIRECTION('',(-0.,1.,0.));
#11612 = PCURVE('',#8068,#11613);
#11613 = DEFINITIONAL_REPRESENTATION('',(#11614),#11618);
#11614 = LINE('',#11615,#11616);
#11615 = CARTESIAN_POINT('',(5.8,1.3));
#11616 = VECTOR('',#11617,1.);
#11617 = DIRECTION('',(0.,-1.));
#11618 = ( GEOMETRIC_REPRESENTATION_CONTEXT(2) 
PARAMETRIC_REPRESENTATION_CONTEXT() REPRESENTATION_CONTEXT('2D SPACE',''
  ) );
#11619 = PCURVE('',#11403,#11620);
#11620 = DEFINITIONAL_REPRESENTATION('',(#11621),#11625);
#11621 = LINE('',#11622,#11623);
#11622 = CARTESIAN_POINT('',(6.35,0.));
#11623 = VECTOR('',#11624,1.);
#11624 = DIRECTION('',(0.,1.));
#11625 = ( GEOMETRIC_REPRESENTATION_CONTEXT(2) 
PARAMETRIC_REPRESENTATION_CONTEXT() REPRESENTATION_CONTEXT('2D SPACE',''
  ) );
#11626 = ADVANCED_FACE('',(#11627),#8040,.T.);
#11627 = FACE_BOUND('',#11628,.T.);
#11628 = EDGE_LOOP('',(#11629,#11630,#11651,#11670,#11671,#11692));
#11629 = ORIENTED_EDGE('',*,*,#8024,.F.);
#11630 = ORIENTED_EDGE('',*,*,#11631,.F.);
#11631 = EDGE_CURVE('',#11632,#7997,#11634,.T.);
#11632 = VERTEX_POINT('',#11633);
#11633 = CARTESIAN_POINT('',(10.85,21.35,8.));
#11634 = SURFACE_CURVE('',#11635,(#11639,#11645),.PCURVE_S1.);
#11635 = LINE('',#11636,#11637);
#11636 = CARTESIAN_POINT('',(10.85,21.35,0.));
#11637 = VECTOR('',#11638,1.);
#11638 = DIRECTION('',(-0.,0.,-1.));
#11639 = PCURVE('',#8040,#11640);
#11640 = DEFINITIONAL_REPRESENTATION('',(#11641),#11644);
#11641 = B_SPLINE_CURVE_WITH_KNOTS('',1,(#11642,#11643),.UNSPECIFIED.,
  .F.,.F.,(2,2),(-8.,0.),.PIECEWISE_BEZIER_KNOTS.);
#11642 = CARTESIAN_POINT('',(8.,0.85));
#11643 = CARTESIAN_POINT('',(0.,0.85));
#11644 = ( GEOMETRIC_REPRESENTATION_CONTEXT(2) 
PARAMETRIC_REPRESENTATION_CONTEXT() REPRESENTATION_CONTEXT('2D SPACE',''
  ) );
#11645 = PCURVE('',#8012,#11646);
#11646 = DEFINITIONAL_REPRESENTATION('',(#11647),#11650);
#11647 = B_SPLINE_CURVE_WITH_KNOTS('',1,(#11648,#11649),.UNSPECIFIED.,
  .F.,.F.,(2,2),(-8.,0.),.PIECEWISE_BEZIER_KNOTS.);
#11648 = CARTESIAN_POINT('',(8.,-0.1));
#11649 = CARTESIAN_POINT('',(0.,-0.1));
#11650 = ( GEOMETRIC_REPRESENTATION_CONTEXT(2) 
PARAMETRIC_REPRESENTATION_CONTEXT() REPRESENTATION_CONTEXT('2D SPACE',''
  ) );
#11651 = ORIENTED_EDGE('',*,*,#11652,.F.);
#11652 = EDGE_CURVE('',#11202,#11632,#11653,.T.);
#11653 = SURFACE_CURVE('',#11654,(#11658,#11664),.PCURVE_S1.);
#11654 = LINE('',#11655,#11656);
#11655 = CARTESIAN_POINT('',(9.825,21.35,8.));
#11656 = VECTOR('',#11657,1.);
#11657 = DIRECTION('',(1.,0.,-0.));
#11658 = PCURVE('',#8040,#11659);
#11659 = DEFINITIONAL_REPRESENTATION('',(#11660),#11663);
#11660 = B_SPLINE_CURVE_WITH_KNOTS('',1,(#11661,#11662),.UNSPECIFIED.,
  .F.,.F.,(2,2),(0.175,1.025),.PIECEWISE_BEZIER_KNOTS.);
#11661 = CARTESIAN_POINT('',(8.,0.));
#11662 = CARTESIAN_POINT('',(8.,0.85));
#11663 = ( GEOMETRIC_REPRESENTATION_CONTEXT(2) 
PARAMETRIC_REPRESENTATION_CONTEXT() REPRESENTATION_CONTEXT('2D SPACE',''
  ) );
#11664 = PCURVE('',#11216,#11665);
#11665 = DEFINITIONAL_REPRESENTATION('',(#11666),#11669);
#11666 = B_SPLINE_CURVE_WITH_KNOTS('',1,(#11667,#11668),.UNSPECIFIED.,
  .F.,.F.,(2,2),(0.175,1.025),.PIECEWISE_BEZIER_KNOTS.);
#11667 = CARTESIAN_POINT('',(0.35,0.1));
#11668 = CARTESIAN_POINT('',(1.2,0.1));
#11669 = ( GEOMETRIC_REPRESENTATION_CONTEXT(2) 
PARAMETRIC_REPRESENTATION_CONTEXT() REPRESENTATION_CONTEXT('2D SPACE',''
  ) );
#11670 = ORIENTED_EDGE('',*,*,#11227,.F.);
#11671 = ORIENTED_EDGE('',*,*,#11672,.T.);
#11672 = EDGE_CURVE('',#11228,#11470,#11673,.T.);
#11673 = SURFACE_CURVE('',#11674,(#11678,#11685),.PCURVE_S1.);
#11674 = LINE('',#11675,#11676);
#11675 = CARTESIAN_POINT('',(10.,21.35,13.55));
#11676 = VECTOR('',#11677,1.);
#11677 = DIRECTION('',(1.,0.,-0.));
#11678 = PCURVE('',#8040,#11679);
#11679 = DEFINITIONAL_REPRESENTATION('',(#11680),#11684);
#11680 = LINE('',#11681,#11682);
#11681 = CARTESIAN_POINT('',(13.55,0.));
#11682 = VECTOR('',#11683,1.);
#11683 = DIRECTION('',(0.,1.));
#11684 = ( GEOMETRIC_REPRESENTATION_CONTEXT(2) 
PARAMETRIC_REPRESENTATION_CONTEXT() REPRESENTATION_CONTEXT('2D SPACE',''
  ) );
#11685 = PCURVE('',#11266,#11686);
#11686 = DEFINITIONAL_REPRESENTATION('',(#11687),#11691);
#11687 = LINE('',#11688,#11689);
#11688 = CARTESIAN_POINT('',(0.,1.6));
#11689 = VECTOR('',#11690,1.);
#11690 = DIRECTION('',(1.,0.));
#11691 = ( GEOMETRIC_REPRESENTATION_CONTEXT(2) 
PARAMETRIC_REPRESENTATION_CONTEXT() REPRESENTATION_CONTEXT('2D SPACE',''
  ) );
#11692 = ORIENTED_EDGE('',*,*,#11469,.T.);
#11693 = ADVANCED_FACE('',(#11694),#8012,.T.);
#11694 = FACE_BOUND('',#11695,.T.);
#11695 = EDGE_LOOP('',(#11696,#11719,#11720,#11721));
#11696 = ORIENTED_EDGE('',*,*,#11697,.F.);
#11697 = EDGE_CURVE('',#11632,#11698,#11700,.T.);
#11698 = VERTEX_POINT('',#11699);
#11699 = CARTESIAN_POINT('',(10.85,26.25,8.));
#11700 = SURFACE_CURVE('',#11701,(#11705,#11712),.PCURVE_S1.);
#11701 = LINE('',#11702,#11703);
#11702 = CARTESIAN_POINT('',(10.85,21.25,8.));
#11703 = VECTOR('',#11704,1.);
#11704 = DIRECTION('',(-0.,1.,0.));
#11705 = PCURVE('',#8012,#11706);
#11706 = DEFINITIONAL_REPRESENTATION('',(#11707),#11711);
#11707 = LINE('',#11708,#11709);
#11708 = CARTESIAN_POINT('',(8.,0.));
#11709 = VECTOR('',#11710,1.);
#11710 = DIRECTION('',(0.,-1.));
#11711 = ( GEOMETRIC_REPRESENTATION_CONTEXT(2) 
PARAMETRIC_REPRESENTATION_CONTEXT() REPRESENTATION_CONTEXT('2D SPACE',''
  ) );
#11712 = PCURVE('',#11216,#11713);
#11713 = DEFINITIONAL_REPRESENTATION('',(#11714),#11718);
#11714 = LINE('',#11715,#11716);
#11715 = CARTESIAN_POINT('',(1.2,0.));
#11716 = VECTOR('',#11717,1.);
#11717 = DIRECTION('',(0.,1.));
#11718 = ( GEOMETRIC_REPRESENTATION_CONTEXT(2) 
PARAMETRIC_REPRESENTATION_CONTEXT() REPRESENTATION_CONTEXT('2D SPACE',''
  ) );
#11719 = ORIENTED_EDGE('',*,*,#11631,.T.);
#11720 = ORIENTED_EDGE('',*,*,#7996,.T.);
#11721 = ORIENTED_EDGE('',*,*,#11722,.T.);
#11722 = EDGE_CURVE('',#7969,#11698,#11723,.T.);
#11723 = SURFACE_CURVE('',#11724,(#11728,#11735),.PCURVE_S1.);
#11724 = LINE('',#11725,#11726);
#11725 = CARTESIAN_POINT('',(10.85,26.25,0.));
#11726 = VECTOR('',#11727,1.);
#11727 = DIRECTION('',(0.,0.,1.));
#11728 = PCURVE('',#8012,#11729);
#11729 = DEFINITIONAL_REPRESENTATION('',(#11730),#11734);
#11730 = LINE('',#11731,#11732);
#11731 = CARTESIAN_POINT('',(0.,-5.));
#11732 = VECTOR('',#11733,1.);
#11733 = DIRECTION('',(1.,0.));
#11734 = ( GEOMETRIC_REPRESENTATION_CONTEXT(2) 
PARAMETRIC_REPRESENTATION_CONTEXT() REPRESENTATION_CONTEXT('2D SPACE',''
  ) );
#11735 = PCURVE('',#7984,#11736);
#11736 = DEFINITIONAL_REPRESENTATION('',(#11737),#11741);
#11737 = LINE('',#11738,#11739);
#11738 = CARTESIAN_POINT('',(0.,1.2));
#11739 = VECTOR('',#11740,1.);
#11740 = DIRECTION('',(1.,0.));
#11741 = ( GEOMETRIC_REPRESENTATION_CONTEXT(2) 
PARAMETRIC_REPRESENTATION_CONTEXT() REPRESENTATION_CONTEXT('2D SPACE',''
  ) );
#11742 = ADVANCED_FACE('',(#11743),#7984,.T.);
#11743 = FACE_BOUND('',#11744,.T.);
#11744 = EDGE_LOOP('',(#11745,#11746,#11769,#11790));
#11745 = ORIENTED_EDGE('',*,*,#7968,.F.);
#11746 = ORIENTED_EDGE('',*,*,#11747,.T.);
#11747 = EDGE_CURVE('',#7941,#11748,#11750,.T.);
#11748 = VERTEX_POINT('',#11749);
#11749 = CARTESIAN_POINT('',(9.65,26.25,8.));
#11750 = SURFACE_CURVE('',#11751,(#11755,#11762),.PCURVE_S1.);
#11751 = LINE('',#11752,#11753);
#11752 = CARTESIAN_POINT('',(9.65,26.25,0.));
#11753 = VECTOR('',#11754,1.);
#11754 = DIRECTION('',(0.,0.,1.));
#11755 = PCURVE('',#7984,#11756);
#11756 = DEFINITIONAL_REPRESENTATION('',(#11757),#11761);
#11757 = LINE('',#11758,#11759);
#11758 = CARTESIAN_POINT('',(0.,0.));
#11759 = VECTOR('',#11760,1.);
#11760 = DIRECTION('',(1.,0.));
#11761 = ( GEOMETRIC_REPRESENTATION_CONTEXT(2) 
PARAMETRIC_REPRESENTATION_CONTEXT() REPRESENTATION_CONTEXT('2D SPACE',''
  ) );
#11762 = PCURVE('',#7956,#11763);
#11763 = DEFINITIONAL_REPRESENTATION('',(#11764),#11768);
#11764 = LINE('',#11765,#11766);
#11765 = CARTESIAN_POINT('',(0.,-5.));
#11766 = VECTOR('',#11767,1.);
#11767 = DIRECTION('',(1.,0.));
#11768 = ( GEOMETRIC_REPRESENTATION_CONTEXT(2) 
PARAMETRIC_REPRESENTATION_CONTEXT() REPRESENTATION_CONTEXT('2D SPACE',''
  ) );
#11769 = ORIENTED_EDGE('',*,*,#11770,.T.);
#11770 = EDGE_CURVE('',#11748,#11698,#11771,.T.);
#11771 = SURFACE_CURVE('',#11772,(#11776,#11783),.PCURVE_S1.);
#11772 = LINE('',#11773,#11774);
#11773 = CARTESIAN_POINT('',(9.65,26.25,8.));
#11774 = VECTOR('',#11775,1.);
#11775 = DIRECTION('',(1.,0.,-0.));
#11776 = PCURVE('',#7984,#11777);
#11777 = DEFINITIONAL_REPRESENTATION('',(#11778),#11782);
#11778 = LINE('',#11779,#11780);
#11779 = CARTESIAN_POINT('',(8.,0.));
#11780 = VECTOR('',#11781,1.);
#11781 = DIRECTION('',(0.,1.));
#11782 = ( GEOMETRIC_REPRESENTATION_CONTEXT(2) 
PARAMETRIC_REPRESENTATION_CONTEXT() REPRESENTATION_CONTEXT('2D SPACE',''
  ) );
#11783 = PCURVE('',#11216,#11784);
#11784 = DEFINITIONAL_REPRESENTATION('',(#11785),#11789);
#11785 = LINE('',#11786,#11787);
#11786 = CARTESIAN_POINT('',(0.,5.));
#11787 = VECTOR('',#11788,1.);
#11788 = DIRECTION('',(1.,0.));
#11789 = ( GEOMETRIC_REPRESENTATION_CONTEXT(2) 
PARAMETRIC_REPRESENTATION_CONTEXT() REPRESENTATION_CONTEXT('2D SPACE',''
  ) );
#11790 = ORIENTED_EDGE('',*,*,#11722,.F.);
#11791 = ADVANCED_FACE('',(#11792),#7956,.F.);
#11792 = FACE_BOUND('',#11793,.F.);
#11793 = EDGE_LOOP('',(#11794,#11817,#11818,#11819));
#11794 = ORIENTED_EDGE('',*,*,#11795,.F.);
#11795 = EDGE_CURVE('',#7913,#11796,#11798,.T.);
#11796 = VERTEX_POINT('',#11797);
#11797 = CARTESIAN_POINT('',(9.65,21.25,8.));
#11798 = SURFACE_CURVE('',#11799,(#11803,#11810),.PCURVE_S1.);
#11799 = LINE('',#11800,#11801);
#11800 = CARTESIAN_POINT('',(9.65,21.25,0.));
#11801 = VECTOR('',#11802,1.);
#11802 = DIRECTION('',(0.,0.,1.));
#11803 = PCURVE('',#7956,#11804);
#11804 = DEFINITIONAL_REPRESENTATION('',(#11805),#11809);
#11805 = LINE('',#11806,#11807);
#11806 = CARTESIAN_POINT('',(0.,0.));
#11807 = VECTOR('',#11808,1.);
#11808 = DIRECTION('',(1.,0.));
#11809 = ( GEOMETRIC_REPRESENTATION_CONTEXT(2) 
PARAMETRIC_REPRESENTATION_CONTEXT() REPRESENTATION_CONTEXT('2D SPACE',''
  ) );
#11810 = PCURVE('',#7928,#11811);
#11811 = DEFINITIONAL_REPRESENTATION('',(#11812),#11816);
#11812 = LINE('',#11813,#11814);
#11813 = CARTESIAN_POINT('',(0.,0.));
#11814 = VECTOR('',#11815,1.);
#11815 = DIRECTION('',(1.,0.));
#11816 = ( GEOMETRIC_REPRESENTATION_CONTEXT(2) 
PARAMETRIC_REPRESENTATION_CONTEXT() REPRESENTATION_CONTEXT('2D SPACE',''
  ) );
#11817 = ORIENTED_EDGE('',*,*,#7940,.T.);
#11818 = ORIENTED_EDGE('',*,*,#11747,.T.);
#11819 = ORIENTED_EDGE('',*,*,#11820,.F.);
#11820 = EDGE_CURVE('',#11796,#11748,#11821,.T.);
#11821 = SURFACE_CURVE('',#11822,(#11826,#11833),.PCURVE_S1.);
#11822 = LINE('',#11823,#11824);
#11823 = CARTESIAN_POINT('',(9.65,21.25,8.));
#11824 = VECTOR('',#11825,1.);
#11825 = DIRECTION('',(-0.,1.,0.));
#11826 = PCURVE('',#7956,#11827);
#11827 = DEFINITIONAL_REPRESENTATION('',(#11828),#11832);
#11828 = LINE('',#11829,#11830);
#11829 = CARTESIAN_POINT('',(8.,0.));
#11830 = VECTOR('',#11831,1.);
#11831 = DIRECTION('',(0.,-1.));
#11832 = ( GEOMETRIC_REPRESENTATION_CONTEXT(2) 
PARAMETRIC_REPRESENTATION_CONTEXT() REPRESENTATION_CONTEXT('2D SPACE',''
  ) );
#11833 = PCURVE('',#11216,#11834);
#11834 = DEFINITIONAL_REPRESENTATION('',(#11835),#11839);
#11835 = LINE('',#11836,#11837);
#11836 = CARTESIAN_POINT('',(0.,0.));
#11837 = VECTOR('',#11838,1.);
#11838 = DIRECTION('',(0.,1.));
#11839 = ( GEOMETRIC_REPRESENTATION_CONTEXT(2) 
PARAMETRIC_REPRESENTATION_CONTEXT() REPRESENTATION_CONTEXT('2D SPACE',''
  ) );
#11840 = ADVANCED_FACE('',(#11841),#7928,.F.);
#11841 = FACE_BOUND('',#11842,.F.);
#11842 = EDGE_LOOP('',(#11843,#11844,#11845,#11866));
#11843 = ORIENTED_EDGE('',*,*,#7912,.F.);
#11844 = ORIENTED_EDGE('',*,*,#11795,.T.);
#11845 = ORIENTED_EDGE('',*,*,#11846,.T.);
#11846 = EDGE_CURVE('',#11796,#11181,#11847,.T.);
#11847 = SURFACE_CURVE('',#11848,(#11852,#11859),.PCURVE_S1.);
#11848 = LINE('',#11849,#11850);
#11849 = CARTESIAN_POINT('',(9.65,21.25,8.));
#11850 = VECTOR('',#11851,1.);
#11851 = DIRECTION('',(1.,0.,-0.));
#11852 = PCURVE('',#7928,#11853);
#11853 = DEFINITIONAL_REPRESENTATION('',(#11854),#11858);
#11854 = LINE('',#11855,#11856);
#11855 = CARTESIAN_POINT('',(8.,0.));
#11856 = VECTOR('',#11857,1.);
#11857 = DIRECTION('',(0.,1.));
#11858 = ( GEOMETRIC_REPRESENTATION_CONTEXT(2) 
PARAMETRIC_REPRESENTATION_CONTEXT() REPRESENTATION_CONTEXT('2D SPACE',''
  ) );
#11859 = PCURVE('',#11216,#11860);
#11860 = DEFINITIONAL_REPRESENTATION('',(#11861),#11865);
#11861 = LINE('',#11862,#11863);
#11862 = CARTESIAN_POINT('',(0.,0.));
#11863 = VECTOR('',#11864,1.);
#11864 = DIRECTION('',(1.,0.));
#11865 = ( GEOMETRIC_REPRESENTATION_CONTEXT(2) 
PARAMETRIC_REPRESENTATION_CONTEXT() REPRESENTATION_CONTEXT('2D SPACE',''
  ) );
#11866 = ORIENTED_EDGE('',*,*,#11180,.F.);
#11867 = ADVANCED_FACE('',(#11868,#11894),#8230,.F.);
#11868 = FACE_BOUND('',#11869,.F.);
#11869 = EDGE_LOOP('',(#11870));
#11870 = ORIENTED_EDGE('',*,*,#11871,.T.);
#11871 = EDGE_CURVE('',#11872,#11872,#11874,.T.);
#11872 = VERTEX_POINT('',#11873);
#11873 = CARTESIAN_POINT('',(18.35,-14.,3.5));
#11874 = SURFACE_CURVE('',#11875,(#11880,#11887),.PCURVE_S1.);
#11875 = CIRCLE('',#11876,3.);
#11876 = AXIS2_PLACEMENT_3D('',#11877,#11878,#11879);
#11877 = CARTESIAN_POINT('',(18.35,-14.,6.5));
#11878 = DIRECTION('',(1.,-0.,2.22044604925E-16));
#11879 = DIRECTION('',(2.22044604925E-16,0.,-1.));
#11880 = PCURVE('',#8230,#11881);
#11881 = DEFINITIONAL_REPRESENTATION('',(#11882),#11886);
#11882 = CIRCLE('',#11883,3.);
#11883 = AXIS2_PLACEMENT_2D('',#11884,#11885);
#11884 = CARTESIAN_POINT('',(0.,0.));
#11885 = DIRECTION('',(1.,0.));
#11886 = ( GEOMETRIC_REPRESENTATION_CONTEXT(2) 
PARAMETRIC_REPRESENTATION_CONTEXT() REPRESENTATION_CONTEXT('2D SPACE',''
  ) );
#11887 = PCURVE('',#9847,#11888);
#11888 = DEFINITIONAL_REPRESENTATION('',(#11889),#11893);
#11889 = LINE('',#11890,#11891);
#11890 = CARTESIAN_POINT('',(0.,1.3));
#11891 = VECTOR('',#11892,1.);
#11892 = DIRECTION('',(1.,0.));
#11893 = ( GEOMETRIC_REPRESENTATION_CONTEXT(2) 
PARAMETRIC_REPRESENTATION_CONTEXT() REPRESENTATION_CONTEXT('2D SPACE',''
  ) );
#11894 = FACE_BOUND('',#11895,.F.);
#11895 = EDGE_LOOP('',(#11896));
#11896 = ORIENTED_EDGE('',*,*,#8215,.F.);
#11897 = ADVANCED_FACE('',(#11898,#11924),#8285,.F.);
#11898 = FACE_BOUND('',#11899,.F.);
#11899 = EDGE_LOOP('',(#11900));
#11900 = ORIENTED_EDGE('',*,*,#11901,.T.);
#11901 = EDGE_CURVE('',#11902,#11902,#11904,.T.);
#11902 = VERTEX_POINT('',#11903);
#11903 = CARTESIAN_POINT('',(18.35,-3.,3.5));
#11904 = SURFACE_CURVE('',#11905,(#11910,#11917),.PCURVE_S1.);
#11905 = CIRCLE('',#11906,3.);
#11906 = AXIS2_PLACEMENT_3D('',#11907,#11908,#11909);
#11907 = CARTESIAN_POINT('',(18.35,-3.,6.5));
#11908 = DIRECTION('',(1.,-0.,2.22044604925E-16));
#11909 = DIRECTION('',(2.22044604925E-16,0.,-1.));
#11910 = PCURVE('',#8285,#11911);
#11911 = DEFINITIONAL_REPRESENTATION('',(#11912),#11916);
#11912 = CIRCLE('',#11913,3.);
#11913 = AXIS2_PLACEMENT_2D('',#11914,#11915);
#11914 = CARTESIAN_POINT('',(0.,0.));
#11915 = DIRECTION('',(1.,0.));
#11916 = ( GEOMETRIC_REPRESENTATION_CONTEXT(2) 
PARAMETRIC_REPRESENTATION_CONTEXT() REPRESENTATION_CONTEXT('2D SPACE',''
  ) );
#11917 = PCURVE('',#9744,#11918);
#11918 = DEFINITIONAL_REPRESENTATION('',(#11919),#11923);
#11919 = LINE('',#11920,#11921);
#11920 = CARTESIAN_POINT('',(0.,1.3));
#11921 = VECTOR('',#11922,1.);
#11922 = DIRECTION('',(1.,0.));
#11923 = ( GEOMETRIC_REPRESENTATION_CONTEXT(2) 
PARAMETRIC_REPRESENTATION_CONTEXT() REPRESENTATION_CONTEXT('2D SPACE',''
  ) );
#11924 = FACE_BOUND('',#11925,.F.);
#11925 = EDGE_LOOP('',(#11926));
#11926 = ORIENTED_EDGE('',*,*,#8270,.F.);
#11927 = ADVANCED_FACE('',(#11928),#8787,.F.);
#11928 = FACE_BOUND('',#11929,.F.);
#11929 = EDGE_LOOP('',(#11930,#11931,#11954,#11978,#11999,#12000));
#11930 = ORIENTED_EDGE('',*,*,#9519,.F.);
#11931 = ORIENTED_EDGE('',*,*,#11932,.T.);
#11932 = EDGE_CURVE('',#9492,#11933,#11935,.T.);
#11933 = VERTEX_POINT('',#11934);
#11934 = CARTESIAN_POINT('',(17.05,-16.82842712474,7.5));
#11935 = SURFACE_CURVE('',#11936,(#11940,#11947),.PCURVE_S1.);
#11936 = LINE('',#11937,#11938);
#11937 = CARTESIAN_POINT('',(17.05,-18.,7.5));
#11938 = VECTOR('',#11939,1.);
#11939 = DIRECTION('',(-0.,1.,0.));
#11940 = PCURVE('',#8787,#11941);
#11941 = DEFINITIONAL_REPRESENTATION('',(#11942),#11946);
#11942 = LINE('',#11943,#11944);
#11943 = CARTESIAN_POINT('',(7.5,0.));
#11944 = VECTOR('',#11945,1.);
#11945 = DIRECTION('',(0.,-1.));
#11946 = ( GEOMETRIC_REPRESENTATION_CONTEXT(2) 
PARAMETRIC_REPRESENTATION_CONTEXT() REPRESENTATION_CONTEXT('2D SPACE',''
  ) );
#11947 = PCURVE('',#9507,#11948);
#11948 = DEFINITIONAL_REPRESENTATION('',(#11949),#11953);
#11949 = LINE('',#11950,#11951);
#11950 = CARTESIAN_POINT('',(1.7,0.));
#11951 = VECTOR('',#11952,1.);
#11952 = DIRECTION('',(0.,1.));
#11953 = ( GEOMETRIC_REPRESENTATION_CONTEXT(2) 
PARAMETRIC_REPRESENTATION_CONTEXT() REPRESENTATION_CONTEXT('2D SPACE',''
  ) );
#11954 = ORIENTED_EDGE('',*,*,#11955,.F.);
#11955 = EDGE_CURVE('',#11956,#11933,#11958,.T.);
#11956 = VERTEX_POINT('',#11957);
#11957 = CARTESIAN_POINT('',(17.05,-11.17157287525,7.5));
#11958 = SURFACE_CURVE('',#11959,(#11964,#11971),.PCURVE_S1.);
#11959 = CIRCLE('',#11960,3.);
#11960 = AXIS2_PLACEMENT_3D('',#11961,#11962,#11963);
#11961 = CARTESIAN_POINT('',(17.05,-14.,6.5));
#11962 = DIRECTION('',(1.,-0.,2.22044604925E-16));
#11963 = DIRECTION('',(2.22044604925E-16,0.,-1.));
#11964 = PCURVE('',#8787,#11965);
#11965 = DEFINITIONAL_REPRESENTATION('',(#11966),#11970);
#11966 = CIRCLE('',#11967,3.);
#11967 = AXIS2_PLACEMENT_2D('',#11968,#11969);
#11968 = CARTESIAN_POINT('',(6.5,-4.));
#11969 = DIRECTION('',(-1.,0.));
#11970 = ( GEOMETRIC_REPRESENTATION_CONTEXT(2) 
PARAMETRIC_REPRESENTATION_CONTEXT() REPRESENTATION_CONTEXT('2D SPACE',''
  ) );
#11971 = PCURVE('',#9847,#11972);
#11972 = DEFINITIONAL_REPRESENTATION('',(#11973),#11977);
#11973 = LINE('',#11974,#11975);
#11974 = CARTESIAN_POINT('',(0.,0.));
#11975 = VECTOR('',#11976,1.);
#11976 = DIRECTION('',(1.,0.));
#11977 = ( GEOMETRIC_REPRESENTATION_CONTEXT(2) 
PARAMETRIC_REPRESENTATION_CONTEXT() REPRESENTATION_CONTEXT('2D SPACE',''
  ) );
#11978 = ORIENTED_EDGE('',*,*,#11979,.T.);
#11979 = EDGE_CURVE('',#11956,#8933,#11980,.T.);
#11980 = SURFACE_CURVE('',#11981,(#11985,#11992),.PCURVE_S1.);
#11981 = LINE('',#11982,#11983);
#11982 = CARTESIAN_POINT('',(17.05,-18.,7.5));
#11983 = VECTOR('',#11984,1.);
#11984 = DIRECTION('',(-0.,1.,0.));
#11985 = PCURVE('',#8787,#11986);
#11986 = DEFINITIONAL_REPRESENTATION('',(#11987),#11991);
#11987 = LINE('',#11988,#11989);
#11988 = CARTESIAN_POINT('',(7.5,0.));
#11989 = VECTOR('',#11990,1.);
#11990 = DIRECTION('',(0.,-1.));
#11991 = ( GEOMETRIC_REPRESENTATION_CONTEXT(2) 
PARAMETRIC_REPRESENTATION_CONTEXT() REPRESENTATION_CONTEXT('2D SPACE',''
  ) );
#11992 = PCURVE('',#8948,#11993);
#11993 = DEFINITIONAL_REPRESENTATION('',(#11994),#11998);
#11994 = LINE('',#11995,#11996);
#11995 = CARTESIAN_POINT('',(1.7,0.));
#11996 = VECTOR('',#11997,1.);
#11997 = DIRECTION('',(0.,1.));
#11998 = ( GEOMETRIC_REPRESENTATION_CONTEXT(2) 
PARAMETRIC_REPRESENTATION_CONTEXT() REPRESENTATION_CONTEXT('2D SPACE',''
  ) );
#11999 = ORIENTED_EDGE('',*,*,#8960,.T.);
#12000 = ORIENTED_EDGE('',*,*,#8771,.F.);
#12001 = ADVANCED_FACE('',(#12002),#8865,.F.);
#12002 = FACE_BOUND('',#12003,.F.);
#12003 = EDGE_LOOP('',(#12004,#12005,#12028,#12054,#12080));
#12004 = ORIENTED_EDGE('',*,*,#8849,.F.);
#12005 = ORIENTED_EDGE('',*,*,#12006,.T.);
#12006 = EDGE_CURVE('',#8850,#12007,#12009,.T.);
#12007 = VERTEX_POINT('',#12008);
#12008 = CARTESIAN_POINT('',(16.45,-11.91433463853,5.8));
#12009 = SURFACE_CURVE('',#12010,(#12014,#12021),.PCURVE_S1.);
#12010 = LINE('',#12011,#12012);
#12011 = CARTESIAN_POINT('',(16.45,-9.9,5.8));
#12012 = VECTOR('',#12013,1.);
#12013 = DIRECTION('',(0.,-1.,0.));
#12014 = PCURVE('',#8865,#12015);
#12015 = DEFINITIONAL_REPRESENTATION('',(#12016),#12020);
#12016 = LINE('',#12017,#12018);
#12017 = CARTESIAN_POINT('',(1.1,8.1));
#12018 = VECTOR('',#12019,1.);
#12019 = DIRECTION('',(0.,-1.));
#12020 = ( GEOMETRIC_REPRESENTATION_CONTEXT(2) 
PARAMETRIC_REPRESENTATION_CONTEXT() REPRESENTATION_CONTEXT('2D SPACE',''
  ) );
#12021 = PCURVE('',#8893,#12022);
#12022 = DEFINITIONAL_REPRESENTATION('',(#12023),#12027);
#12023 = LINE('',#12024,#12025);
#12024 = CARTESIAN_POINT('',(0.,-4.1));
#12025 = VECTOR('',#12026,1.);
#12026 = DIRECTION('',(0.,1.));
#12027 = ( GEOMETRIC_REPRESENTATION_CONTEXT(2) 
PARAMETRIC_REPRESENTATION_CONTEXT() REPRESENTATION_CONTEXT('2D SPACE',''
  ) );
#12028 = ORIENTED_EDGE('',*,*,#12029,.T.);
#12029 = EDGE_CURVE('',#12007,#12030,#12032,.T.);
#12030 = VERTEX_POINT('',#12031);
#12031 = CARTESIAN_POINT('',(17.05,-11.91433463853,5.8));
#12032 = SURFACE_CURVE('',#12033,(#12037,#12043),.PCURVE_S1.);
#12033 = LINE('',#12034,#12035);
#12034 = CARTESIAN_POINT('',(14.75,-11.91433463853,5.8));
#12035 = VECTOR('',#12036,1.);
#12036 = DIRECTION('',(1.,0.,2.22044604925E-16));
#12037 = PCURVE('',#8865,#12038);
#12038 = DEFINITIONAL_REPRESENTATION('',(#12039),#12042);
#12039 = B_SPLINE_CURVE_WITH_KNOTS('',1,(#12040,#12041),.UNSPECIFIED.,
  .F.,.F.,(2,2),(1.64,2.36),.PIECEWISE_BEZIER_KNOTS.);
#12040 = CARTESIAN_POINT('',(1.04,6.085665361461));
#12041 = CARTESIAN_POINT('',(1.76,6.085665361461));
#12042 = ( GEOMETRIC_REPRESENTATION_CONTEXT(2) 
PARAMETRIC_REPRESENTATION_CONTEXT() REPRESENTATION_CONTEXT('2D SPACE',''
  ) );
#12043 = PCURVE('',#12044,#12049);
#12044 = CYLINDRICAL_SURFACE('',#12045,2.2);
#12045 = AXIS2_PLACEMENT_3D('',#12046,#12047,#12048);
#12046 = CARTESIAN_POINT('',(14.75,-14.,6.5));
#12047 = DIRECTION('',(1.,0.,2.22044604925E-16));
#12048 = DIRECTION('',(2.22044604925E-16,0.,-1.));
#12049 = DEFINITIONAL_REPRESENTATION('',(#12050),#12053);
#12050 = B_SPLINE_CURVE_WITH_KNOTS('',1,(#12051,#12052),.UNSPECIFIED.,
  .F.,.F.,(2,2),(1.64,2.36),.PIECEWISE_BEZIER_KNOTS.);
#12051 = CARTESIAN_POINT('',(1.246985311521,1.64));
#12052 = CARTESIAN_POINT('',(1.246985311521,2.36));
#12053 = ( GEOMETRIC_REPRESENTATION_CONTEXT(2) 
PARAMETRIC_REPRESENTATION_CONTEXT() REPRESENTATION_CONTEXT('2D SPACE',''
  ) );
#12054 = ORIENTED_EDGE('',*,*,#12055,.T.);
#12055 = EDGE_CURVE('',#12030,#9808,#12056,.T.);
#12056 = SURFACE_CURVE('',#12057,(#12061,#12068),.PCURVE_S1.);
#12057 = LINE('',#12058,#12059);
#12058 = CARTESIAN_POINT('',(17.05,-18.,5.8));
#12059 = VECTOR('',#12060,1.);
#12060 = DIRECTION('',(-0.,1.,0.));
#12061 = PCURVE('',#8865,#12062);
#12062 = DEFINITIONAL_REPRESENTATION('',(#12063),#12067);
#12063 = LINE('',#12064,#12065);
#12064 = CARTESIAN_POINT('',(1.7,0.));
#12065 = VECTOR('',#12066,1.);
#12066 = DIRECTION('',(0.,1.));
#12067 = ( GEOMETRIC_REPRESENTATION_CONTEXT(2) 
PARAMETRIC_REPRESENTATION_CONTEXT() REPRESENTATION_CONTEXT('2D SPACE',''
  ) );
#12068 = PCURVE('',#12069,#12074);
#12069 = PLANE('',#12070);
#12070 = AXIS2_PLACEMENT_3D('',#12071,#12072,#12073);
#12071 = CARTESIAN_POINT('',(17.05,-14.,6.5));
#12072 = DIRECTION('',(1.,0.,2.22044604925E-16));
#12073 = DIRECTION('',(2.22044604925E-16,0.,-1.));
#12074 = DEFINITIONAL_REPRESENTATION('',(#12075),#12079);
#12075 = LINE('',#12076,#12077);
#12076 = CARTESIAN_POINT('',(0.7,-4.));
#12077 = VECTOR('',#12078,1.);
#12078 = DIRECTION('',(0.,1.));
#12079 = ( GEOMETRIC_REPRESENTATION_CONTEXT(2) 
PARAMETRIC_REPRESENTATION_CONTEXT() REPRESENTATION_CONTEXT('2D SPACE',''
  ) );
#12080 = ORIENTED_EDGE('',*,*,#9807,.T.);
#12081 = ADVANCED_FACE('',(#12082),#8893,.F.);
#12082 = FACE_BOUND('',#12083,.F.);
#12083 = EDGE_LOOP('',(#12084,#12085,#12086,#12109));
#12084 = ORIENTED_EDGE('',*,*,#12006,.F.);
#12085 = ORIENTED_EDGE('',*,*,#8877,.F.);
#12086 = ORIENTED_EDGE('',*,*,#12087,.F.);
#12087 = EDGE_CURVE('',#12088,#8878,#12090,.T.);
#12088 = VERTEX_POINT('',#12089);
#12089 = CARTESIAN_POINT('',(15.35,-11.83666923472,6.9));
#12090 = SURFACE_CURVE('',#12091,(#12095,#12102),.PCURVE_S1.);
#12091 = LINE('',#12092,#12093);
#12092 = CARTESIAN_POINT('',(15.35,-18.1,6.9));
#12093 = VECTOR('',#12094,1.);
#12094 = DIRECTION('',(0.,1.,0.));
#12095 = PCURVE('',#8893,#12096);
#12096 = DEFINITIONAL_REPRESENTATION('',(#12097),#12101);
#12097 = LINE('',#12098,#12099);
#12098 = CARTESIAN_POINT('',(1.55563491861,4.1));
#12099 = VECTOR('',#12100,1.);
#12100 = DIRECTION('',(0.,-1.));
#12101 = ( GEOMETRIC_REPRESENTATION_CONTEXT(2) 
PARAMETRIC_REPRESENTATION_CONTEXT() REPRESENTATION_CONTEXT('2D SPACE',''
  ) );
#12102 = PCURVE('',#8920,#12103);
#12103 = DEFINITIONAL_REPRESENTATION('',(#12104),#12108);
#12104 = LINE('',#12105,#12106);
#12105 = CARTESIAN_POINT('',(1.1,1.E-01));
#12106 = VECTOR('',#12107,1.);
#12107 = DIRECTION('',(0.,-1.));
#12108 = ( GEOMETRIC_REPRESENTATION_CONTEXT(2) 
PARAMETRIC_REPRESENTATION_CONTEXT() REPRESENTATION_CONTEXT('2D SPACE',''
  ) );
#12109 = ORIENTED_EDGE('',*,*,#12110,.F.);
#12110 = EDGE_CURVE('',#12007,#12088,#12111,.T.);
#12111 = SURFACE_CURVE('',#12112,(#12117,#12124),.PCURVE_S1.);
#12112 = ELLIPSE('',#12113,3.111269837221,2.2);
#12113 = AXIS2_PLACEMENT_3D('',#12114,#12115,#12116);
#12114 = CARTESIAN_POINT('',(15.75,-14.,6.5));
#12115 = DIRECTION('',(0.707106781187,0.,0.707106781187));
#12116 = DIRECTION('',(0.707106781187,0.,-0.707106781187));
#12117 = PCURVE('',#8893,#12118);
#12118 = DEFINITIONAL_REPRESENTATION('',(#12119),#12123);
#12119 = ELLIPSE('',#12120,3.111269837221,2.2);
#12120 = AXIS2_PLACEMENT_2D('',#12121,#12122);
#12121 = CARTESIAN_POINT('',(0.989949493661,0.));
#12122 = DIRECTION('',(-1.,0.));
#12123 = ( GEOMETRIC_REPRESENTATION_CONTEXT(2) 
PARAMETRIC_REPRESENTATION_CONTEXT() REPRESENTATION_CONTEXT('2D SPACE',''
  ) );
#12124 = PCURVE('',#12044,#12125);
#12125 = DEFINITIONAL_REPRESENTATION('',(#12126),#12133);
#12126 = B_SPLINE_CURVE_WITH_KNOTS('',5,(#12127,#12128,#12129,#12130,
    #12131,#12132),.UNSPECIFIED.,.F.,.F.,(6,6),(1.193743617007,
    1.804742692318),.PIECEWISE_BEZIER_KNOTS.);
#12127 = CARTESIAN_POINT('',(1.193743617007,1.81));
#12128 = CARTESIAN_POINT('',(1.315943432069,1.560045363778));
#12129 = CARTESIAN_POINT('',(1.438143247132,1.294971639069));
#12130 = CARTESIAN_POINT('',(1.560343062194,1.022552124481));
#12131 = CARTESIAN_POINT('',(1.682542877256,0.7515161695));
#12132 = CARTESIAN_POINT('',(1.804742692318,0.49));
#12133 = ( GEOMETRIC_REPRESENTATION_CONTEXT(2) 
PARAMETRIC_REPRESENTATION_CONTEXT() REPRESENTATION_CONTEXT('2D SPACE',''
  ) );
#12134 = ADVANCED_FACE('',(#12135),#8920,.F.);
#12135 = FACE_BOUND('',#12136,.F.);
#12136 = EDGE_LOOP('',(#12137,#12161,#12162,#12163));
#12137 = ORIENTED_EDGE('',*,*,#12138,.F.);
#12138 = EDGE_CURVE('',#12088,#12139,#12141,.T.);
#12139 = VERTEX_POINT('',#12140);
#12140 = CARTESIAN_POINT('',(15.35,-12.04040820577,7.5));
#12141 = SURFACE_CURVE('',#12142,(#12147,#12154),.PCURVE_S1.);
#12142 = CIRCLE('',#12143,2.2);
#12143 = AXIS2_PLACEMENT_3D('',#12144,#12145,#12146);
#12144 = CARTESIAN_POINT('',(15.35,-14.,6.5));
#12145 = DIRECTION('',(1.,0.,2.22044604925E-16));
#12146 = DIRECTION('',(2.22044604925E-16,0.,-1.));
#12147 = PCURVE('',#8920,#12148);
#12148 = DEFINITIONAL_REPRESENTATION('',(#12149),#12153);
#12149 = CIRCLE('',#12150,2.2);
#12150 = AXIS2_PLACEMENT_2D('',#12151,#12152);
#12151 = CARTESIAN_POINT('',(0.7,-4.));
#12152 = DIRECTION('',(-1.,0.));
#12153 = ( GEOMETRIC_REPRESENTATION_CONTEXT(2) 
PARAMETRIC_REPRESENTATION_CONTEXT() REPRESENTATION_CONTEXT('2D SPACE',''
  ) );
#12154 = PCURVE('',#12044,#12155);
#12155 = DEFINITIONAL_REPRESENTATION('',(#12156),#12160);
#12156 = LINE('',#12157,#12158);
#12157 = CARTESIAN_POINT('',(0.,0.6));
#12158 = VECTOR('',#12159,1.);
#12159 = DIRECTION('',(1.,0.));
#12160 = ( GEOMETRIC_REPRESENTATION_CONTEXT(2) 
PARAMETRIC_REPRESENTATION_CONTEXT() REPRESENTATION_CONTEXT('2D SPACE',''
  ) );
#12161 = ORIENTED_EDGE('',*,*,#12087,.T.);
#12162 = ORIENTED_EDGE('',*,*,#8904,.T.);
#12163 = ORIENTED_EDGE('',*,*,#12164,.F.);
#12164 = EDGE_CURVE('',#12139,#8905,#12165,.T.);
#12165 = SURFACE_CURVE('',#12166,(#12170,#12177),.PCURVE_S1.);
#12166 = LINE('',#12167,#12168);
#12167 = CARTESIAN_POINT('',(15.35,-18.,7.5));
#12168 = VECTOR('',#12169,1.);
#12169 = DIRECTION('',(-0.,1.,0.));
#12170 = PCURVE('',#8920,#12171);
#12171 = DEFINITIONAL_REPRESENTATION('',(#12172),#12176);
#12172 = LINE('',#12173,#12174);
#12173 = CARTESIAN_POINT('',(1.7,0.));
#12174 = VECTOR('',#12175,1.);
#12175 = DIRECTION('',(0.,-1.));
#12176 = ( GEOMETRIC_REPRESENTATION_CONTEXT(2) 
PARAMETRIC_REPRESENTATION_CONTEXT() REPRESENTATION_CONTEXT('2D SPACE',''
  ) );
#12177 = PCURVE('',#8948,#12178);
#12178 = DEFINITIONAL_REPRESENTATION('',(#12179),#12183);
#12179 = LINE('',#12180,#12181);
#12180 = CARTESIAN_POINT('',(0.,0.));
#12181 = VECTOR('',#12182,1.);
#12182 = DIRECTION('',(0.,1.));
#12183 = ( GEOMETRIC_REPRESENTATION_CONTEXT(2) 
PARAMETRIC_REPRESENTATION_CONTEXT() REPRESENTATION_CONTEXT('2D SPACE',''
  ) );
#12184 = ADVANCED_FACE('',(#12185),#8948,.T.);
#12185 = FACE_BOUND('',#12186,.T.);
#12186 = EDGE_LOOP('',(#12187,#12188,#12209,#12230,#12231));
#12187 = ORIENTED_EDGE('',*,*,#12164,.F.);
#12188 = ORIENTED_EDGE('',*,*,#12189,.T.);
#12189 = EDGE_CURVE('',#12139,#12190,#12192,.T.);
#12190 = VERTEX_POINT('',#12191);
#12191 = CARTESIAN_POINT('',(17.05,-12.04040820577,7.5));
#12192 = SURFACE_CURVE('',#12193,(#12197,#12203),.PCURVE_S1.);
#12193 = LINE('',#12194,#12195);
#12194 = CARTESIAN_POINT('',(14.75,-12.04040820577,7.5));
#12195 = VECTOR('',#12196,1.);
#12196 = DIRECTION('',(1.,0.,2.22044604925E-16));
#12197 = PCURVE('',#8948,#12198);
#12198 = DEFINITIONAL_REPRESENTATION('',(#12199),#12202);
#12199 = B_SPLINE_CURVE_WITH_KNOTS('',1,(#12200,#12201),.UNSPECIFIED.,
  .F.,.F.,(2,2),(0.43,2.47),.PIECEWISE_BEZIER_KNOTS.);
#12200 = CARTESIAN_POINT('',(-0.17,5.959591794227));
#12201 = CARTESIAN_POINT('',(1.87,5.959591794227));
#12202 = ( GEOMETRIC_REPRESENTATION_CONTEXT(2) 
PARAMETRIC_REPRESENTATION_CONTEXT() REPRESENTATION_CONTEXT('2D SPACE',''
  ) );
#12203 = PCURVE('',#12044,#12204);
#12204 = DEFINITIONAL_REPRESENTATION('',(#12205),#12208);
#12205 = B_SPLINE_CURVE_WITH_KNOTS('',1,(#12206,#12207),.UNSPECIFIED.,
  .F.,.F.,(2,2),(0.43,2.47),.PIECEWISE_BEZIER_KNOTS.);
#12206 = CARTESIAN_POINT('',(2.042658164075,0.43));
#12207 = CARTESIAN_POINT('',(2.042658164075,2.47));
#12208 = ( GEOMETRIC_REPRESENTATION_CONTEXT(2) 
PARAMETRIC_REPRESENTATION_CONTEXT() REPRESENTATION_CONTEXT('2D SPACE',''
  ) );
#12209 = ORIENTED_EDGE('',*,*,#12210,.T.);
#12210 = EDGE_CURVE('',#12190,#11956,#12211,.T.);
#12211 = SURFACE_CURVE('',#12212,(#12216,#12223),.PCURVE_S1.);
#12212 = LINE('',#12213,#12214);
#12213 = CARTESIAN_POINT('',(17.05,-18.,7.5));
#12214 = VECTOR('',#12215,1.);
#12215 = DIRECTION('',(-0.,1.,0.));
#12216 = PCURVE('',#8948,#12217);
#12217 = DEFINITIONAL_REPRESENTATION('',(#12218),#12222);
#12218 = LINE('',#12219,#12220);
#12219 = CARTESIAN_POINT('',(1.7,0.));
#12220 = VECTOR('',#12221,1.);
#12221 = DIRECTION('',(0.,1.));
#12222 = ( GEOMETRIC_REPRESENTATION_CONTEXT(2) 
PARAMETRIC_REPRESENTATION_CONTEXT() REPRESENTATION_CONTEXT('2D SPACE',''
  ) );
#12223 = PCURVE('',#12069,#12224);
#12224 = DEFINITIONAL_REPRESENTATION('',(#12225),#12229);
#12225 = LINE('',#12226,#12227);
#12226 = CARTESIAN_POINT('',(-1.,-4.));
#12227 = VECTOR('',#12228,1.);
#12228 = DIRECTION('',(0.,1.));
#12229 = ( GEOMETRIC_REPRESENTATION_CONTEXT(2) 
PARAMETRIC_REPRESENTATION_CONTEXT() REPRESENTATION_CONTEXT('2D SPACE',''
  ) );
#12230 = ORIENTED_EDGE('',*,*,#11979,.T.);
#12231 = ORIENTED_EDGE('',*,*,#8932,.F.);
#12232 = ADVANCED_FACE('',(#12233),#9026,.F.);
#12233 = FACE_BOUND('',#12234,.F.);
#12234 = EDGE_LOOP('',(#12235,#12263,#12284,#12285,#12286));
#12235 = ORIENTED_EDGE('',*,*,#12236,.F.);
#12236 = EDGE_CURVE('',#12237,#12239,#12241,.T.);
#12237 = VERTEX_POINT('',#12238);
#12238 = CARTESIAN_POINT('',(16.45,-5.085665361461,5.8));
#12239 = VERTEX_POINT('',#12240);
#12240 = CARTESIAN_POINT('',(17.05,-5.085665361461,5.8));
#12241 = SURFACE_CURVE('',#12242,(#12246,#12252),.PCURVE_S1.);
#12242 = LINE('',#12243,#12244);
#12243 = CARTESIAN_POINT('',(14.75,-5.085665361461,5.8));
#12244 = VECTOR('',#12245,1.);
#12245 = DIRECTION('',(1.,0.,2.22044604925E-16));
#12246 = PCURVE('',#9026,#12247);
#12247 = DEFINITIONAL_REPRESENTATION('',(#12248),#12251);
#12248 = B_SPLINE_CURVE_WITH_KNOTS('',1,(#12249,#12250),.UNSPECIFIED.,
  .F.,.F.,(2,2),(1.64,2.36),.PIECEWISE_BEZIER_KNOTS.);
#12249 = CARTESIAN_POINT('',(1.04,1.914334638539));
#12250 = CARTESIAN_POINT('',(1.76,1.914334638539));
#12251 = ( GEOMETRIC_REPRESENTATION_CONTEXT(2) 
PARAMETRIC_REPRESENTATION_CONTEXT() REPRESENTATION_CONTEXT('2D SPACE',''
  ) );
#12252 = PCURVE('',#12253,#12258);
#12253 = CYLINDRICAL_SURFACE('',#12254,2.2);
#12254 = AXIS2_PLACEMENT_3D('',#12255,#12256,#12257);
#12255 = CARTESIAN_POINT('',(14.75,-3.,6.5));
#12256 = DIRECTION('',(1.,0.,2.22044604925E-16));
#12257 = DIRECTION('',(2.22044604925E-16,0.,-1.));
#12258 = DEFINITIONAL_REPRESENTATION('',(#12259),#12262);
#12259 = B_SPLINE_CURVE_WITH_KNOTS('',1,(#12260,#12261),.UNSPECIFIED.,
  .F.,.F.,(2,2),(1.64,2.36),.PIECEWISE_BEZIER_KNOTS.);
#12260 = CARTESIAN_POINT('',(5.036199995658,1.64));
#12261 = CARTESIAN_POINT('',(5.036199995658,2.36));
#12262 = ( GEOMETRIC_REPRESENTATION_CONTEXT(2) 
PARAMETRIC_REPRESENTATION_CONTEXT() REPRESENTATION_CONTEXT('2D SPACE',''
  ) );
#12263 = ORIENTED_EDGE('',*,*,#12264,.T.);
#12264 = EDGE_CURVE('',#12237,#9011,#12265,.T.);
#12265 = SURFACE_CURVE('',#12266,(#12270,#12277),.PCURVE_S1.);
#12266 = LINE('',#12267,#12268);
#12267 = CARTESIAN_POINT('',(16.45,1.1,5.8));
#12268 = VECTOR('',#12269,1.);
#12269 = DIRECTION('',(0.,-1.,0.));
#12270 = PCURVE('',#9026,#12271);
#12271 = DEFINITIONAL_REPRESENTATION('',(#12272),#12276);
#12272 = LINE('',#12273,#12274);
#12273 = CARTESIAN_POINT('',(1.1,8.1));
#12274 = VECTOR('',#12275,1.);
#12275 = DIRECTION('',(0.,-1.));
#12276 = ( GEOMETRIC_REPRESENTATION_CONTEXT(2) 
PARAMETRIC_REPRESENTATION_CONTEXT() REPRESENTATION_CONTEXT('2D SPACE',''
  ) );
#12277 = PCURVE('',#9054,#12278);
#12278 = DEFINITIONAL_REPRESENTATION('',(#12279),#12283);
#12279 = LINE('',#12280,#12281);
#12280 = CARTESIAN_POINT('',(0.,-4.1));
#12281 = VECTOR('',#12282,1.);
#12282 = DIRECTION('',(0.,1.));
#12283 = ( GEOMETRIC_REPRESENTATION_CONTEXT(2) 
PARAMETRIC_REPRESENTATION_CONTEXT() REPRESENTATION_CONTEXT('2D SPACE',''
  ) );
#12284 = ORIENTED_EDGE('',*,*,#9010,.T.);
#12285 = ORIENTED_EDGE('',*,*,#9780,.T.);
#12286 = ORIENTED_EDGE('',*,*,#12287,.T.);
#12287 = EDGE_CURVE('',#9757,#12239,#12288,.T.);
#12288 = SURFACE_CURVE('',#12289,(#12293,#12300),.PCURVE_S1.);
#12289 = LINE('',#12290,#12291);
#12290 = CARTESIAN_POINT('',(17.05,-7.,5.8));
#12291 = VECTOR('',#12292,1.);
#12292 = DIRECTION('',(-0.,1.,0.));
#12293 = PCURVE('',#9026,#12294);
#12294 = DEFINITIONAL_REPRESENTATION('',(#12295),#12299);
#12295 = LINE('',#12296,#12297);
#12296 = CARTESIAN_POINT('',(1.7,0.));
#12297 = VECTOR('',#12298,1.);
#12298 = DIRECTION('',(0.,1.));
#12299 = ( GEOMETRIC_REPRESENTATION_CONTEXT(2) 
PARAMETRIC_REPRESENTATION_CONTEXT() REPRESENTATION_CONTEXT('2D SPACE',''
  ) );
#12300 = PCURVE('',#12301,#12306);
#12301 = PLANE('',#12302);
#12302 = AXIS2_PLACEMENT_3D('',#12303,#12304,#12305);
#12303 = CARTESIAN_POINT('',(17.05,-3.,6.5));
#12304 = DIRECTION('',(1.,0.,2.22044604925E-16));
#12305 = DIRECTION('',(2.22044604925E-16,0.,-1.));
#12306 = DEFINITIONAL_REPRESENTATION('',(#12307),#12311);
#12307 = LINE('',#12308,#12309);
#12308 = CARTESIAN_POINT('',(0.7,-4.));
#12309 = VECTOR('',#12310,1.);
#12310 = DIRECTION('',(0.,1.));
#12311 = ( GEOMETRIC_REPRESENTATION_CONTEXT(2) 
PARAMETRIC_REPRESENTATION_CONTEXT() REPRESENTATION_CONTEXT('2D SPACE',''
  ) );
#12312 = ADVANCED_FACE('',(#12313),#9054,.F.);
#12313 = FACE_BOUND('',#12314,.F.);
#12314 = EDGE_LOOP('',(#12315,#12316,#12343,#12364));
#12315 = ORIENTED_EDGE('',*,*,#12264,.F.);
#12316 = ORIENTED_EDGE('',*,*,#12317,.F.);
#12317 = EDGE_CURVE('',#12318,#12237,#12320,.T.);
#12318 = VERTEX_POINT('',#12319);
#12319 = CARTESIAN_POINT('',(15.35,-5.163330765278,6.9));
#12320 = SURFACE_CURVE('',#12321,(#12326,#12333),.PCURVE_S1.);
#12321 = ELLIPSE('',#12322,3.111269837221,2.2);
#12322 = AXIS2_PLACEMENT_3D('',#12323,#12324,#12325);
#12323 = CARTESIAN_POINT('',(15.75,-3.,6.5));
#12324 = DIRECTION('',(0.707106781187,0.,0.707106781187));
#12325 = DIRECTION('',(0.707106781187,0.,-0.707106781187));
#12326 = PCURVE('',#9054,#12327);
#12327 = DEFINITIONAL_REPRESENTATION('',(#12328),#12332);
#12328 = ELLIPSE('',#12329,3.111269837221,2.2);
#12329 = AXIS2_PLACEMENT_2D('',#12330,#12331);
#12330 = CARTESIAN_POINT('',(0.989949493661,0.));
#12331 = DIRECTION('',(-1.,0.));
#12332 = ( GEOMETRIC_REPRESENTATION_CONTEXT(2) 
PARAMETRIC_REPRESENTATION_CONTEXT() REPRESENTATION_CONTEXT('2D SPACE',''
  ) );
#12333 = PCURVE('',#12253,#12334);
#12334 = DEFINITIONAL_REPRESENTATION('',(#12335),#12342);
#12335 = B_SPLINE_CURVE_WITH_KNOTS('',5,(#12336,#12337,#12338,#12339,
    #12340,#12341),.UNSPECIFIED.,.F.,.F.,(6,6),(4.478442614861,
    5.089441690172),.PIECEWISE_BEZIER_KNOTS.);
#12336 = CARTESIAN_POINT('',(4.478442614861,0.49));
#12337 = CARTESIAN_POINT('',(4.600642429924,0.7515161695));
#12338 = CARTESIAN_POINT('',(4.722842244986,1.022552124481));
#12339 = CARTESIAN_POINT('',(4.845042060048,1.294971639069));
#12340 = CARTESIAN_POINT('',(4.96724187511,1.560045363778));
#12341 = CARTESIAN_POINT('',(5.089441690172,1.81));
#12342 = ( GEOMETRIC_REPRESENTATION_CONTEXT(2) 
PARAMETRIC_REPRESENTATION_CONTEXT() REPRESENTATION_CONTEXT('2D SPACE',''
  ) );
#12343 = ORIENTED_EDGE('',*,*,#12344,.F.);
#12344 = EDGE_CURVE('',#9039,#12318,#12345,.T.);
#12345 = SURFACE_CURVE('',#12346,(#12350,#12357),.PCURVE_S1.);
#12346 = LINE('',#12347,#12348);
#12347 = CARTESIAN_POINT('',(15.35,-7.1,6.9));
#12348 = VECTOR('',#12349,1.);
#12349 = DIRECTION('',(0.,1.,0.));
#12350 = PCURVE('',#9054,#12351);
#12351 = DEFINITIONAL_REPRESENTATION('',(#12352),#12356);
#12352 = LINE('',#12353,#12354);
#12353 = CARTESIAN_POINT('',(1.55563491861,4.1));
#12354 = VECTOR('',#12355,1.);
#12355 = DIRECTION('',(0.,-1.));
#12356 = ( GEOMETRIC_REPRESENTATION_CONTEXT(2) 
PARAMETRIC_REPRESENTATION_CONTEXT() REPRESENTATION_CONTEXT('2D SPACE',''
  ) );
#12357 = PCURVE('',#9081,#12358);
#12358 = DEFINITIONAL_REPRESENTATION('',(#12359),#12363);
#12359 = LINE('',#12360,#12361);
#12360 = CARTESIAN_POINT('',(1.1,1.E-01));
#12361 = VECTOR('',#12362,1.);
#12362 = DIRECTION('',(0.,-1.));
#12363 = ( GEOMETRIC_REPRESENTATION_CONTEXT(2) 
PARAMETRIC_REPRESENTATION_CONTEXT() REPRESENTATION_CONTEXT('2D SPACE',''
  ) );
#12364 = ORIENTED_EDGE('',*,*,#9038,.T.);
#12365 = ADVANCED_FACE('',(#12366),#9081,.F.);
#12366 = FACE_BOUND('',#12367,.F.);
#12367 = EDGE_LOOP('',(#12368,#12369,#12370,#12394));
#12368 = ORIENTED_EDGE('',*,*,#9065,.F.);
#12369 = ORIENTED_EDGE('',*,*,#12344,.T.);
#12370 = ORIENTED_EDGE('',*,*,#12371,.F.);
#12371 = EDGE_CURVE('',#12372,#12318,#12374,.T.);
#12372 = VERTEX_POINT('',#12373);
#12373 = CARTESIAN_POINT('',(15.35,-4.959591794227,7.5));
#12374 = SURFACE_CURVE('',#12375,(#12380,#12387),.PCURVE_S1.);
#12375 = CIRCLE('',#12376,2.2);
#12376 = AXIS2_PLACEMENT_3D('',#12377,#12378,#12379);
#12377 = CARTESIAN_POINT('',(15.35,-3.,6.5));
#12378 = DIRECTION('',(1.,0.,2.22044604925E-16));
#12379 = DIRECTION('',(2.22044604925E-16,0.,-1.));
#12380 = PCURVE('',#9081,#12381);
#12381 = DEFINITIONAL_REPRESENTATION('',(#12382),#12386);
#12382 = CIRCLE('',#12383,2.2);
#12383 = AXIS2_PLACEMENT_2D('',#12384,#12385);
#12384 = CARTESIAN_POINT('',(0.7,-4.));
#12385 = DIRECTION('',(-1.,0.));
#12386 = ( GEOMETRIC_REPRESENTATION_CONTEXT(2) 
PARAMETRIC_REPRESENTATION_CONTEXT() REPRESENTATION_CONTEXT('2D SPACE',''
  ) );
#12387 = PCURVE('',#12253,#12388);
#12388 = DEFINITIONAL_REPRESENTATION('',(#12389),#12393);
#12389 = LINE('',#12390,#12391);
#12390 = CARTESIAN_POINT('',(0.,0.6));
#12391 = VECTOR('',#12392,1.);
#12392 = DIRECTION('',(1.,0.));
#12393 = ( GEOMETRIC_REPRESENTATION_CONTEXT(2) 
PARAMETRIC_REPRESENTATION_CONTEXT() REPRESENTATION_CONTEXT('2D SPACE',''
  ) );
#12394 = ORIENTED_EDGE('',*,*,#12395,.F.);
#12395 = EDGE_CURVE('',#9066,#12372,#12396,.T.);
#12396 = SURFACE_CURVE('',#12397,(#12401,#12408),.PCURVE_S1.);
#12397 = LINE('',#12398,#12399);
#12398 = CARTESIAN_POINT('',(15.35,-7.,7.5));
#12399 = VECTOR('',#12400,1.);
#12400 = DIRECTION('',(-0.,1.,0.));
#12401 = PCURVE('',#9081,#12402);
#12402 = DEFINITIONAL_REPRESENTATION('',(#12403),#12407);
#12403 = LINE('',#12404,#12405);
#12404 = CARTESIAN_POINT('',(1.7,0.));
#12405 = VECTOR('',#12406,1.);
#12406 = DIRECTION('',(0.,-1.));
#12407 = ( GEOMETRIC_REPRESENTATION_CONTEXT(2) 
PARAMETRIC_REPRESENTATION_CONTEXT() REPRESENTATION_CONTEXT('2D SPACE',''
  ) );
#12408 = PCURVE('',#9109,#12409);
#12409 = DEFINITIONAL_REPRESENTATION('',(#12410),#12414);
#12410 = LINE('',#12411,#12412);
#12411 = CARTESIAN_POINT('',(0.,0.));
#12412 = VECTOR('',#12413,1.);
#12413 = DIRECTION('',(0.,1.));
#12414 = ( GEOMETRIC_REPRESENTATION_CONTEXT(2) 
PARAMETRIC_REPRESENTATION_CONTEXT() REPRESENTATION_CONTEXT('2D SPACE',''
  ) );
#12415 = ADVANCED_FACE('',(#12416),#9109,.T.);
#12416 = FACE_BOUND('',#12417,.T.);
#12417 = EDGE_LOOP('',(#12418,#12419,#12420,#12443,#12466));
#12418 = ORIENTED_EDGE('',*,*,#12395,.F.);
#12419 = ORIENTED_EDGE('',*,*,#9093,.T.);
#12420 = ORIENTED_EDGE('',*,*,#12421,.T.);
#12421 = EDGE_CURVE('',#9094,#12422,#12424,.T.);
#12422 = VERTEX_POINT('',#12423);
#12423 = CARTESIAN_POINT('',(17.05,-5.828427124746,7.5));
#12424 = SURFACE_CURVE('',#12425,(#12429,#12436),.PCURVE_S1.);
#12425 = LINE('',#12426,#12427);
#12426 = CARTESIAN_POINT('',(17.05,-7.,7.5));
#12427 = VECTOR('',#12428,1.);
#12428 = DIRECTION('',(-0.,1.,0.));
#12429 = PCURVE('',#9109,#12430);
#12430 = DEFINITIONAL_REPRESENTATION('',(#12431),#12435);
#12431 = LINE('',#12432,#12433);
#12432 = CARTESIAN_POINT('',(1.7,0.));
#12433 = VECTOR('',#12434,1.);
#12434 = DIRECTION('',(0.,1.));
#12435 = ( GEOMETRIC_REPRESENTATION_CONTEXT(2) 
PARAMETRIC_REPRESENTATION_CONTEXT() REPRESENTATION_CONTEXT('2D SPACE',''
  ) );
#12436 = PCURVE('',#9137,#12437);
#12437 = DEFINITIONAL_REPRESENTATION('',(#12438),#12442);
#12438 = LINE('',#12439,#12440);
#12439 = CARTESIAN_POINT('',(7.5,0.));
#12440 = VECTOR('',#12441,1.);
#12441 = DIRECTION('',(0.,-1.));
#12442 = ( GEOMETRIC_REPRESENTATION_CONTEXT(2) 
PARAMETRIC_REPRESENTATION_CONTEXT() REPRESENTATION_CONTEXT('2D SPACE',''
  ) );
#12443 = ORIENTED_EDGE('',*,*,#12444,.T.);
#12444 = EDGE_CURVE('',#12422,#12445,#12447,.T.);
#12445 = VERTEX_POINT('',#12446);
#12446 = CARTESIAN_POINT('',(17.05,-4.959591794227,7.5));
#12447 = SURFACE_CURVE('',#12448,(#12452,#12459),.PCURVE_S1.);
#12448 = LINE('',#12449,#12450);
#12449 = CARTESIAN_POINT('',(17.05,-7.,7.5));
#12450 = VECTOR('',#12451,1.);
#12451 = DIRECTION('',(-0.,1.,0.));
#12452 = PCURVE('',#9109,#12453);
#12453 = DEFINITIONAL_REPRESENTATION('',(#12454),#12458);
#12454 = LINE('',#12455,#12456);
#12455 = CARTESIAN_POINT('',(1.7,0.));
#12456 = VECTOR('',#12457,1.);
#12457 = DIRECTION('',(0.,1.));
#12458 = ( GEOMETRIC_REPRESENTATION_CONTEXT(2) 
PARAMETRIC_REPRESENTATION_CONTEXT() REPRESENTATION_CONTEXT('2D SPACE',''
  ) );
#12459 = PCURVE('',#12301,#12460);
#12460 = DEFINITIONAL_REPRESENTATION('',(#12461),#12465);
#12461 = LINE('',#12462,#12463);
#12462 = CARTESIAN_POINT('',(-1.,-4.));
#12463 = VECTOR('',#12464,1.);
#12464 = DIRECTION('',(0.,1.));
#12465 = ( GEOMETRIC_REPRESENTATION_CONTEXT(2) 
PARAMETRIC_REPRESENTATION_CONTEXT() REPRESENTATION_CONTEXT('2D SPACE',''
  ) );
#12466 = ORIENTED_EDGE('',*,*,#12467,.F.);
#12467 = EDGE_CURVE('',#12372,#12445,#12468,.T.);
#12468 = SURFACE_CURVE('',#12469,(#12473,#12479),.PCURVE_S1.);
#12469 = LINE('',#12470,#12471);
#12470 = CARTESIAN_POINT('',(14.75,-4.959591794227,7.5));
#12471 = VECTOR('',#12472,1.);
#12472 = DIRECTION('',(1.,0.,2.22044604925E-16));
#12473 = PCURVE('',#9109,#12474);
#12474 = DEFINITIONAL_REPRESENTATION('',(#12475),#12478);
#12475 = B_SPLINE_CURVE_WITH_KNOTS('',1,(#12476,#12477),.UNSPECIFIED.,
  .F.,.F.,(2,2),(0.43,2.47),.PIECEWISE_BEZIER_KNOTS.);
#12476 = CARTESIAN_POINT('',(-0.17,2.040408205773));
#12477 = CARTESIAN_POINT('',(1.87,2.040408205773));
#12478 = ( GEOMETRIC_REPRESENTATION_CONTEXT(2) 
PARAMETRIC_REPRESENTATION_CONTEXT() REPRESENTATION_CONTEXT('2D SPACE',''
  ) );
#12479 = PCURVE('',#12253,#12480);
#12480 = DEFINITIONAL_REPRESENTATION('',(#12481),#12484);
#12481 = B_SPLINE_CURVE_WITH_KNOTS('',1,(#12482,#12483),.UNSPECIFIED.,
  .F.,.F.,(2,2),(0.43,2.47),.PIECEWISE_BEZIER_KNOTS.);
#12482 = CARTESIAN_POINT('',(4.240527143105,0.43));
#12483 = CARTESIAN_POINT('',(4.240527143105,2.47));
#12484 = ( GEOMETRIC_REPRESENTATION_CONTEXT(2) 
PARAMETRIC_REPRESENTATION_CONTEXT() REPRESENTATION_CONTEXT('2D SPACE',''
  ) );
#12485 = ADVANCED_FACE('',(#12486),#9137,.F.);
#12486 = FACE_BOUND('',#12487,.F.);
#12487 = EDGE_LOOP('',(#12488,#12489,#12490,#12514,#12535,#12536));
#12488 = ORIENTED_EDGE('',*,*,#9121,.F.);
#12489 = ORIENTED_EDGE('',*,*,#12421,.T.);
#12490 = ORIENTED_EDGE('',*,*,#12491,.F.);
#12491 = EDGE_CURVE('',#12492,#12422,#12494,.T.);
#12492 = VERTEX_POINT('',#12493);
#12493 = CARTESIAN_POINT('',(17.05,-0.171572875254,7.5));
#12494 = SURFACE_CURVE('',#12495,(#12500,#12507),.PCURVE_S1.);
#12495 = CIRCLE('',#12496,3.);
#12496 = AXIS2_PLACEMENT_3D('',#12497,#12498,#12499);
#12497 = CARTESIAN_POINT('',(17.05,-3.,6.5));
#12498 = DIRECTION('',(1.,-0.,2.22044604925E-16));
#12499 = DIRECTION('',(2.22044604925E-16,0.,-1.));
#12500 = PCURVE('',#9137,#12501);
#12501 = DEFINITIONAL_REPRESENTATION('',(#12502),#12506);
#12502 = CIRCLE('',#12503,3.);
#12503 = AXIS2_PLACEMENT_2D('',#12504,#12505);
#12504 = CARTESIAN_POINT('',(6.5,-4.));
#12505 = DIRECTION('',(-1.,0.));
#12506 = ( GEOMETRIC_REPRESENTATION_CONTEXT(2) 
PARAMETRIC_REPRESENTATION_CONTEXT() REPRESENTATION_CONTEXT('2D SPACE',''
  ) );
#12507 = PCURVE('',#9744,#12508);
#12508 = DEFINITIONAL_REPRESENTATION('',(#12509),#12513);
#12509 = LINE('',#12510,#12511);
#12510 = CARTESIAN_POINT('',(0.,0.));
#12511 = VECTOR('',#12512,1.);
#12512 = DIRECTION('',(1.,0.));
#12513 = ( GEOMETRIC_REPRESENTATION_CONTEXT(2) 
PARAMETRIC_REPRESENTATION_CONTEXT() REPRESENTATION_CONTEXT('2D SPACE',''
  ) );
#12514 = ORIENTED_EDGE('',*,*,#12515,.T.);
#12515 = EDGE_CURVE('',#12492,#9331,#12516,.T.);
#12516 = SURFACE_CURVE('',#12517,(#12521,#12528),.PCURVE_S1.);
#12517 = LINE('',#12518,#12519);
#12518 = CARTESIAN_POINT('',(17.05,-7.,7.5));
#12519 = VECTOR('',#12520,1.);
#12520 = DIRECTION('',(-0.,1.,0.));
#12521 = PCURVE('',#9137,#12522);
#12522 = DEFINITIONAL_REPRESENTATION('',(#12523),#12527);
#12523 = LINE('',#12524,#12525);
#12524 = CARTESIAN_POINT('',(7.5,0.));
#12525 = VECTOR('',#12526,1.);
#12526 = DIRECTION('',(0.,-1.));
#12527 = ( GEOMETRIC_REPRESENTATION_CONTEXT(2) 
PARAMETRIC_REPRESENTATION_CONTEXT() REPRESENTATION_CONTEXT('2D SPACE',''
  ) );
#12528 = PCURVE('',#9346,#12529);
#12529 = DEFINITIONAL_REPRESENTATION('',(#12530),#12534);
#12530 = LINE('',#12531,#12532);
#12531 = CARTESIAN_POINT('',(1.7,0.));
#12532 = VECTOR('',#12533,1.);
#12533 = DIRECTION('',(0.,1.));
#12534 = ( GEOMETRIC_REPRESENTATION_CONTEXT(2) 
PARAMETRIC_REPRESENTATION_CONTEXT() REPRESENTATION_CONTEXT('2D SPACE',''
  ) );
#12535 = ORIENTED_EDGE('',*,*,#9358,.T.);
#12536 = ORIENTED_EDGE('',*,*,#9174,.F.);
#12537 = ADVANCED_FACE('',(#12538),#9263,.F.);
#12538 = FACE_BOUND('',#12539,.F.);
#12539 = EDGE_LOOP('',(#12540,#12541,#12564,#12590,#12616));
#12540 = ORIENTED_EDGE('',*,*,#9247,.F.);
#12541 = ORIENTED_EDGE('',*,*,#12542,.T.);
#12542 = EDGE_CURVE('',#9248,#12543,#12545,.T.);
#12543 = VERTEX_POINT('',#12544);
#12544 = CARTESIAN_POINT('',(16.45,-0.914334638539,5.8));
#12545 = SURFACE_CURVE('',#12546,(#12550,#12557),.PCURVE_S1.);
#12546 = LINE('',#12547,#12548);
#12547 = CARTESIAN_POINT('',(16.45,1.1,5.8));
#12548 = VECTOR('',#12549,1.);
#12549 = DIRECTION('',(0.,-1.,0.));
#12550 = PCURVE('',#9263,#12551);
#12551 = DEFINITIONAL_REPRESENTATION('',(#12552),#12556);
#12552 = LINE('',#12553,#12554);
#12553 = CARTESIAN_POINT('',(1.1,8.1));
#12554 = VECTOR('',#12555,1.);
#12555 = DIRECTION('',(0.,-1.));
#12556 = ( GEOMETRIC_REPRESENTATION_CONTEXT(2) 
PARAMETRIC_REPRESENTATION_CONTEXT() REPRESENTATION_CONTEXT('2D SPACE',''
  ) );
#12557 = PCURVE('',#9291,#12558);
#12558 = DEFINITIONAL_REPRESENTATION('',(#12559),#12563);
#12559 = LINE('',#12560,#12561);
#12560 = CARTESIAN_POINT('',(0.,-4.1));
#12561 = VECTOR('',#12562,1.);
#12562 = DIRECTION('',(0.,1.));
#12563 = ( GEOMETRIC_REPRESENTATION_CONTEXT(2) 
PARAMETRIC_REPRESENTATION_CONTEXT() REPRESENTATION_CONTEXT('2D SPACE',''
  ) );
#12564 = ORIENTED_EDGE('',*,*,#12565,.T.);
#12565 = EDGE_CURVE('',#12543,#12566,#12568,.T.);
#12566 = VERTEX_POINT('',#12567);
#12567 = CARTESIAN_POINT('',(17.05,-0.914334638539,5.8));
#12568 = SURFACE_CURVE('',#12569,(#12573,#12579),.PCURVE_S1.);
#12569 = LINE('',#12570,#12571);
#12570 = CARTESIAN_POINT('',(14.75,-0.914334638539,5.8));
#12571 = VECTOR('',#12572,1.);
#12572 = DIRECTION('',(1.,0.,2.22044604925E-16));
#12573 = PCURVE('',#9263,#12574);
#12574 = DEFINITIONAL_REPRESENTATION('',(#12575),#12578);
#12575 = B_SPLINE_CURVE_WITH_KNOTS('',1,(#12576,#12577),.UNSPECIFIED.,
  .F.,.F.,(2,2),(1.64,2.36),.PIECEWISE_BEZIER_KNOTS.);
#12576 = CARTESIAN_POINT('',(1.04,6.085665361461));
#12577 = CARTESIAN_POINT('',(1.76,6.085665361461));
#12578 = ( GEOMETRIC_REPRESENTATION_CONTEXT(2) 
PARAMETRIC_REPRESENTATION_CONTEXT() REPRESENTATION_CONTEXT('2D SPACE',''
  ) );
#12579 = PCURVE('',#12580,#12585);
#12580 = CYLINDRICAL_SURFACE('',#12581,2.2);
#12581 = AXIS2_PLACEMENT_3D('',#12582,#12583,#12584);
#12582 = CARTESIAN_POINT('',(14.75,-3.,6.5));
#12583 = DIRECTION('',(1.,0.,2.22044604925E-16));
#12584 = DIRECTION('',(2.22044604925E-16,0.,-1.));
#12585 = DEFINITIONAL_REPRESENTATION('',(#12586),#12589);
#12586 = B_SPLINE_CURVE_WITH_KNOTS('',1,(#12587,#12588),.UNSPECIFIED.,
  .F.,.F.,(2,2),(1.64,2.36),.PIECEWISE_BEZIER_KNOTS.);
#12587 = CARTESIAN_POINT('',(1.246985311521,1.64));
#12588 = CARTESIAN_POINT('',(1.246985311521,2.36));
#12589 = ( GEOMETRIC_REPRESENTATION_CONTEXT(2) 
PARAMETRIC_REPRESENTATION_CONTEXT() REPRESENTATION_CONTEXT('2D SPACE',''
  ) );
#12590 = ORIENTED_EDGE('',*,*,#12591,.T.);
#12591 = EDGE_CURVE('',#12566,#9705,#12592,.T.);
#12592 = SURFACE_CURVE('',#12593,(#12597,#12604),.PCURVE_S1.);
#12593 = LINE('',#12594,#12595);
#12594 = CARTESIAN_POINT('',(17.05,-7.,5.8));
#12595 = VECTOR('',#12596,1.);
#12596 = DIRECTION('',(-0.,1.,0.));
#12597 = PCURVE('',#9263,#12598);
#12598 = DEFINITIONAL_REPRESENTATION('',(#12599),#12603);
#12599 = LINE('',#12600,#12601);
#12600 = CARTESIAN_POINT('',(1.7,0.));
#12601 = VECTOR('',#12602,1.);
#12602 = DIRECTION('',(0.,1.));
#12603 = ( GEOMETRIC_REPRESENTATION_CONTEXT(2) 
PARAMETRIC_REPRESENTATION_CONTEXT() REPRESENTATION_CONTEXT('2D SPACE',''
  ) );
#12604 = PCURVE('',#12605,#12610);
#12605 = PLANE('',#12606);
#12606 = AXIS2_PLACEMENT_3D('',#12607,#12608,#12609);
#12607 = CARTESIAN_POINT('',(17.05,-3.,6.5));
#12608 = DIRECTION('',(1.,0.,2.22044604925E-16));
#12609 = DIRECTION('',(2.22044604925E-16,0.,-1.));
#12610 = DEFINITIONAL_REPRESENTATION('',(#12611),#12615);
#12611 = LINE('',#12612,#12613);
#12612 = CARTESIAN_POINT('',(0.7,-4.));
#12613 = VECTOR('',#12614,1.);
#12614 = DIRECTION('',(0.,1.));
#12615 = ( GEOMETRIC_REPRESENTATION_CONTEXT(2) 
PARAMETRIC_REPRESENTATION_CONTEXT() REPRESENTATION_CONTEXT('2D SPACE',''
  ) );
#12616 = ORIENTED_EDGE('',*,*,#9704,.T.);
#12617 = ADVANCED_FACE('',(#12618),#9291,.F.);
#12618 = FACE_BOUND('',#12619,.F.);
#12619 = EDGE_LOOP('',(#12620,#12621,#12622,#12645));
#12620 = ORIENTED_EDGE('',*,*,#12542,.F.);
#12621 = ORIENTED_EDGE('',*,*,#9275,.F.);
#12622 = ORIENTED_EDGE('',*,*,#12623,.F.);
#12623 = EDGE_CURVE('',#12624,#9276,#12626,.T.);
#12624 = VERTEX_POINT('',#12625);
#12625 = CARTESIAN_POINT('',(15.35,-0.836669234722,6.9));
#12626 = SURFACE_CURVE('',#12627,(#12631,#12638),.PCURVE_S1.);
#12627 = LINE('',#12628,#12629);
#12628 = CARTESIAN_POINT('',(15.35,-7.1,6.9));
#12629 = VECTOR('',#12630,1.);
#12630 = DIRECTION('',(0.,1.,0.));
#12631 = PCURVE('',#9291,#12632);
#12632 = DEFINITIONAL_REPRESENTATION('',(#12633),#12637);
#12633 = LINE('',#12634,#12635);
#12634 = CARTESIAN_POINT('',(1.55563491861,4.1));
#12635 = VECTOR('',#12636,1.);
#12636 = DIRECTION('',(0.,-1.));
#12637 = ( GEOMETRIC_REPRESENTATION_CONTEXT(2) 
PARAMETRIC_REPRESENTATION_CONTEXT() REPRESENTATION_CONTEXT('2D SPACE',''
  ) );
#12638 = PCURVE('',#9318,#12639);
#12639 = DEFINITIONAL_REPRESENTATION('',(#12640),#12644);
#12640 = LINE('',#12641,#12642);
#12641 = CARTESIAN_POINT('',(1.1,1.E-01));
#12642 = VECTOR('',#12643,1.);
#12643 = DIRECTION('',(0.,-1.));
#12644 = ( GEOMETRIC_REPRESENTATION_CONTEXT(2) 
PARAMETRIC_REPRESENTATION_CONTEXT() REPRESENTATION_CONTEXT('2D SPACE',''
  ) );
#12645 = ORIENTED_EDGE('',*,*,#12646,.F.);
#12646 = EDGE_CURVE('',#12543,#12624,#12647,.T.);
#12647 = SURFACE_CURVE('',#12648,(#12653,#12660),.PCURVE_S1.);
#12648 = ELLIPSE('',#12649,3.111269837221,2.2);
#12649 = AXIS2_PLACEMENT_3D('',#12650,#12651,#12652);
#12650 = CARTESIAN_POINT('',(15.75,-3.,6.5));
#12651 = DIRECTION('',(0.707106781187,0.,0.707106781187));
#12652 = DIRECTION('',(0.707106781187,0.,-0.707106781187));
#12653 = PCURVE('',#9291,#12654);
#12654 = DEFINITIONAL_REPRESENTATION('',(#12655),#12659);
#12655 = ELLIPSE('',#12656,3.111269837221,2.2);
#12656 = AXIS2_PLACEMENT_2D('',#12657,#12658);
#12657 = CARTESIAN_POINT('',(0.989949493661,0.));
#12658 = DIRECTION('',(-1.,0.));
#12659 = ( GEOMETRIC_REPRESENTATION_CONTEXT(2) 
PARAMETRIC_REPRESENTATION_CONTEXT() REPRESENTATION_CONTEXT('2D SPACE',''
  ) );
#12660 = PCURVE('',#12580,#12661);
#12661 = DEFINITIONAL_REPRESENTATION('',(#12662),#12669);
#12662 = B_SPLINE_CURVE_WITH_KNOTS('',5,(#12663,#12664,#12665,#12666,
    #12667,#12668),.UNSPECIFIED.,.F.,.F.,(6,6),(1.193743617007,
    1.804742692318),.PIECEWISE_BEZIER_KNOTS.);
#12663 = CARTESIAN_POINT('',(1.193743617007,1.81));
#12664 = CARTESIAN_POINT('',(1.315943432069,1.560045363778));
#12665 = CARTESIAN_POINT('',(1.438143247132,1.294971639069));
#12666 = CARTESIAN_POINT('',(1.560343062194,1.022552124481));
#12667 = CARTESIAN_POINT('',(1.682542877256,0.7515161695));
#12668 = CARTESIAN_POINT('',(1.804742692318,0.49));
#12669 = ( GEOMETRIC_REPRESENTATION_CONTEXT(2) 
PARAMETRIC_REPRESENTATION_CONTEXT() REPRESENTATION_CONTEXT('2D SPACE',''
  ) );
#12670 = ADVANCED_FACE('',(#12671),#9318,.F.);
#12671 = FACE_BOUND('',#12672,.F.);
#12672 = EDGE_LOOP('',(#12673,#12697,#12698,#12699));
#12673 = ORIENTED_EDGE('',*,*,#12674,.F.);
#12674 = EDGE_CURVE('',#12624,#12675,#12677,.T.);
#12675 = VERTEX_POINT('',#12676);
#12676 = CARTESIAN_POINT('',(15.35,-1.040408205773,7.5));
#12677 = SURFACE_CURVE('',#12678,(#12683,#12690),.PCURVE_S1.);
#12678 = CIRCLE('',#12679,2.2);
#12679 = AXIS2_PLACEMENT_3D('',#12680,#12681,#12682);
#12680 = CARTESIAN_POINT('',(15.35,-3.,6.5));
#12681 = DIRECTION('',(1.,0.,2.22044604925E-16));
#12682 = DIRECTION('',(2.22044604925E-16,0.,-1.));
#12683 = PCURVE('',#9318,#12684);
#12684 = DEFINITIONAL_REPRESENTATION('',(#12685),#12689);
#12685 = CIRCLE('',#12686,2.2);
#12686 = AXIS2_PLACEMENT_2D('',#12687,#12688);
#12687 = CARTESIAN_POINT('',(0.7,-4.));
#12688 = DIRECTION('',(-1.,0.));
#12689 = ( GEOMETRIC_REPRESENTATION_CONTEXT(2) 
PARAMETRIC_REPRESENTATION_CONTEXT() REPRESENTATION_CONTEXT('2D SPACE',''
  ) );
#12690 = PCURVE('',#12580,#12691);
#12691 = DEFINITIONAL_REPRESENTATION('',(#12692),#12696);
#12692 = LINE('',#12693,#12694);
#12693 = CARTESIAN_POINT('',(0.,0.6));
#12694 = VECTOR('',#12695,1.);
#12695 = DIRECTION('',(1.,0.));
#12696 = ( GEOMETRIC_REPRESENTATION_CONTEXT(2) 
PARAMETRIC_REPRESENTATION_CONTEXT() REPRESENTATION_CONTEXT('2D SPACE',''
  ) );
#12697 = ORIENTED_EDGE('',*,*,#12623,.T.);
#12698 = ORIENTED_EDGE('',*,*,#9302,.T.);
#12699 = ORIENTED_EDGE('',*,*,#12700,.F.);
#12700 = EDGE_CURVE('',#12675,#9303,#12701,.T.);
#12701 = SURFACE_CURVE('',#12702,(#12706,#12713),.PCURVE_S1.);
#12702 = LINE('',#12703,#12704);
#12703 = CARTESIAN_POINT('',(15.35,-7.,7.5));
#12704 = VECTOR('',#12705,1.);
#12705 = DIRECTION('',(-0.,1.,0.));
#12706 = PCURVE('',#9318,#12707);
#12707 = DEFINITIONAL_REPRESENTATION('',(#12708),#12712);
#12708 = LINE('',#12709,#12710);
#12709 = CARTESIAN_POINT('',(1.7,0.));
#12710 = VECTOR('',#12711,1.);
#12711 = DIRECTION('',(0.,-1.));
#12712 = ( GEOMETRIC_REPRESENTATION_CONTEXT(2) 
PARAMETRIC_REPRESENTATION_CONTEXT() REPRESENTATION_CONTEXT('2D SPACE',''
  ) );
#12713 = PCURVE('',#9346,#12714);
#12714 = DEFINITIONAL_REPRESENTATION('',(#12715),#12719);
#12715 = LINE('',#12716,#12717);
#12716 = CARTESIAN_POINT('',(0.,0.));
#12717 = VECTOR('',#12718,1.);
#12718 = DIRECTION('',(0.,1.));
#12719 = ( GEOMETRIC_REPRESENTATION_CONTEXT(2) 
PARAMETRIC_REPRESENTATION_CONTEXT() REPRESENTATION_CONTEXT('2D SPACE',''
  ) );
#12720 = ADVANCED_FACE('',(#12721),#9346,.T.);
#12721 = FACE_BOUND('',#12722,.T.);
#12722 = EDGE_LOOP('',(#12723,#12724,#12745,#12766,#12767));
#12723 = ORIENTED_EDGE('',*,*,#12700,.F.);
#12724 = ORIENTED_EDGE('',*,*,#12725,.T.);
#12725 = EDGE_CURVE('',#12675,#12726,#12728,.T.);
#12726 = VERTEX_POINT('',#12727);
#12727 = CARTESIAN_POINT('',(17.05,-1.040408205773,7.5));
#12728 = SURFACE_CURVE('',#12729,(#12733,#12739),.PCURVE_S1.);
#12729 = LINE('',#12730,#12731);
#12730 = CARTESIAN_POINT('',(14.75,-1.040408205773,7.5));
#12731 = VECTOR('',#12732,1.);
#12732 = DIRECTION('',(1.,0.,2.22044604925E-16));
#12733 = PCURVE('',#9346,#12734);
#12734 = DEFINITIONAL_REPRESENTATION('',(#12735),#12738);
#12735 = B_SPLINE_CURVE_WITH_KNOTS('',1,(#12736,#12737),.UNSPECIFIED.,
  .F.,.F.,(2,2),(0.43,2.47),.PIECEWISE_BEZIER_KNOTS.);
#12736 = CARTESIAN_POINT('',(-0.17,5.959591794227));
#12737 = CARTESIAN_POINT('',(1.87,5.959591794227));
#12738 = ( GEOMETRIC_REPRESENTATION_CONTEXT(2) 
PARAMETRIC_REPRESENTATION_CONTEXT() REPRESENTATION_CONTEXT('2D SPACE',''
  ) );
#12739 = PCURVE('',#12580,#12740);
#12740 = DEFINITIONAL_REPRESENTATION('',(#12741),#12744);
#12741 = B_SPLINE_CURVE_WITH_KNOTS('',1,(#12742,#12743),.UNSPECIFIED.,
  .F.,.F.,(2,2),(0.43,2.47),.PIECEWISE_BEZIER_KNOTS.);
#12742 = CARTESIAN_POINT('',(2.042658164075,0.43));
#12743 = CARTESIAN_POINT('',(2.042658164075,2.47));
#12744 = ( GEOMETRIC_REPRESENTATION_CONTEXT(2) 
PARAMETRIC_REPRESENTATION_CONTEXT() REPRESENTATION_CONTEXT('2D SPACE',''
  ) );
#12745 = ORIENTED_EDGE('',*,*,#12746,.T.);
#12746 = EDGE_CURVE('',#12726,#12492,#12747,.T.);
#12747 = SURFACE_CURVE('',#12748,(#12752,#12759),.PCURVE_S1.);
#12748 = LINE('',#12749,#12750);
#12749 = CARTESIAN_POINT('',(17.05,-7.,7.5));
#12750 = VECTOR('',#12751,1.);
#12751 = DIRECTION('',(-0.,1.,0.));
#12752 = PCURVE('',#9346,#12753);
#12753 = DEFINITIONAL_REPRESENTATION('',(#12754),#12758);
#12754 = LINE('',#12755,#12756);
#12755 = CARTESIAN_POINT('',(1.7,0.));
#12756 = VECTOR('',#12757,1.);
#12757 = DIRECTION('',(0.,1.));
#12758 = ( GEOMETRIC_REPRESENTATION_CONTEXT(2) 
PARAMETRIC_REPRESENTATION_CONTEXT() REPRESENTATION_CONTEXT('2D SPACE',''
  ) );
#12759 = PCURVE('',#12605,#12760);
#12760 = DEFINITIONAL_REPRESENTATION('',(#12761),#12765);
#12761 = LINE('',#12762,#12763);
#12762 = CARTESIAN_POINT('',(-1.,-4.));
#12763 = VECTOR('',#12764,1.);
#12764 = DIRECTION('',(0.,1.));
#12765 = ( GEOMETRIC_REPRESENTATION_CONTEXT(2) 
PARAMETRIC_REPRESENTATION_CONTEXT() REPRESENTATION_CONTEXT('2D SPACE',''
  ) );
#12766 = ORIENTED_EDGE('',*,*,#12515,.T.);
#12767 = ORIENTED_EDGE('',*,*,#9330,.F.);
#12768 = ADVANCED_FACE('',(#12769),#9507,.T.);
#12769 = FACE_BOUND('',#12770,.T.);
#12770 = EDGE_LOOP('',(#12771,#12794,#12795,#12796,#12824));
#12771 = ORIENTED_EDGE('',*,*,#12772,.F.);
#12772 = EDGE_CURVE('',#9464,#12773,#12775,.T.);
#12773 = VERTEX_POINT('',#12774);
#12774 = CARTESIAN_POINT('',(15.35,-15.95959179422,7.5));
#12775 = SURFACE_CURVE('',#12776,(#12780,#12787),.PCURVE_S1.);
#12776 = LINE('',#12777,#12778);
#12777 = CARTESIAN_POINT('',(15.35,-18.,7.5));
#12778 = VECTOR('',#12779,1.);
#12779 = DIRECTION('',(-0.,1.,0.));
#12780 = PCURVE('',#9507,#12781);
#12781 = DEFINITIONAL_REPRESENTATION('',(#12782),#12786);
#12782 = LINE('',#12783,#12784);
#12783 = CARTESIAN_POINT('',(0.,0.));
#12784 = VECTOR('',#12785,1.);
#12785 = DIRECTION('',(0.,1.));
#12786 = ( GEOMETRIC_REPRESENTATION_CONTEXT(2) 
PARAMETRIC_REPRESENTATION_CONTEXT() REPRESENTATION_CONTEXT('2D SPACE',''
  ) );
#12787 = PCURVE('',#9479,#12788);
#12788 = DEFINITIONAL_REPRESENTATION('',(#12789),#12793);
#12789 = LINE('',#12790,#12791);
#12790 = CARTESIAN_POINT('',(1.7,0.));
#12791 = VECTOR('',#12792,1.);
#12792 = DIRECTION('',(0.,-1.));
#12793 = ( GEOMETRIC_REPRESENTATION_CONTEXT(2) 
PARAMETRIC_REPRESENTATION_CONTEXT() REPRESENTATION_CONTEXT('2D SPACE',''
  ) );
#12794 = ORIENTED_EDGE('',*,*,#9491,.T.);
#12795 = ORIENTED_EDGE('',*,*,#11932,.T.);
#12796 = ORIENTED_EDGE('',*,*,#12797,.T.);
#12797 = EDGE_CURVE('',#11933,#12798,#12800,.T.);
#12798 = VERTEX_POINT('',#12799);
#12799 = CARTESIAN_POINT('',(17.05,-15.95959179422,7.5));
#12800 = SURFACE_CURVE('',#12801,(#12805,#12812),.PCURVE_S1.);
#12801 = LINE('',#12802,#12803);
#12802 = CARTESIAN_POINT('',(17.05,-18.,7.5));
#12803 = VECTOR('',#12804,1.);
#12804 = DIRECTION('',(-0.,1.,0.));
#12805 = PCURVE('',#9507,#12806);
#12806 = DEFINITIONAL_REPRESENTATION('',(#12807),#12811);
#12807 = LINE('',#12808,#12809);
#12808 = CARTESIAN_POINT('',(1.7,0.));
#12809 = VECTOR('',#12810,1.);
#12810 = DIRECTION('',(0.,1.));
#12811 = ( GEOMETRIC_REPRESENTATION_CONTEXT(2) 
PARAMETRIC_REPRESENTATION_CONTEXT() REPRESENTATION_CONTEXT('2D SPACE',''
  ) );
#12812 = PCURVE('',#12813,#12818);
#12813 = PLANE('',#12814);
#12814 = AXIS2_PLACEMENT_3D('',#12815,#12816,#12817);
#12815 = CARTESIAN_POINT('',(17.05,-14.,6.5));
#12816 = DIRECTION('',(1.,0.,2.22044604925E-16));
#12817 = DIRECTION('',(2.22044604925E-16,0.,-1.));
#12818 = DEFINITIONAL_REPRESENTATION('',(#12819),#12823);
#12819 = LINE('',#12820,#12821);
#12820 = CARTESIAN_POINT('',(-1.,-4.));
#12821 = VECTOR('',#12822,1.);
#12822 = DIRECTION('',(0.,1.));
#12823 = ( GEOMETRIC_REPRESENTATION_CONTEXT(2) 
PARAMETRIC_REPRESENTATION_CONTEXT() REPRESENTATION_CONTEXT('2D SPACE',''
  ) );
#12824 = ORIENTED_EDGE('',*,*,#12825,.F.);
#12825 = EDGE_CURVE('',#12773,#12798,#12826,.T.);
#12826 = SURFACE_CURVE('',#12827,(#12831,#12837),.PCURVE_S1.);
#12827 = LINE('',#12828,#12829);
#12828 = CARTESIAN_POINT('',(14.75,-15.95959179422,7.5));
#12829 = VECTOR('',#12830,1.);
#12830 = DIRECTION('',(1.,0.,2.22044604925E-16));
#12831 = PCURVE('',#9507,#12832);
#12832 = DEFINITIONAL_REPRESENTATION('',(#12833),#12836);
#12833 = B_SPLINE_CURVE_WITH_KNOTS('',1,(#12834,#12835),.UNSPECIFIED.,
  .F.,.F.,(2,2),(0.43,2.47),.PIECEWISE_BEZIER_KNOTS.);
#12834 = CARTESIAN_POINT('',(-0.17,2.040408205773));
#12835 = CARTESIAN_POINT('',(1.87,2.040408205773));
#12836 = ( GEOMETRIC_REPRESENTATION_CONTEXT(2) 
PARAMETRIC_REPRESENTATION_CONTEXT() REPRESENTATION_CONTEXT('2D SPACE',''
  ) );
#12837 = PCURVE('',#12838,#12843);
#12838 = CYLINDRICAL_SURFACE('',#12839,2.2);
#12839 = AXIS2_PLACEMENT_3D('',#12840,#12841,#12842);
#12840 = CARTESIAN_POINT('',(14.75,-14.,6.5));
#12841 = DIRECTION('',(1.,0.,2.22044604925E-16));
#12842 = DIRECTION('',(2.22044604925E-16,0.,-1.));
#12843 = DEFINITIONAL_REPRESENTATION('',(#12844),#12847);
#12844 = B_SPLINE_CURVE_WITH_KNOTS('',1,(#12845,#12846),.UNSPECIFIED.,
  .F.,.F.,(2,2),(0.43,2.47),.PIECEWISE_BEZIER_KNOTS.);
#12845 = CARTESIAN_POINT('',(4.240527143105,0.43));
#12846 = CARTESIAN_POINT('',(4.240527143105,2.47));
#12847 = ( GEOMETRIC_REPRESENTATION_CONTEXT(2) 
PARAMETRIC_REPRESENTATION_CONTEXT() REPRESENTATION_CONTEXT('2D SPACE',''
  ) );
#12848 = ADVANCED_FACE('',(#12849),#9479,.F.);
#12849 = FACE_BOUND('',#12850,.F.);
#12850 = EDGE_LOOP('',(#12851,#12852,#12875,#12897));
#12851 = ORIENTED_EDGE('',*,*,#9463,.F.);
#12852 = ORIENTED_EDGE('',*,*,#12853,.T.);
#12853 = EDGE_CURVE('',#9437,#12854,#12856,.T.);
#12854 = VERTEX_POINT('',#12855);
#12855 = CARTESIAN_POINT('',(15.35,-16.16333076527,6.9));
#12856 = SURFACE_CURVE('',#12857,(#12861,#12868),.PCURVE_S1.);
#12857 = LINE('',#12858,#12859);
#12858 = CARTESIAN_POINT('',(15.35,-18.1,6.9));
#12859 = VECTOR('',#12860,1.);
#12860 = DIRECTION('',(0.,1.,0.));
#12861 = PCURVE('',#9479,#12862);
#12862 = DEFINITIONAL_REPRESENTATION('',(#12863),#12867);
#12863 = LINE('',#12864,#12865);
#12864 = CARTESIAN_POINT('',(1.1,1.E-01));
#12865 = VECTOR('',#12866,1.);
#12866 = DIRECTION('',(0.,-1.));
#12867 = ( GEOMETRIC_REPRESENTATION_CONTEXT(2) 
PARAMETRIC_REPRESENTATION_CONTEXT() REPRESENTATION_CONTEXT('2D SPACE',''
  ) );
#12868 = PCURVE('',#9452,#12869);
#12869 = DEFINITIONAL_REPRESENTATION('',(#12870),#12874);
#12870 = LINE('',#12871,#12872);
#12871 = CARTESIAN_POINT('',(1.55563491861,4.1));
#12872 = VECTOR('',#12873,1.);
#12873 = DIRECTION('',(0.,-1.));
#12874 = ( GEOMETRIC_REPRESENTATION_CONTEXT(2) 
PARAMETRIC_REPRESENTATION_CONTEXT() REPRESENTATION_CONTEXT('2D SPACE',''
  ) );
#12875 = ORIENTED_EDGE('',*,*,#12876,.F.);
#12876 = EDGE_CURVE('',#12773,#12854,#12877,.T.);
#12877 = SURFACE_CURVE('',#12878,(#12883,#12890),.PCURVE_S1.);
#12878 = CIRCLE('',#12879,2.2);
#12879 = AXIS2_PLACEMENT_3D('',#12880,#12881,#12882);
#12880 = CARTESIAN_POINT('',(15.35,-14.,6.5));
#12881 = DIRECTION('',(1.,0.,2.22044604925E-16));
#12882 = DIRECTION('',(2.22044604925E-16,0.,-1.));
#12883 = PCURVE('',#9479,#12884);
#12884 = DEFINITIONAL_REPRESENTATION('',(#12885),#12889);
#12885 = CIRCLE('',#12886,2.2);
#12886 = AXIS2_PLACEMENT_2D('',#12887,#12888);
#12887 = CARTESIAN_POINT('',(0.7,-4.));
#12888 = DIRECTION('',(-1.,0.));
#12889 = ( GEOMETRIC_REPRESENTATION_CONTEXT(2) 
PARAMETRIC_REPRESENTATION_CONTEXT() REPRESENTATION_CONTEXT('2D SPACE',''
  ) );
#12890 = PCURVE('',#12838,#12891);
#12891 = DEFINITIONAL_REPRESENTATION('',(#12892),#12896);
#12892 = LINE('',#12893,#12894);
#12893 = CARTESIAN_POINT('',(0.,0.6));
#12894 = VECTOR('',#12895,1.);
#12895 = DIRECTION('',(1.,0.));
#12896 = ( GEOMETRIC_REPRESENTATION_CONTEXT(2) 
PARAMETRIC_REPRESENTATION_CONTEXT() REPRESENTATION_CONTEXT('2D SPACE',''
  ) );
#12897 = ORIENTED_EDGE('',*,*,#12772,.F.);
#12898 = ADVANCED_FACE('',(#12899),#9452,.F.);
#12899 = FACE_BOUND('',#12900,.F.);
#12900 = EDGE_LOOP('',(#12901,#12924,#12949,#12950));
#12901 = ORIENTED_EDGE('',*,*,#12902,.F.);
#12902 = EDGE_CURVE('',#12903,#9409,#12905,.T.);
#12903 = VERTEX_POINT('',#12904);
#12904 = CARTESIAN_POINT('',(16.45,-16.08566536146,5.8));
#12905 = SURFACE_CURVE('',#12906,(#12910,#12917),.PCURVE_S1.);
#12906 = LINE('',#12907,#12908);
#12907 = CARTESIAN_POINT('',(16.45,-9.9,5.8));
#12908 = VECTOR('',#12909,1.);
#12909 = DIRECTION('',(0.,-1.,0.));
#12910 = PCURVE('',#9452,#12911);
#12911 = DEFINITIONAL_REPRESENTATION('',(#12912),#12916);
#12912 = LINE('',#12913,#12914);
#12913 = CARTESIAN_POINT('',(0.,-4.1));
#12914 = VECTOR('',#12915,1.);
#12915 = DIRECTION('',(0.,1.));
#12916 = ( GEOMETRIC_REPRESENTATION_CONTEXT(2) 
PARAMETRIC_REPRESENTATION_CONTEXT() REPRESENTATION_CONTEXT('2D SPACE',''
  ) );
#12917 = PCURVE('',#9424,#12918);
#12918 = DEFINITIONAL_REPRESENTATION('',(#12919),#12923);
#12919 = LINE('',#12920,#12921);
#12920 = CARTESIAN_POINT('',(1.1,8.1));
#12921 = VECTOR('',#12922,1.);
#12922 = DIRECTION('',(0.,-1.));
#12923 = ( GEOMETRIC_REPRESENTATION_CONTEXT(2) 
PARAMETRIC_REPRESENTATION_CONTEXT() REPRESENTATION_CONTEXT('2D SPACE',''
  ) );
#12924 = ORIENTED_EDGE('',*,*,#12925,.F.);
#12925 = EDGE_CURVE('',#12854,#12903,#12926,.T.);
#12926 = SURFACE_CURVE('',#12927,(#12932,#12939),.PCURVE_S1.);
#12927 = ELLIPSE('',#12928,3.111269837221,2.2);
#12928 = AXIS2_PLACEMENT_3D('',#12929,#12930,#12931);
#12929 = CARTESIAN_POINT('',(15.75,-14.,6.5));
#12930 = DIRECTION('',(0.707106781187,0.,0.707106781187));
#12931 = DIRECTION('',(0.707106781187,0.,-0.707106781187));
#12932 = PCURVE('',#9452,#12933);
#12933 = DEFINITIONAL_REPRESENTATION('',(#12934),#12938);
#12934 = ELLIPSE('',#12935,3.111269837221,2.2);
#12935 = AXIS2_PLACEMENT_2D('',#12936,#12937);
#12936 = CARTESIAN_POINT('',(0.989949493661,0.));
#12937 = DIRECTION('',(-1.,0.));
#12938 = ( GEOMETRIC_REPRESENTATION_CONTEXT(2) 
PARAMETRIC_REPRESENTATION_CONTEXT() REPRESENTATION_CONTEXT('2D SPACE',''
  ) );
#12939 = PCURVE('',#12838,#12940);
#12940 = DEFINITIONAL_REPRESENTATION('',(#12941),#12948);
#12941 = B_SPLINE_CURVE_WITH_KNOTS('',5,(#12942,#12943,#12944,#12945,
    #12946,#12947),.UNSPECIFIED.,.F.,.F.,(6,6),(4.478442614861,
    5.089441690172),.PIECEWISE_BEZIER_KNOTS.);
#12942 = CARTESIAN_POINT('',(4.478442614861,0.49));
#12943 = CARTESIAN_POINT('',(4.600642429924,0.7515161695));
#12944 = CARTESIAN_POINT('',(4.722842244986,1.022552124481));
#12945 = CARTESIAN_POINT('',(4.845042060048,1.294971639069));
#12946 = CARTESIAN_POINT('',(4.96724187511,1.560045363778));
#12947 = CARTESIAN_POINT('',(5.089441690172,1.81));
#12948 = ( GEOMETRIC_REPRESENTATION_CONTEXT(2) 
PARAMETRIC_REPRESENTATION_CONTEXT() REPRESENTATION_CONTEXT('2D SPACE',''
  ) );
#12949 = ORIENTED_EDGE('',*,*,#12853,.F.);
#12950 = ORIENTED_EDGE('',*,*,#9436,.T.);
#12951 = ADVANCED_FACE('',(#12952),#9424,.F.);
#12952 = FACE_BOUND('',#12953,.F.);
#12953 = EDGE_LOOP('',(#12954,#12975,#12976,#12977,#12978));
#12954 = ORIENTED_EDGE('',*,*,#12955,.F.);
#12955 = EDGE_CURVE('',#12903,#12956,#12958,.T.);
#12956 = VERTEX_POINT('',#12957);
#12957 = CARTESIAN_POINT('',(17.05,-16.08566536146,5.8));
#12958 = SURFACE_CURVE('',#12959,(#12963,#12969),.PCURVE_S1.);
#12959 = LINE('',#12960,#12961);
#12960 = CARTESIAN_POINT('',(14.75,-16.08566536146,5.8));
#12961 = VECTOR('',#12962,1.);
#12962 = DIRECTION('',(1.,0.,2.22044604925E-16));
#12963 = PCURVE('',#9424,#12964);
#12964 = DEFINITIONAL_REPRESENTATION('',(#12965),#12968);
#12965 = B_SPLINE_CURVE_WITH_KNOTS('',1,(#12966,#12967),.UNSPECIFIED.,
  .F.,.F.,(2,2),(1.64,2.36),.PIECEWISE_BEZIER_KNOTS.);
#12966 = CARTESIAN_POINT('',(1.04,1.914334638539));
#12967 = CARTESIAN_POINT('',(1.76,1.914334638539));
#12968 = ( GEOMETRIC_REPRESENTATION_CONTEXT(2) 
PARAMETRIC_REPRESENTATION_CONTEXT() REPRESENTATION_CONTEXT('2D SPACE',''
  ) );
#12969 = PCURVE('',#12838,#12970);
#12970 = DEFINITIONAL_REPRESENTATION('',(#12971),#12974);
#12971 = B_SPLINE_CURVE_WITH_KNOTS('',1,(#12972,#12973),.UNSPECIFIED.,
  .F.,.F.,(2,2),(1.64,2.36),.PIECEWISE_BEZIER_KNOTS.);
#12972 = CARTESIAN_POINT('',(5.036199995658,1.64));
#12973 = CARTESIAN_POINT('',(5.036199995658,2.36));
#12974 = ( GEOMETRIC_REPRESENTATION_CONTEXT(2) 
PARAMETRIC_REPRESENTATION_CONTEXT() REPRESENTATION_CONTEXT('2D SPACE',''
  ) );
#12975 = ORIENTED_EDGE('',*,*,#12902,.T.);
#12976 = ORIENTED_EDGE('',*,*,#9408,.T.);
#12977 = ORIENTED_EDGE('',*,*,#9883,.T.);
#12978 = ORIENTED_EDGE('',*,*,#12979,.T.);
#12979 = EDGE_CURVE('',#9860,#12956,#12980,.T.);
#12980 = SURFACE_CURVE('',#12981,(#12985,#12992),.PCURVE_S1.);
#12981 = LINE('',#12982,#12983);
#12982 = CARTESIAN_POINT('',(17.05,-18.,5.8));
#12983 = VECTOR('',#12984,1.);
#12984 = DIRECTION('',(-0.,1.,0.));
#12985 = PCURVE('',#9424,#12986);
#12986 = DEFINITIONAL_REPRESENTATION('',(#12987),#12991);
#12987 = LINE('',#12988,#12989);
#12988 = CARTESIAN_POINT('',(1.7,0.));
#12989 = VECTOR('',#12990,1.);
#12990 = DIRECTION('',(0.,1.));
#12991 = ( GEOMETRIC_REPRESENTATION_CONTEXT(2) 
PARAMETRIC_REPRESENTATION_CONTEXT() REPRESENTATION_CONTEXT('2D SPACE',''
  ) );
#12992 = PCURVE('',#12813,#12993);
#12993 = DEFINITIONAL_REPRESENTATION('',(#12994),#12998);
#12994 = LINE('',#12995,#12996);
#12995 = CARTESIAN_POINT('',(0.7,-4.));
#12996 = VECTOR('',#12997,1.);
#12997 = DIRECTION('',(0.,1.));
#12998 = ( GEOMETRIC_REPRESENTATION_CONTEXT(2) 
PARAMETRIC_REPRESENTATION_CONTEXT() REPRESENTATION_CONTEXT('2D SPACE',''
  ) );
#12999 = ADVANCED_FACE('',(#13000),#9744,.F.);
#13000 = FACE_BOUND('',#13001,.F.);
#13001 = EDGE_LOOP('',(#13002,#13023,#13024,#13025,#13026,#13048,#13049,
    #13071));
#13002 = ORIENTED_EDGE('',*,*,#13003,.T.);
#13003 = EDGE_CURVE('',#9728,#11902,#13004,.T.);
#13004 = SEAM_CURVE('',#13005,(#13009,#13016),.PCURVE_S1.);
#13005 = LINE('',#13006,#13007);
#13006 = CARTESIAN_POINT('',(17.05,-3.,3.5));
#13007 = VECTOR('',#13008,1.);
#13008 = DIRECTION('',(1.,0.,2.22044604925E-16));
#13009 = PCURVE('',#9744,#13010);
#13010 = DEFINITIONAL_REPRESENTATION('',(#13011),#13015);
#13011 = LINE('',#13012,#13013);
#13012 = CARTESIAN_POINT('',(6.28318530718,-0.));
#13013 = VECTOR('',#13014,1.);
#13014 = DIRECTION('',(0.,1.));
#13015 = ( GEOMETRIC_REPRESENTATION_CONTEXT(2) 
PARAMETRIC_REPRESENTATION_CONTEXT() REPRESENTATION_CONTEXT('2D SPACE',''
  ) );
#13016 = PCURVE('',#9744,#13017);
#13017 = DEFINITIONAL_REPRESENTATION('',(#13018),#13022);
#13018 = LINE('',#13019,#13020);
#13019 = CARTESIAN_POINT('',(0.,-0.));
#13020 = VECTOR('',#13021,1.);
#13021 = DIRECTION('',(0.,1.));
#13022 = ( GEOMETRIC_REPRESENTATION_CONTEXT(2) 
PARAMETRIC_REPRESENTATION_CONTEXT() REPRESENTATION_CONTEXT('2D SPACE',''
  ) );
#13023 = ORIENTED_EDGE('',*,*,#11901,.F.);
#13024 = ORIENTED_EDGE('',*,*,#13003,.F.);
#13025 = ORIENTED_EDGE('',*,*,#9727,.T.);
#13026 = ORIENTED_EDGE('',*,*,#13027,.T.);
#13027 = EDGE_CURVE('',#9705,#12492,#13028,.T.);
#13028 = SURFACE_CURVE('',#13029,(#13034,#13041),.PCURVE_S1.);
#13029 = CIRCLE('',#13030,3.);
#13030 = AXIS2_PLACEMENT_3D('',#13031,#13032,#13033);
#13031 = CARTESIAN_POINT('',(17.05,-3.,6.5));
#13032 = DIRECTION('',(1.,-0.,2.22044604925E-16));
#13033 = DIRECTION('',(2.22044604925E-16,0.,-1.));
#13034 = PCURVE('',#9744,#13035);
#13035 = DEFINITIONAL_REPRESENTATION('',(#13036),#13040);
#13036 = LINE('',#13037,#13038);
#13037 = CARTESIAN_POINT('',(0.,0.));
#13038 = VECTOR('',#13039,1.);
#13039 = DIRECTION('',(1.,0.));
#13040 = ( GEOMETRIC_REPRESENTATION_CONTEXT(2) 
PARAMETRIC_REPRESENTATION_CONTEXT() REPRESENTATION_CONTEXT('2D SPACE',''
  ) );
#13041 = PCURVE('',#12605,#13042);
#13042 = DEFINITIONAL_REPRESENTATION('',(#13043),#13047);
#13043 = CIRCLE('',#13044,3.);
#13044 = AXIS2_PLACEMENT_2D('',#13045,#13046);
#13045 = CARTESIAN_POINT('',(0.,0.));
#13046 = DIRECTION('',(1.,0.));
#13047 = ( GEOMETRIC_REPRESENTATION_CONTEXT(2) 
PARAMETRIC_REPRESENTATION_CONTEXT() REPRESENTATION_CONTEXT('2D SPACE',''
  ) );
#13048 = ORIENTED_EDGE('',*,*,#12491,.T.);
#13049 = ORIENTED_EDGE('',*,*,#13050,.T.);
#13050 = EDGE_CURVE('',#12422,#9757,#13051,.T.);
#13051 = SURFACE_CURVE('',#13052,(#13057,#13064),.PCURVE_S1.);
#13052 = CIRCLE('',#13053,3.);
#13053 = AXIS2_PLACEMENT_3D('',#13054,#13055,#13056);
#13054 = CARTESIAN_POINT('',(17.05,-3.,6.5));
#13055 = DIRECTION('',(1.,-0.,2.22044604925E-16));
#13056 = DIRECTION('',(2.22044604925E-16,0.,-1.));
#13057 = PCURVE('',#9744,#13058);
#13058 = DEFINITIONAL_REPRESENTATION('',(#13059),#13063);
#13059 = LINE('',#13060,#13061);
#13060 = CARTESIAN_POINT('',(0.,0.));
#13061 = VECTOR('',#13062,1.);
#13062 = DIRECTION('',(1.,0.));
#13063 = ( GEOMETRIC_REPRESENTATION_CONTEXT(2) 
PARAMETRIC_REPRESENTATION_CONTEXT() REPRESENTATION_CONTEXT('2D SPACE',''
  ) );
#13064 = PCURVE('',#12301,#13065);
#13065 = DEFINITIONAL_REPRESENTATION('',(#13066),#13070);
#13066 = CIRCLE('',#13067,3.);
#13067 = AXIS2_PLACEMENT_2D('',#13068,#13069);
#13068 = CARTESIAN_POINT('',(0.,0.));
#13069 = DIRECTION('',(1.,0.));
#13070 = ( GEOMETRIC_REPRESENTATION_CONTEXT(2) 
PARAMETRIC_REPRESENTATION_CONTEXT() REPRESENTATION_CONTEXT('2D SPACE',''
  ) );
#13071 = ORIENTED_EDGE('',*,*,#9756,.T.);
#13072 = ADVANCED_FACE('',(#13073),#9847,.F.);
#13073 = FACE_BOUND('',#13074,.F.);
#13074 = EDGE_LOOP('',(#13075,#13096,#13097,#13098,#13099,#13121,#13122,
    #13144));
#13075 = ORIENTED_EDGE('',*,*,#13076,.T.);
#13076 = EDGE_CURVE('',#9831,#11872,#13077,.T.);
#13077 = SEAM_CURVE('',#13078,(#13082,#13089),.PCURVE_S1.);
#13078 = LINE('',#13079,#13080);
#13079 = CARTESIAN_POINT('',(17.05,-14.,3.5));
#13080 = VECTOR('',#13081,1.);
#13081 = DIRECTION('',(1.,0.,2.22044604925E-16));
#13082 = PCURVE('',#9847,#13083);
#13083 = DEFINITIONAL_REPRESENTATION('',(#13084),#13088);
#13084 = LINE('',#13085,#13086);
#13085 = CARTESIAN_POINT('',(6.28318530718,-0.));
#13086 = VECTOR('',#13087,1.);
#13087 = DIRECTION('',(0.,1.));
#13088 = ( GEOMETRIC_REPRESENTATION_CONTEXT(2) 
PARAMETRIC_REPRESENTATION_CONTEXT() REPRESENTATION_CONTEXT('2D SPACE',''
  ) );
#13089 = PCURVE('',#9847,#13090);
#13090 = DEFINITIONAL_REPRESENTATION('',(#13091),#13095);
#13091 = LINE('',#13092,#13093);
#13092 = CARTESIAN_POINT('',(0.,-0.));
#13093 = VECTOR('',#13094,1.);
#13094 = DIRECTION('',(0.,1.));
#13095 = ( GEOMETRIC_REPRESENTATION_CONTEXT(2) 
PARAMETRIC_REPRESENTATION_CONTEXT() REPRESENTATION_CONTEXT('2D SPACE',''
  ) );
#13096 = ORIENTED_EDGE('',*,*,#11871,.F.);
#13097 = ORIENTED_EDGE('',*,*,#13076,.F.);
#13098 = ORIENTED_EDGE('',*,*,#9830,.T.);
#13099 = ORIENTED_EDGE('',*,*,#13100,.T.);
#13100 = EDGE_CURVE('',#9808,#11956,#13101,.T.);
#13101 = SURFACE_CURVE('',#13102,(#13107,#13114),.PCURVE_S1.);
#13102 = CIRCLE('',#13103,3.);
#13103 = AXIS2_PLACEMENT_3D('',#13104,#13105,#13106);
#13104 = CARTESIAN_POINT('',(17.05,-14.,6.5));
#13105 = DIRECTION('',(1.,-0.,2.22044604925E-16));
#13106 = DIRECTION('',(2.22044604925E-16,0.,-1.));
#13107 = PCURVE('',#9847,#13108);
#13108 = DEFINITIONAL_REPRESENTATION('',(#13109),#13113);
#13109 = LINE('',#13110,#13111);
#13110 = CARTESIAN_POINT('',(0.,0.));
#13111 = VECTOR('',#13112,1.);
#13112 = DIRECTION('',(1.,0.));
#13113 = ( GEOMETRIC_REPRESENTATION_CONTEXT(2) 
PARAMETRIC_REPRESENTATION_CONTEXT() REPRESENTATION_CONTEXT('2D SPACE',''
  ) );
#13114 = PCURVE('',#12069,#13115);
#13115 = DEFINITIONAL_REPRESENTATION('',(#13116),#13120);
#13116 = CIRCLE('',#13117,3.);
#13117 = AXIS2_PLACEMENT_2D('',#13118,#13119);
#13118 = CARTESIAN_POINT('',(0.,0.));
#13119 = DIRECTION('',(1.,0.));
#13120 = ( GEOMETRIC_REPRESENTATION_CONTEXT(2) 
PARAMETRIC_REPRESENTATION_CONTEXT() REPRESENTATION_CONTEXT('2D SPACE',''
  ) );
#13121 = ORIENTED_EDGE('',*,*,#11955,.T.);
#13122 = ORIENTED_EDGE('',*,*,#13123,.T.);
#13123 = EDGE_CURVE('',#11933,#9860,#13124,.T.);
#13124 = SURFACE_CURVE('',#13125,(#13130,#13137),.PCURVE_S1.);
#13125 = CIRCLE('',#13126,3.);
#13126 = AXIS2_PLACEMENT_3D('',#13127,#13128,#13129);
#13127 = CARTESIAN_POINT('',(17.05,-14.,6.5));
#13128 = DIRECTION('',(1.,-0.,2.22044604925E-16));
#13129 = DIRECTION('',(2.22044604925E-16,0.,-1.));
#13130 = PCURVE('',#9847,#13131);
#13131 = DEFINITIONAL_REPRESENTATION('',(#13132),#13136);
#13132 = LINE('',#13133,#13134);
#13133 = CARTESIAN_POINT('',(0.,0.));
#13134 = VECTOR('',#13135,1.);
#13135 = DIRECTION('',(1.,0.));
#13136 = ( GEOMETRIC_REPRESENTATION_CONTEXT(2) 
PARAMETRIC_REPRESENTATION_CONTEXT() REPRESENTATION_CONTEXT('2D SPACE',''
  ) );
#13137 = PCURVE('',#12813,#13138);
#13138 = DEFINITIONAL_REPRESENTATION('',(#13139),#13143);
#13139 = CIRCLE('',#13140,3.);
#13140 = AXIS2_PLACEMENT_2D('',#13141,#13142);
#13141 = CARTESIAN_POINT('',(0.,0.));
#13142 = DIRECTION('',(1.,0.));
#13143 = ( GEOMETRIC_REPRESENTATION_CONTEXT(2) 
PARAMETRIC_REPRESENTATION_CONTEXT() REPRESENTATION_CONTEXT('2D SPACE',''
  ) );
#13144 = ORIENTED_EDGE('',*,*,#9859,.T.);
#13145 = ADVANCED_FACE('',(#13146),#9968,.T.);
#13146 = FACE_BOUND('',#13147,.T.);
#13147 = EDGE_LOOP('',(#13148,#13149,#13150,#13151));
#13148 = ORIENTED_EDGE('',*,*,#9954,.F.);
#13149 = ORIENTED_EDGE('',*,*,#9985,.T.);
#13150 = ORIENTED_EDGE('',*,*,#10057,.T.);
#13151 = ORIENTED_EDGE('',*,*,#10083,.F.);
#13152 = ADVANCED_FACE('',(#13153),#10169,.T.);
#13153 = FACE_BOUND('',#13154,.T.);
#13154 = EDGE_LOOP('',(#13155,#13156,#13157,#13158));
#13155 = ORIENTED_EDGE('',*,*,#10155,.F.);
#13156 = ORIENTED_EDGE('',*,*,#10186,.T.);
#13157 = ORIENTED_EDGE('',*,*,#10258,.T.);
#13158 = ORIENTED_EDGE('',*,*,#10284,.F.);
#13159 = ADVANCED_FACE('',(#13160),#10372,.T.);
#13160 = FACE_BOUND('',#13161,.T.);
#13161 = EDGE_LOOP('',(#13162,#13163,#13184,#13185));
#13162 = ORIENTED_EDGE('',*,*,#10356,.F.);
#13163 = ORIENTED_EDGE('',*,*,#13164,.T.);
#13164 = EDGE_CURVE('',#10357,#10599,#13165,.T.);
#13165 = SURFACE_CURVE('',#13166,(#13170,#13177),.PCURVE_S1.);
#13166 = LINE('',#13167,#13168);
#13167 = CARTESIAN_POINT('',(-16.35,19.75,13.55));
#13168 = VECTOR('',#13169,1.);
#13169 = DIRECTION('',(1.,0.,-0.));
#13170 = PCURVE('',#10372,#13171);
#13171 = DEFINITIONAL_REPRESENTATION('',(#13172),#13176);
#13172 = LINE('',#13173,#13174);
#13173 = CARTESIAN_POINT('',(0.,0.));
#13174 = VECTOR('',#13175,1.);
#13175 = DIRECTION('',(1.,0.));
#13176 = ( GEOMETRIC_REPRESENTATION_CONTEXT(2) 
PARAMETRIC_REPRESENTATION_CONTEXT() REPRESENTATION_CONTEXT('2D SPACE',''
  ) );
#13177 = PCURVE('',#10400,#13178);
#13178 = DEFINITIONAL_REPRESENTATION('',(#13179),#13183);
#13179 = LINE('',#13180,#13181);
#13180 = CARTESIAN_POINT('',(6.05,0.));
#13181 = VECTOR('',#13182,1.);
#13182 = DIRECTION('',(0.,1.));
#13183 = ( GEOMETRIC_REPRESENTATION_CONTEXT(2) 
PARAMETRIC_REPRESENTATION_CONTEXT() REPRESENTATION_CONTEXT('2D SPACE',''
  ) );
#13184 = ORIENTED_EDGE('',*,*,#10598,.T.);
#13185 = ORIENTED_EDGE('',*,*,#10738,.F.);
#13186 = ADVANCED_FACE('',(#13187),#10400,.F.);
#13187 = FACE_BOUND('',#13188,.F.);
#13188 = EDGE_LOOP('',(#13189,#13210,#13211,#13212));
#13189 = ORIENTED_EDGE('',*,*,#13190,.F.);
#13190 = EDGE_CURVE('',#10385,#10622,#13191,.T.);
#13191 = SURFACE_CURVE('',#13192,(#13196,#13203),.PCURVE_S1.);
#13192 = LINE('',#13193,#13194);
#13193 = CARTESIAN_POINT('',(-16.35,19.75,7.5));
#13194 = VECTOR('',#13195,1.);
#13195 = DIRECTION('',(1.,0.,-0.));
#13196 = PCURVE('',#10400,#13197);
#13197 = DEFINITIONAL_REPRESENTATION('',(#13198),#13202);
#13198 = LINE('',#13199,#13200);
#13199 = CARTESIAN_POINT('',(0.,0.));
#13200 = VECTOR('',#13201,1.);
#13201 = DIRECTION('',(0.,1.));
#13202 = ( GEOMETRIC_REPRESENTATION_CONTEXT(2) 
PARAMETRIC_REPRESENTATION_CONTEXT() REPRESENTATION_CONTEXT('2D SPACE',''
  ) );
#13203 = PCURVE('',#10428,#13204);
#13204 = DEFINITIONAL_REPRESENTATION('',(#13205),#13209);
#13205 = LINE('',#13206,#13207);
#13206 = CARTESIAN_POINT('',(0.,0.));
#13207 = VECTOR('',#13208,1.);
#13208 = DIRECTION('',(1.,0.));
#13209 = ( GEOMETRIC_REPRESENTATION_CONTEXT(2) 
PARAMETRIC_REPRESENTATION_CONTEXT() REPRESENTATION_CONTEXT('2D SPACE',''
  ) );
#13210 = ORIENTED_EDGE('',*,*,#10384,.T.);
#13211 = ORIENTED_EDGE('',*,*,#13164,.T.);
#13212 = ORIENTED_EDGE('',*,*,#10621,.F.);
#13213 = ADVANCED_FACE('',(#13214),#10428,.T.);
#13214 = FACE_BOUND('',#13215,.T.);
#13215 = EDGE_LOOP('',(#13216,#13217,#13238,#13239));
#13216 = ORIENTED_EDGE('',*,*,#10412,.F.);
#13217 = ORIENTED_EDGE('',*,*,#13218,.T.);
#13218 = EDGE_CURVE('',#10413,#10645,#13219,.T.);
#13219 = SURFACE_CURVE('',#13220,(#13224,#13231),.PCURVE_S1.);
#13220 = LINE('',#13221,#13222);
#13221 = CARTESIAN_POINT('',(-16.35,17.05,7.5));
#13222 = VECTOR('',#13223,1.);
#13223 = DIRECTION('',(1.,0.,-0.));
#13224 = PCURVE('',#10428,#13225);
#13225 = DEFINITIONAL_REPRESENTATION('',(#13226),#13230);
#13226 = LINE('',#13227,#13228);
#13227 = CARTESIAN_POINT('',(0.,-2.7));
#13228 = VECTOR('',#13229,1.);
#13229 = DIRECTION('',(1.,0.));
#13230 = ( GEOMETRIC_REPRESENTATION_CONTEXT(2) 
PARAMETRIC_REPRESENTATION_CONTEXT() REPRESENTATION_CONTEXT('2D SPACE',''
  ) );
#13231 = PCURVE('',#10456,#13232);
#13232 = DEFINITIONAL_REPRESENTATION('',(#13233),#13237);
#13233 = LINE('',#13234,#13235);
#13234 = CARTESIAN_POINT('',(1.7,0.));
#13235 = VECTOR('',#13236,1.);
#13236 = DIRECTION('',(0.,1.));
#13237 = ( GEOMETRIC_REPRESENTATION_CONTEXT(2) 
PARAMETRIC_REPRESENTATION_CONTEXT() REPRESENTATION_CONTEXT('2D SPACE',''
  ) );
#13238 = ORIENTED_EDGE('',*,*,#10644,.T.);
#13239 = ORIENTED_EDGE('',*,*,#13190,.F.);
#13240 = ADVANCED_FACE('',(#13241),#10456,.F.);
#13241 = FACE_BOUND('',#13242,.F.);
#13242 = EDGE_LOOP('',(#13243,#13244,#13265,#13266));
#13243 = ORIENTED_EDGE('',*,*,#10667,.F.);
#13244 = ORIENTED_EDGE('',*,*,#13245,.T.);
#13245 = EDGE_CURVE('',#10668,#10441,#13246,.T.);
#13246 = SURFACE_CURVE('',#13247,(#13251,#13258),.PCURVE_S1.);
#13247 = LINE('',#13248,#13249);
#13248 = CARTESIAN_POINT('',(-9.9,17.05,6.9));
#13249 = VECTOR('',#13250,1.);
#13250 = DIRECTION('',(-1.,0.,0.));
#13251 = PCURVE('',#10456,#13252);
#13252 = DEFINITIONAL_REPRESENTATION('',(#13253),#13257);
#13253 = LINE('',#13254,#13255);
#13254 = CARTESIAN_POINT('',(1.1,6.45));
#13255 = VECTOR('',#13256,1.);
#13256 = DIRECTION('',(0.,-1.));
#13257 = ( GEOMETRIC_REPRESENTATION_CONTEXT(2) 
PARAMETRIC_REPRESENTATION_CONTEXT() REPRESENTATION_CONTEXT('2D SPACE',''
  ) );
#13258 = PCURVE('',#10484,#13259);
#13259 = DEFINITIONAL_REPRESENTATION('',(#13260),#13264);
#13260 = LINE('',#13261,#13262);
#13261 = CARTESIAN_POINT('',(1.55563491861,3.275));
#13262 = VECTOR('',#13263,1.);
#13263 = DIRECTION('',(0.,-1.));
#13264 = ( GEOMETRIC_REPRESENTATION_CONTEXT(2) 
PARAMETRIC_REPRESENTATION_CONTEXT() REPRESENTATION_CONTEXT('2D SPACE',''
  ) );
#13265 = ORIENTED_EDGE('',*,*,#10440,.T.);
#13266 = ORIENTED_EDGE('',*,*,#13218,.T.);
#13267 = ADVANCED_FACE('',(#13268),#10484,.F.);
#13268 = FACE_BOUND('',#13269,.F.);
#13269 = EDGE_LOOP('',(#13270,#13291,#13292,#13293));
#13270 = ORIENTED_EDGE('',*,*,#13271,.F.);
#13271 = EDGE_CURVE('',#10469,#10691,#13272,.T.);
#13272 = SURFACE_CURVE('',#13273,(#13277,#13284),.PCURVE_S1.);
#13273 = LINE('',#13274,#13275);
#13274 = CARTESIAN_POINT('',(-16.45,18.15,5.8));
#13275 = VECTOR('',#13276,1.);
#13276 = DIRECTION('',(1.,0.,0.));
#13277 = PCURVE('',#10484,#13278);
#13278 = DEFINITIONAL_REPRESENTATION('',(#13279),#13283);
#13279 = LINE('',#13280,#13281);
#13280 = CARTESIAN_POINT('',(0.,-3.275));
#13281 = VECTOR('',#13282,1.);
#13282 = DIRECTION('',(0.,1.));
#13283 = ( GEOMETRIC_REPRESENTATION_CONTEXT(2) 
PARAMETRIC_REPRESENTATION_CONTEXT() REPRESENTATION_CONTEXT('2D SPACE',''
  ) );
#13284 = PCURVE('',#10509,#13285);
#13285 = DEFINITIONAL_REPRESENTATION('',(#13286),#13290);
#13286 = LINE('',#13287,#13288);
#13287 = CARTESIAN_POINT('',(-0.1,1.1));
#13288 = VECTOR('',#13289,1.);
#13289 = DIRECTION('',(1.,0.));
#13290 = ( GEOMETRIC_REPRESENTATION_CONTEXT(2) 
PARAMETRIC_REPRESENTATION_CONTEXT() REPRESENTATION_CONTEXT('2D SPACE',''
  ) );
#13291 = ORIENTED_EDGE('',*,*,#10468,.T.);
#13292 = ORIENTED_EDGE('',*,*,#13245,.F.);
#13293 = ORIENTED_EDGE('',*,*,#10690,.F.);
#13294 = ADVANCED_FACE('',(#13295),#10509,.F.);
#13295 = FACE_BOUND('',#13296,.F.);
#13296 = EDGE_LOOP('',(#13297,#13298,#13299,#13300));
#13297 = ORIENTED_EDGE('',*,*,#10495,.F.);
#13298 = ORIENTED_EDGE('',*,*,#13271,.T.);
#13299 = ORIENTED_EDGE('',*,*,#10712,.T.);
#13300 = ORIENTED_EDGE('',*,*,#10549,.F.);
#13301 = ADVANCED_FACE('',(#13302),#10824,.T.);
#13302 = FACE_BOUND('',#13303,.T.);
#13303 = EDGE_LOOP('',(#13304,#13305,#13306,#13307));
#13304 = ORIENTED_EDGE('',*,*,#10810,.F.);
#13305 = ORIENTED_EDGE('',*,*,#10841,.T.);
#13306 = ORIENTED_EDGE('',*,*,#10913,.T.);
#13307 = ORIENTED_EDGE('',*,*,#10939,.F.);
#13308 = ADVANCED_FACE('',(#13309),#11004,.T.);
#13309 = FACE_BOUND('',#13310,.T.);
#13310 = EDGE_LOOP('',(#13311,#13312,#13313,#13314));
#13311 = ORIENTED_EDGE('',*,*,#10988,.F.);
#13312 = ORIENTED_EDGE('',*,*,#11063,.F.);
#13313 = ORIENTED_EDGE('',*,*,#11089,.T.);
#13314 = ORIENTED_EDGE('',*,*,#11159,.F.);
#13315 = ADVANCED_FACE('',(#13316),#11403,.F.);
#13316 = FACE_BOUND('',#13317,.F.);
#13317 = EDGE_LOOP('',(#13318,#13319,#13340,#13341));
#13318 = ORIENTED_EDGE('',*,*,#11389,.F.);
#13319 = ORIENTED_EDGE('',*,*,#13320,.T.);
#13320 = EDGE_CURVE('',#11363,#11585,#13321,.T.);
#13321 = SURFACE_CURVE('',#13322,(#13326,#13333),.PCURVE_S1.);
#13322 = LINE('',#13323,#13324);
#13323 = CARTESIAN_POINT('',(9.9,19.55,5.8));
#13324 = VECTOR('',#13325,1.);
#13325 = DIRECTION('',(1.,0.,0.));
#13326 = PCURVE('',#11403,#13327);
#13327 = DEFINITIONAL_REPRESENTATION('',(#13328),#13332);
#13328 = LINE('',#13329,#13330);
#13329 = CARTESIAN_POINT('',(-0.1,1.1));
#13330 = VECTOR('',#13331,1.);
#13331 = DIRECTION('',(1.,0.));
#13332 = ( GEOMETRIC_REPRESENTATION_CONTEXT(2) 
PARAMETRIC_REPRESENTATION_CONTEXT() REPRESENTATION_CONTEXT('2D SPACE',''
  ) );
#13333 = PCURVE('',#11378,#13334);
#13334 = DEFINITIONAL_REPRESENTATION('',(#13335),#13339);
#13335 = LINE('',#13336,#13337);
#13336 = CARTESIAN_POINT('',(0.,-3.275));
#13337 = VECTOR('',#13338,1.);
#13338 = DIRECTION('',(0.,1.));
#13339 = ( GEOMETRIC_REPRESENTATION_CONTEXT(2) 
PARAMETRIC_REPRESENTATION_CONTEXT() REPRESENTATION_CONTEXT('2D SPACE',''
  ) );
#13340 = ORIENTED_EDGE('',*,*,#11606,.T.);
#13341 = ORIENTED_EDGE('',*,*,#11443,.F.);
#13342 = ADVANCED_FACE('',(#13343),#11378,.F.);
#13343 = FACE_BOUND('',#13344,.F.);
#13344 = EDGE_LOOP('',(#13345,#13346,#13347,#13368));
#13345 = ORIENTED_EDGE('',*,*,#13320,.F.);
#13346 = ORIENTED_EDGE('',*,*,#11362,.T.);
#13347 = ORIENTED_EDGE('',*,*,#13348,.F.);
#13348 = EDGE_CURVE('',#11562,#11335,#13349,.T.);
#13349 = SURFACE_CURVE('',#13350,(#13354,#13361),.PCURVE_S1.);
#13350 = LINE('',#13351,#13352);
#13351 = CARTESIAN_POINT('',(16.45,18.45,6.9));
#13352 = VECTOR('',#13353,1.);
#13353 = DIRECTION('',(-1.,0.,0.));
#13354 = PCURVE('',#11378,#13355);
#13355 = DEFINITIONAL_REPRESENTATION('',(#13356),#13360);
#13356 = LINE('',#13357,#13358);
#13357 = CARTESIAN_POINT('',(1.55563491861,3.275));
#13358 = VECTOR('',#13359,1.);
#13359 = DIRECTION('',(0.,-1.));
#13360 = ( GEOMETRIC_REPRESENTATION_CONTEXT(2) 
PARAMETRIC_REPRESENTATION_CONTEXT() REPRESENTATION_CONTEXT('2D SPACE',''
  ) );
#13361 = PCURVE('',#11350,#13362);
#13362 = DEFINITIONAL_REPRESENTATION('',(#13363),#13367);
#13363 = LINE('',#13364,#13365);
#13364 = CARTESIAN_POINT('',(1.1,6.45));
#13365 = VECTOR('',#13366,1.);
#13366 = DIRECTION('',(0.,-1.));
#13367 = ( GEOMETRIC_REPRESENTATION_CONTEXT(2) 
PARAMETRIC_REPRESENTATION_CONTEXT() REPRESENTATION_CONTEXT('2D SPACE',''
  ) );
#13368 = ORIENTED_EDGE('',*,*,#11584,.F.);
#13369 = ADVANCED_FACE('',(#13370),#11350,.F.);
#13370 = FACE_BOUND('',#13371,.F.);
#13371 = EDGE_LOOP('',(#13372,#13373,#13374,#13375));
#13372 = ORIENTED_EDGE('',*,*,#11561,.F.);
#13373 = ORIENTED_EDGE('',*,*,#13348,.T.);
#13374 = ORIENTED_EDGE('',*,*,#11334,.T.);
#13375 = ORIENTED_EDGE('',*,*,#13376,.T.);
#13376 = EDGE_CURVE('',#11307,#11539,#13377,.T.);
#13377 = SURFACE_CURVE('',#13378,(#13382,#13389),.PCURVE_S1.);
#13378 = LINE('',#13379,#13380);
#13379 = CARTESIAN_POINT('',(10.,18.45,7.5));
#13380 = VECTOR('',#13381,1.);
#13381 = DIRECTION('',(1.,0.,-0.));
#13382 = PCURVE('',#11350,#13383);
#13383 = DEFINITIONAL_REPRESENTATION('',(#13384),#13388);
#13384 = LINE('',#13385,#13386);
#13385 = CARTESIAN_POINT('',(1.7,0.));
#13386 = VECTOR('',#13387,1.);
#13387 = DIRECTION('',(0.,1.));
#13388 = ( GEOMETRIC_REPRESENTATION_CONTEXT(2) 
PARAMETRIC_REPRESENTATION_CONTEXT() REPRESENTATION_CONTEXT('2D SPACE',''
  ) );
#13389 = PCURVE('',#11322,#13390);
#13390 = DEFINITIONAL_REPRESENTATION('',(#13391),#13395);
#13391 = LINE('',#13392,#13393);
#13392 = CARTESIAN_POINT('',(0.,-1.3));
#13393 = VECTOR('',#13394,1.);
#13394 = DIRECTION('',(1.,0.));
#13395 = ( GEOMETRIC_REPRESENTATION_CONTEXT(2) 
PARAMETRIC_REPRESENTATION_CONTEXT() REPRESENTATION_CONTEXT('2D SPACE',''
  ) );
#13396 = ADVANCED_FACE('',(#13397),#11322,.T.);
#13397 = FACE_BOUND('',#13398,.T.);
#13398 = EDGE_LOOP('',(#13399,#13400,#13401,#13402));
#13399 = ORIENTED_EDGE('',*,*,#11306,.F.);
#13400 = ORIENTED_EDGE('',*,*,#13376,.T.);
#13401 = ORIENTED_EDGE('',*,*,#11538,.T.);
#13402 = ORIENTED_EDGE('',*,*,#13403,.F.);
#13403 = EDGE_CURVE('',#11279,#11516,#13404,.T.);
#13404 = SURFACE_CURVE('',#13405,(#13409,#13416),.PCURVE_S1.);
#13405 = LINE('',#13406,#13407);
#13406 = CARTESIAN_POINT('',(10.,19.75,7.5));
#13407 = VECTOR('',#13408,1.);
#13408 = DIRECTION('',(1.,0.,-0.));
#13409 = PCURVE('',#11322,#13410);
#13410 = DEFINITIONAL_REPRESENTATION('',(#13411),#13415);
#13411 = LINE('',#13412,#13413);
#13412 = CARTESIAN_POINT('',(0.,0.));
#13413 = VECTOR('',#13414,1.);
#13414 = DIRECTION('',(1.,0.));
#13415 = ( GEOMETRIC_REPRESENTATION_CONTEXT(2) 
PARAMETRIC_REPRESENTATION_CONTEXT() REPRESENTATION_CONTEXT('2D SPACE',''
  ) );
#13416 = PCURVE('',#11294,#13417);
#13417 = DEFINITIONAL_REPRESENTATION('',(#13418),#13422);
#13418 = LINE('',#13419,#13420);
#13419 = CARTESIAN_POINT('',(0.,0.));
#13420 = VECTOR('',#13421,1.);
#13421 = DIRECTION('',(0.,1.));
#13422 = ( GEOMETRIC_REPRESENTATION_CONTEXT(2) 
PARAMETRIC_REPRESENTATION_CONTEXT() REPRESENTATION_CONTEXT('2D SPACE',''
  ) );
#13423 = ADVANCED_FACE('',(#13424),#11294,.F.);
#13424 = FACE_BOUND('',#13425,.F.);
#13425 = EDGE_LOOP('',(#13426,#13427,#13428,#13449));
#13426 = ORIENTED_EDGE('',*,*,#13403,.F.);
#13427 = ORIENTED_EDGE('',*,*,#11278,.T.);
#13428 = ORIENTED_EDGE('',*,*,#13429,.T.);
#13429 = EDGE_CURVE('',#11251,#11493,#13430,.T.);
#13430 = SURFACE_CURVE('',#13431,(#13435,#13442),.PCURVE_S1.);
#13431 = LINE('',#13432,#13433);
#13432 = CARTESIAN_POINT('',(10.,19.75,13.55));
#13433 = VECTOR('',#13434,1.);
#13434 = DIRECTION('',(1.,0.,-0.));
#13435 = PCURVE('',#11294,#13436);
#13436 = DEFINITIONAL_REPRESENTATION('',(#13437),#13441);
#13437 = LINE('',#13438,#13439);
#13438 = CARTESIAN_POINT('',(6.05,0.));
#13439 = VECTOR('',#13440,1.);
#13440 = DIRECTION('',(0.,1.));
#13441 = ( GEOMETRIC_REPRESENTATION_CONTEXT(2) 
PARAMETRIC_REPRESENTATION_CONTEXT() REPRESENTATION_CONTEXT('2D SPACE',''
  ) );
#13442 = PCURVE('',#11266,#13443);
#13443 = DEFINITIONAL_REPRESENTATION('',(#13444),#13448);
#13444 = LINE('',#13445,#13446);
#13445 = CARTESIAN_POINT('',(0.,0.));
#13446 = VECTOR('',#13447,1.);
#13447 = DIRECTION('',(1.,0.));
#13448 = ( GEOMETRIC_REPRESENTATION_CONTEXT(2) 
PARAMETRIC_REPRESENTATION_CONTEXT() REPRESENTATION_CONTEXT('2D SPACE',''
  ) );
#13449 = ORIENTED_EDGE('',*,*,#11515,.F.);
#13450 = ADVANCED_FACE('',(#13451),#11266,.T.);
#13451 = FACE_BOUND('',#13452,.T.);
#13452 = EDGE_LOOP('',(#13453,#13454,#13455,#13456));
#13453 = ORIENTED_EDGE('',*,*,#11250,.F.);
#13454 = ORIENTED_EDGE('',*,*,#13429,.T.);
#13455 = ORIENTED_EDGE('',*,*,#11492,.T.);
#13456 = ORIENTED_EDGE('',*,*,#11672,.F.);
#13457 = ADVANCED_FACE('',(#13458),#11216,.T.);
#13458 = FACE_BOUND('',#13459,.T.);
#13459 = EDGE_LOOP('',(#13460,#13461,#13462,#13463,#13464,#13465));
#13460 = ORIENTED_EDGE('',*,*,#11770,.F.);
#13461 = ORIENTED_EDGE('',*,*,#11820,.F.);
#13462 = ORIENTED_EDGE('',*,*,#11846,.T.);
#13463 = ORIENTED_EDGE('',*,*,#11201,.F.);
#13464 = ORIENTED_EDGE('',*,*,#11652,.T.);
#13465 = ORIENTED_EDGE('',*,*,#11697,.T.);
#13466 = ADVANCED_FACE('',(#13467),#12069,.T.);
#13467 = FACE_BOUND('',#13468,.T.);
#13468 = EDGE_LOOP('',(#13469,#13470,#13471,#13472));
#13469 = ORIENTED_EDGE('',*,*,#12055,.T.);
#13470 = ORIENTED_EDGE('',*,*,#13100,.T.);
#13471 = ORIENTED_EDGE('',*,*,#12210,.F.);
#13472 = ORIENTED_EDGE('',*,*,#13473,.F.);
#13473 = EDGE_CURVE('',#12030,#12190,#13474,.T.);
#13474 = SURFACE_CURVE('',#13475,(#13480,#13487),.PCURVE_S1.);
#13475 = CIRCLE('',#13476,2.2);
#13476 = AXIS2_PLACEMENT_3D('',#13477,#13478,#13479);
#13477 = CARTESIAN_POINT('',(17.05,-14.,6.5));
#13478 = DIRECTION('',(1.,0.,2.22044604925E-16));
#13479 = DIRECTION('',(2.22044604925E-16,0.,-1.));
#13480 = PCURVE('',#12069,#13481);
#13481 = DEFINITIONAL_REPRESENTATION('',(#13482),#13486);
#13482 = CIRCLE('',#13483,2.2);
#13483 = AXIS2_PLACEMENT_2D('',#13484,#13485);
#13484 = CARTESIAN_POINT('',(8.881784197001E-16,0.));
#13485 = DIRECTION('',(1.,0.));
#13486 = ( GEOMETRIC_REPRESENTATION_CONTEXT(2) 
PARAMETRIC_REPRESENTATION_CONTEXT() REPRESENTATION_CONTEXT('2D SPACE',''
  ) );
#13487 = PCURVE('',#12044,#13488);
#13488 = DEFINITIONAL_REPRESENTATION('',(#13489),#13493);
#13489 = LINE('',#13490,#13491);
#13490 = CARTESIAN_POINT('',(0.,2.3));
#13491 = VECTOR('',#13492,1.);
#13492 = DIRECTION('',(1.,0.));
#13493 = ( GEOMETRIC_REPRESENTATION_CONTEXT(2) 
PARAMETRIC_REPRESENTATION_CONTEXT() REPRESENTATION_CONTEXT('2D SPACE',''
  ) );
#13494 = ADVANCED_FACE('',(#13495),#12044,.F.);
#13495 = FACE_BOUND('',#13496,.F.);
#13496 = EDGE_LOOP('',(#13497,#13498,#13499,#13500,#13501));
#13497 = ORIENTED_EDGE('',*,*,#13473,.F.);
#13498 = ORIENTED_EDGE('',*,*,#12029,.F.);
#13499 = ORIENTED_EDGE('',*,*,#12110,.T.);
#13500 = ORIENTED_EDGE('',*,*,#12138,.T.);
#13501 = ORIENTED_EDGE('',*,*,#12189,.T.);
#13502 = ADVANCED_FACE('',(#13503),#12253,.F.);
#13503 = FACE_BOUND('',#13504,.F.);
#13504 = EDGE_LOOP('',(#13505,#13506,#13528,#13529,#13530));
#13505 = ORIENTED_EDGE('',*,*,#12236,.T.);
#13506 = ORIENTED_EDGE('',*,*,#13507,.F.);
#13507 = EDGE_CURVE('',#12445,#12239,#13508,.T.);
#13508 = SURFACE_CURVE('',#13509,(#13514,#13521),.PCURVE_S1.);
#13509 = CIRCLE('',#13510,2.2);
#13510 = AXIS2_PLACEMENT_3D('',#13511,#13512,#13513);
#13511 = CARTESIAN_POINT('',(17.05,-3.,6.5));
#13512 = DIRECTION('',(1.,0.,2.22044604925E-16));
#13513 = DIRECTION('',(2.22044604925E-16,0.,-1.));
#13514 = PCURVE('',#12253,#13515);
#13515 = DEFINITIONAL_REPRESENTATION('',(#13516),#13520);
#13516 = LINE('',#13517,#13518);
#13517 = CARTESIAN_POINT('',(0.,2.3));
#13518 = VECTOR('',#13519,1.);
#13519 = DIRECTION('',(1.,0.));
#13520 = ( GEOMETRIC_REPRESENTATION_CONTEXT(2) 
PARAMETRIC_REPRESENTATION_CONTEXT() REPRESENTATION_CONTEXT('2D SPACE',''
  ) );
#13521 = PCURVE('',#12301,#13522);
#13522 = DEFINITIONAL_REPRESENTATION('',(#13523),#13527);
#13523 = CIRCLE('',#13524,2.2);
#13524 = AXIS2_PLACEMENT_2D('',#13525,#13526);
#13525 = CARTESIAN_POINT('',(8.881784197001E-16,0.));
#13526 = DIRECTION('',(1.,0.));
#13527 = ( GEOMETRIC_REPRESENTATION_CONTEXT(2) 
PARAMETRIC_REPRESENTATION_CONTEXT() REPRESENTATION_CONTEXT('2D SPACE',''
  ) );
#13528 = ORIENTED_EDGE('',*,*,#12467,.F.);
#13529 = ORIENTED_EDGE('',*,*,#12371,.T.);
#13530 = ORIENTED_EDGE('',*,*,#12317,.T.);
#13531 = ADVANCED_FACE('',(#13532),#12301,.T.);
#13532 = FACE_BOUND('',#13533,.T.);
#13533 = EDGE_LOOP('',(#13534,#13535,#13536,#13537));
#13534 = ORIENTED_EDGE('',*,*,#13050,.T.);
#13535 = ORIENTED_EDGE('',*,*,#12287,.T.);
#13536 = ORIENTED_EDGE('',*,*,#13507,.F.);
#13537 = ORIENTED_EDGE('',*,*,#12444,.F.);
#13538 = ADVANCED_FACE('',(#13539),#12605,.T.);
#13539 = FACE_BOUND('',#13540,.T.);
#13540 = EDGE_LOOP('',(#13541,#13542,#13543,#13544));
#13541 = ORIENTED_EDGE('',*,*,#12591,.T.);
#13542 = ORIENTED_EDGE('',*,*,#13027,.T.);
#13543 = ORIENTED_EDGE('',*,*,#12746,.F.);
#13544 = ORIENTED_EDGE('',*,*,#13545,.F.);
#13545 = EDGE_CURVE('',#12566,#12726,#13546,.T.);
#13546 = SURFACE_CURVE('',#13547,(#13552,#13559),.PCURVE_S1.);
#13547 = CIRCLE('',#13548,2.2);
#13548 = AXIS2_PLACEMENT_3D('',#13549,#13550,#13551);
#13549 = CARTESIAN_POINT('',(17.05,-3.,6.5));
#13550 = DIRECTION('',(1.,0.,2.22044604925E-16));
#13551 = DIRECTION('',(2.22044604925E-16,0.,-1.));
#13552 = PCURVE('',#12605,#13553);
#13553 = DEFINITIONAL_REPRESENTATION('',(#13554),#13558);
#13554 = CIRCLE('',#13555,2.2);
#13555 = AXIS2_PLACEMENT_2D('',#13556,#13557);
#13556 = CARTESIAN_POINT('',(8.881784197001E-16,0.));
#13557 = DIRECTION('',(1.,0.));
#13558 = ( GEOMETRIC_REPRESENTATION_CONTEXT(2) 
PARAMETRIC_REPRESENTATION_CONTEXT() REPRESENTATION_CONTEXT('2D SPACE',''
  ) );
#13559 = PCURVE('',#12580,#13560);
#13560 = DEFINITIONAL_REPRESENTATION('',(#13561),#13565);
#13561 = LINE('',#13562,#13563);
#13562 = CARTESIAN_POINT('',(0.,2.3));
#13563 = VECTOR('',#13564,1.);
#13564 = DIRECTION('',(1.,0.));
#13565 = ( GEOMETRIC_REPRESENTATION_CONTEXT(2) 
PARAMETRIC_REPRESENTATION_CONTEXT() REPRESENTATION_CONTEXT('2D SPACE',''
  ) );
#13566 = ADVANCED_FACE('',(#13567),#12580,.F.);
#13567 = FACE_BOUND('',#13568,.F.);
#13568 = EDGE_LOOP('',(#13569,#13570,#13571,#13572,#13573));
#13569 = ORIENTED_EDGE('',*,*,#13545,.F.);
#13570 = ORIENTED_EDGE('',*,*,#12565,.F.);
#13571 = ORIENTED_EDGE('',*,*,#12646,.T.);
#13572 = ORIENTED_EDGE('',*,*,#12674,.T.);
#13573 = ORIENTED_EDGE('',*,*,#12725,.T.);
#13574 = ADVANCED_FACE('',(#13575),#12838,.F.);
#13575 = FACE_BOUND('',#13576,.F.);
#13576 = EDGE_LOOP('',(#13577,#13578,#13600,#13601,#13602));
#13577 = ORIENTED_EDGE('',*,*,#12955,.T.);
#13578 = ORIENTED_EDGE('',*,*,#13579,.F.);
#13579 = EDGE_CURVE('',#12798,#12956,#13580,.T.);
#13580 = SURFACE_CURVE('',#13581,(#13586,#13593),.PCURVE_S1.);
#13581 = CIRCLE('',#13582,2.2);
#13582 = AXIS2_PLACEMENT_3D('',#13583,#13584,#13585);
#13583 = CARTESIAN_POINT('',(17.05,-14.,6.5));
#13584 = DIRECTION('',(1.,0.,2.22044604925E-16));
#13585 = DIRECTION('',(2.22044604925E-16,0.,-1.));
#13586 = PCURVE('',#12838,#13587);
#13587 = DEFINITIONAL_REPRESENTATION('',(#13588),#13592);
#13588 = LINE('',#13589,#13590);
#13589 = CARTESIAN_POINT('',(0.,2.3));
#13590 = VECTOR('',#13591,1.);
#13591 = DIRECTION('',(1.,0.));
#13592 = ( GEOMETRIC_REPRESENTATION_CONTEXT(2) 
PARAMETRIC_REPRESENTATION_CONTEXT() REPRESENTATION_CONTEXT('2D SPACE',''
  ) );
#13593 = PCURVE('',#12813,#13594);
#13594 = DEFINITIONAL_REPRESENTATION('',(#13595),#13599);
#13595 = CIRCLE('',#13596,2.2);
#13596 = AXIS2_PLACEMENT_2D('',#13597,#13598);
#13597 = CARTESIAN_POINT('',(8.881784197001E-16,0.));
#13598 = DIRECTION('',(1.,0.));
#13599 = ( GEOMETRIC_REPRESENTATION_CONTEXT(2) 
PARAMETRIC_REPRESENTATION_CONTEXT() REPRESENTATION_CONTEXT('2D SPACE',''
  ) );
#13600 = ORIENTED_EDGE('',*,*,#12825,.F.);
#13601 = ORIENTED_EDGE('',*,*,#12876,.T.);
#13602 = ORIENTED_EDGE('',*,*,#12925,.T.);
#13603 = ADVANCED_FACE('',(#13604),#12813,.T.);
#13604 = FACE_BOUND('',#13605,.T.);
#13605 = EDGE_LOOP('',(#13606,#13607,#13608,#13609));
#13606 = ORIENTED_EDGE('',*,*,#13123,.T.);
#13607 = ORIENTED_EDGE('',*,*,#12979,.T.);
#13608 = ORIENTED_EDGE('',*,*,#13579,.F.);
#13609 = ORIENTED_EDGE('',*,*,#12797,.F.);
#13610 = ( GEOMETRIC_REPRESENTATION_CONTEXT(3) 
GLOBAL_UNCERTAINTY_ASSIGNED_CONTEXT((#13614)) 
GLOBAL_UNIT_ASSIGNED_CONTEXT((#13611,#13612,#13613)) 
REPRESENTATION_CONTEXT('Context #1',
  '3D Context with UNIT and UNCERTAINTY') );
#13611 = ( LENGTH_UNIT() NAMED_UNIT(*) SI_UNIT(.MILLI.,.METRE.) );
#13612 = ( NAMED_UNIT(*) PLANE_ANGLE_UNIT() SI_UNIT($,.RADIAN.) );
#13613 = ( NAMED_UNIT(*) SI_UNIT($,.STERADIAN.) SOLID_ANGLE_UNIT() );
#13614 = UNCERTAINTY_MEASURE_WITH_UNIT(LENGTH_MEASURE(1.E-07),#13611,
  'distance_accuracy_value','confusion accuracy');
#13615 = PRODUCT_RELATED_PRODUCT_CATEGORY('part',$,(#7));
ENDSEC;
END-ISO-10303-21;
